   Compiling z42 v0.6.0 (/Users/d.s.qiu/Documents/codesigner-ui/z42-callarity/src/runtime)
warning: unused import: `array_access::*`
  --> src/metadata/types.rs:32:9
   |
32 | pub use array_access::*;
   |         ^^^^^^^^^^^^^^^
   |
   = note: `#[warn(unused_imports)]` (part of `#[warn(unused)]`) on by default

warning: unused import: `FinalizerFn`
 --> src/gc/arc_heap/collect.rs:6:24
  |
6 | use crate::gc::types::{FinalizerFn};
  |                        ^^^^^^^^^^^

warning: unused import: `FinalizerFn`
 --> src/gc/arc_heap/generational.rs:7:24
  |
7 | use crate::gc::types::{FinalizerFn};
  |                        ^^^^^^^^^^^

warning: unused import: `AtomicU32`
  --> src/gc/arc_heap/promotion_policy.rs:51:37
   |
51 | use std::sync::atomic::{AtomicBool, AtomicU32, AtomicU64, Ordering};
   |                                     ^^^^^^^^^

warning: unused imports: `AtomicBool`, `AtomicPtr`, `AtomicU32`, and `AtomicU8`
  --> src/gc/region.rs:38:25
   |
38 | use std::sync::atomic::{AtomicBool, AtomicPtr, AtomicU32, AtomicU8, Ordering};
   |                         ^^^^^^^^^^  ^^^^^^^^^  ^^^^^^^^^  ^^^^^^^^

warning: unused import: `parking_lot::Mutex`
  --> src/gc/region.rs:40:5
   |
40 | use parking_lot::Mutex;
   |     ^^^^^^^^^^^^^^^^^^

warning: unused import: `super::types::FinalizerFn`
  --> src/gc/region.rs:42:5
   |
42 | use super::types::FinalizerFn;
   |     ^^^^^^^^^^^^^^^^^^^^^^^^^

warning: unused import: `class_for_with_limit`
  --> src/gc/var_region.rs:80:35
   |
80 | pub(crate) use chunk::{class_for, class_for_with_limit, OVERSIZED_CLASS};
   |                                   ^^^^^^^^^^^^^^^^^^^^

warning: unused import: `isa_td`
 --> src/interp/exec_object.rs:9:23
  |
9 | use super::dispatch::{isa_td, make_fallback_type_desc};
  |                       ^^^^^^

warning: unused import: `super::exec_vcall::is_array_isa`
  --> src/interp/exec_object.rs:10:5
   |
10 | use super::exec_vcall::is_array_isa;
   |     ^^^^^^^^^^^^^^^^^^^^^^^^^^^^^^^

warning: unused import: `std::sync::Arc`
   --> src/host/host_tests.rs:675:5
    |
675 | use std::sync::Arc;
    |     ^^^^^^^^^^^^^^

warning: glob import doesn't reexport anything with visibility `pub(crate)` because no imported item is public enough
  --> src/config.rs:56:16
   |
56 | pub(crate) use parse::*;
   |                ^^^^^^^^
   |
note: the most public imported item is `pub(self)`
  --> src/config.rs:56:16
   |
56 | pub(crate) use parse::*;
   |                ^^^^^^^^
   = help: reduce the glob import's visibility or increase visibility of imported items

warning: unused import: `MagrGC`
   --> src/corelib/array_tests.rs:184:29
    |
184 |     use crate::gc::{GcMode, MagrGC};
    |                             ^^^^^^

warning: unused import: `crate::gc::heap::MagrGC`
 --> src/gc/arc_heap/generational.rs:4:5
  |
4 | use crate::gc::heap::MagrGC;
  |     ^^^^^^^^^^^^^^^^^^^^^^^

warning: unused variable: `m`
   --> src/metadata/loader/loader_tests.rs:332:9
    |
332 |     for m in [&mut mod_a, &mut mod_b, &mut mod_c] {
    |         ^ help: if this is intentional, prefix it with an underscore: `_m`
    |
    = note: `#[warn(unused_variables)]` (part of `#[warn(unused)]`) on by default

warning: value assigned to `freed_bytes` is never read
   --> src/gc/arc_heap/control.rs:324:22
    |
324 |                 let (mut freed_bytes, mut did_major) = (0u64, false);
    |                      ^^^^^^^^^^^^^^^ this value is reassigned later and never used
...
330 |                     freed_bytes = minor.freed_bytes;
    |                     ------------------------------- `freed_bytes` is overwritten here before the previous value is read
    |
    = note: `#[warn(unused_assignments)]` (part of `#[warn(unused)]`) on by default

warning: variable does not need to be mutable
   --> src/gc/region_tests.rs:840:9
    |
840 |     let mut next = |rng: &mut u64| {
    |         ----^^^^
    |         |
    |         help: remove this `mut`
    |
    = note: `#[warn(unused_mut)]` (part of `#[warn(unused)]`) on by default

warning: unnecessary `unsafe` block
   --> src/gc/var_region_tests.rs:692:21
    |
692 |         handed.push(unsafe { h.header_ptr() }.as_ptr() as usize);
    |                     ^^^^^^ unnecessary `unsafe` block
    |
    = note: `#[warn(unused_unsafe)]` (part of `#[warn(unused)]`) on by default

warning: unnecessary `unsafe` block
   --> src/gc/var_region_tests.rs:997:18
    |
997 |         .map(|h| unsafe { h.header_ptr() }.as_ptr() as usize)
    |                  ^^^^^^ unnecessary `unsafe` block

warning: unnecessary `unsafe` block
    --> src/gc/var_region_tests.rs:1004:18
     |
1004 |         .map(|_| unsafe { r.alloc(1024, BlockType::Str).header_ptr() }.as_ptr() as usize)
     |                  ^^^^^^ unnecessary `unsafe` block

warning: value assigned to `cur` is never read
  --> src/vm_context/symres.rs:34:53
   |
34 |     let mut cur: Option<std::sync::Arc<TypeDesc>> = None;
   |                                                     ^^^^ this value is reassigned later and never used
...
46 |             Some(b) => { cur = Some(b); probe = cur.as_deref().unwrap(); }
   |                          --- `cur` is overwritten here before the previous value is read

warning: function `aggregate_zpkg_tidx_zero_len_skips_without_panic` is never used
   --> src/metadata/loader/loader_tests.rs:578:4
    |
578 | fn aggregate_zpkg_tidx_zero_len_skips_without_panic() {
    |    ^^^^^^^^^^^^^^^^^^^^^^^^^^^^^^^^^^^^^^^^^^^^^^^^
    |
    = note: `#[warn(dead_code)]` (part of `#[warn(unused)]`) on by default

warning: field `promoted_bytes` is never read
  --> src/gc/arc_heap/generational.rs:18:16
   |
14 | pub(crate) struct MinorSweepResult {
   |                   ---------------- field in this struct
...
18 |     pub(crate) promoted_bytes: u64,
   |                ^^^^^^^^^^^^^^
   |
   = note: `MinorSweepResult` has derived impls for the traits `Clone` and `Debug`, but these are intentionally ignored during dead code analysis

warning: method `filled` is never used
   --> src/gc/region.rs:146:19
    |
100 | impl<T> ChunkClaim<T> {
    | --------------------- method in this implementation
...
146 |     pub(crate) fn filled(&self) -> u16 {
    |                   ^^^^^^

warning: function `stats_enabled` is never used
   --> src/interp/stack_alloc.rs:218:8
    |
218 | pub fn stats_enabled() -> bool {
    |        ^^^^^^^^^^^^^

warning: struct `StdoutCapture` is never constructed
   --> src/host/host_tests.rs:289:8
    |
289 | struct StdoutCapture {
    |        ^^^^^^^^^^^^^

warning: function `host_stdout_sink_callback` is never used
   --> src/host/host_tests.rs:293:22
    |
293 | unsafe extern "C" fn host_stdout_sink_callback(
    |                      ^^^^^^^^^^^^^^^^^^^^^^^^^

warning: function `libs_dir_cstring` is never used
   --> src/host/host_tests.rs:324:4
    |
324 | fn libs_dir_cstring() -> &'static CString {
    |    ^^^^^^^^^^^^^^^^

warning: function `host_simple_capture_sink` is never used
   --> src/host/host_tests.rs:476:22
    |
476 | unsafe extern "C" fn host_simple_capture_sink(
    |                      ^^^^^^^^^^^^^^^^^^^^^^^^

warning: struct `TestMapResolver` is never constructed
   --> src/host/host_tests.rs:682:8
    |
682 | struct TestMapResolver {
    |        ^^^^^^^^^^^^^^^

warning: struct `AlwaysMissResolver` is never constructed
   --> src/host/host_tests.rs:694:8
    |
694 | struct AlwaysMissResolver {
    |        ^^^^^^^^^^^^^^^^^^

warning: static `C_HOOK_ZPKGS` is never used
   --> src/host/host_tests.rs:847:8
    |
847 | static C_HOOK_ZPKGS: OnceLock<HashMap<String, Vec<u8>>> = OnceLock::new();
    |        ^^^^^^^^^^^^

warning: function `c_hook_zpkgs` is never used
   --> src/host/host_tests.rs:849:4
    |
849 | fn c_hook_zpkgs() -> &'static HashMap<String, Vec<u8>> {
    |    ^^^^^^^^^^^^

warning: function `c_hook_resolver_fn` is never used
   --> src/host/host_tests.rs:862:22
    |
862 | unsafe extern "C" fn c_hook_resolver_fn(
    |                      ^^^^^^^^^^^^^^^^^^

warning: method `get_cloned` is never used
  --> src/vm_context/resource_registry.rs:74:19
   |
70 | impl<T: Clone> ResourceRegistry<T> {
   | ---------------------------------- method in this implementation
...
74 |     pub(crate) fn get_cloned(&self, id: u64) -> Option<T> {
   |                   ^^^^^^^^^^

warning: calls to `std::mem::drop` with a value that implements `Copy` does nothing
   --> src/gc/arc_heap_tests/concurrent_mark.rs:220:5
    |
220 |     drop(a); drop(b);
    |     ^^^^^-^
    |          |
    |          argument has type `metadata::types::value::Value`
    |
    = note: `#[warn(dropping_copy_types)]` on by default
help: use `let _ = ...` to ignore the expression or result
    |
220 -     drop(a); drop(b);
220 +     let _ = a; drop(b);
    |

warning: calls to `std::mem::drop` with a value that implements `Copy` does nothing
   --> src/gc/arc_heap_tests/concurrent_mark.rs:220:14
    |
220 |     drop(a); drop(b);
    |              ^^^^^-^
    |                   |
    |                   argument has type `metadata::types::value::Value`
    |
help: use `let _ = ...` to ignore the expression or result
    |
220 -     drop(a); drop(b);
220 +     drop(a); let _ = b;
    |

warning: calls to `std::mem::drop` with a value that implements `Copy` does nothing
   --> src/gc/arc_heap_tests/concurrent_mark.rs:262:5
    |
262 |     drop(a); drop(b);
    |     ^^^^^-^
    |          |
    |          argument has type `metadata::types::value::Value`
    |
help: use `let _ = ...` to ignore the expression or result
    |
262 -     drop(a); drop(b);
262 +     let _ = a; drop(b);
    |

warning: calls to `std::mem::drop` with a value that implements `Copy` does nothing
   --> src/gc/arc_heap_tests/concurrent_mark.rs:262:14
    |
262 |     drop(a); drop(b);
    |              ^^^^^-^
    |                   |
    |                   argument has type `metadata::types::value::Value`
    |
help: use `let _ = ...` to ignore the expression or result
    |
262 -     drop(a); drop(b);
262 +     drop(a); let _ = b;
    |

warning: calls to `std::mem::drop` with a value that implements `Copy` does nothing
   --> src/gc/arc_heap_tests/concurrent_mark.rs:290:5
    |
290 |     drop(leaf); drop(mid); drop(root);
    |     ^^^^^----^
    |          |
    |          argument has type `metadata::types::value::Value`
    |
help: use `let _ = ...` to ignore the expression or result
    |
290 -     drop(leaf); drop(mid); drop(root);
290 +     let _ = leaf; drop(mid); drop(root);
    |

warning: calls to `std::mem::drop` with a value that implements `Copy` does nothing
   --> src/gc/arc_heap_tests/concurrent_mark.rs:290:17
    |
290 |     drop(leaf); drop(mid); drop(root);
    |                 ^^^^^---^
    |                      |
    |                      argument has type `metadata::types::value::Value`
    |
help: use `let _ = ...` to ignore the expression or result
    |
290 -     drop(leaf); drop(mid); drop(root);
290 +     drop(leaf); let _ = mid; drop(root);
    |

warning: calls to `std::mem::drop` with a value that implements `Copy` does nothing
   --> src/gc/arc_heap_tests/concurrent_mark.rs:290:28
    |
290 |     drop(leaf); drop(mid); drop(root);
    |                            ^^^^^----^
    |                                 |
    |                                 argument has type `metadata::types::value::Value`
    |
help: use `let _ = ...` to ignore the expression or result
    |
290 -     drop(leaf); drop(mid); drop(root);
290 +     drop(leaf); drop(mid); let _ = root;
    |

warning: calls to `std::mem::drop` with a value that implements `Copy` does nothing
   --> src/gc/arc_heap_tests/concurrent_mark.rs:315:5
    |
315 |     drop(a); drop(b);
    |     ^^^^^-^
    |          |
    |          argument has type `metadata::types::value::Value`
    |
help: use `let _ = ...` to ignore the expression or result
    |
315 -     drop(a); drop(b);
315 +     let _ = a; drop(b);
    |

warning: calls to `std::mem::drop` with a value that implements `Copy` does nothing
   --> src/gc/arc_heap_tests/concurrent_mark.rs:315:14
    |
315 |     drop(a); drop(b);
    |              ^^^^^-^
    |                   |
    |                   argument has type `metadata::types::value::Value`
    |
help: use `let _ = ...` to ignore the expression or result
    |
315 -     drop(a); drop(b);
315 +     drop(a); let _ = b;
    |

warning: calls to `std::mem::drop` with a value that implements `Copy` does nothing
   --> src/gc/arc_heap_tests/concurrent_mark.rs:383:5
    |
383 |     drop(new_child);
    |     ^^^^^---------^
    |          |
    |          argument has type `metadata::types::value::Value`
    |
help: use `let _ = ...` to ignore the expression or result
    |
383 -     drop(new_child);
383 +     let _ = new_child;
    |

warning: calls to `std::mem::drop` with a value that implements `Copy` does nothing
  --> src/gc/arc_heap_tests/cycle_collection.rs:22:5
   |
22 |     drop(a);
   |     ^^^^^-^
   |          |
   |          argument has type `metadata::types::value::Value`
   |
help: use `let _ = ...` to ignore the expression or result
   |
22 -     drop(a);
22 +     let _ = a;
   |

warning: calls to `std::mem::drop` with a value that implements `Copy` does nothing
  --> src/gc/arc_heap_tests/cycle_collection.rs:23:5
   |
23 |     drop(b);
   |     ^^^^^-^
   |          |
   |          argument has type `metadata::types::value::Value`
   |
help: use `let _ = ...` to ignore the expression or result
   |
23 -     drop(b);
23 +     let _ = b;
   |

warning: calls to `std::mem::drop` with a value that implements `Copy` does nothing
  --> src/gc/arc_heap_tests/cycle_collection.rs:39:5
   |
39 |     drop(a);
   |     ^^^^^-^
   |          |
   |          argument has type `metadata::types::value::Value`
   |
help: use `let _ = ...` to ignore the expression or result
   |
39 -     drop(a);
39 +     let _ = a;
   |

warning: calls to `std::mem::drop` with a value that implements `Copy` does nothing
  --> src/gc/arc_heap_tests/cycle_collection.rs:68:5
   |
68 |     drop(a);
   |     ^^^^^-^
   |          |
   |          argument has type `metadata::types::value::Value`
   |
help: use `let _ = ...` to ignore the expression or result
   |
68 -     drop(a);
68 +     let _ = a;
   |

warning: calls to `std::mem::drop` with a value that implements `Copy` does nothing
  --> src/gc/arc_heap_tests/cycle_collection.rs:69:5
   |
69 |     drop(b);
   |     ^^^^^-^
   |          |
   |          argument has type `metadata::types::value::Value`
   |
help: use `let _ = ...` to ignore the expression or result
   |
69 -     drop(b);
69 +     let _ = b;
   |

warning: calls to `std::mem::drop` with a value that implements `Copy` does nothing
   --> src/gc/arc_heap_tests/cycle_collection.rs:144:5
    |
144 |     drop(a); drop(b); drop(c); drop(d);
    |     ^^^^^-^
    |          |
    |          argument has type `metadata::types::value::Value`
    |
help: use `let _ = ...` to ignore the expression or result
    |
144 -     drop(a); drop(b); drop(c); drop(d);
144 +     let _ = a; drop(b); drop(c); drop(d);
    |

warning: calls to `std::mem::drop` with a value that implements `Copy` does nothing
   --> src/gc/arc_heap_tests/cycle_collection.rs:144:14
    |
144 |     drop(a); drop(b); drop(c); drop(d);
    |              ^^^^^-^
    |                   |
    |                   argument has type `metadata::types::value::Value`
    |
help: use `let _ = ...` to ignore the expression or result
    |
144 -     drop(a); drop(b); drop(c); drop(d);
144 +     drop(a); let _ = b; drop(c); drop(d);
    |

warning: calls to `std::mem::drop` with a value that implements `Copy` does nothing
   --> src/gc/arc_heap_tests/cycle_collection.rs:144:23
    |
144 |     drop(a); drop(b); drop(c); drop(d);
    |                       ^^^^^-^
    |                            |
    |                            argument has type `metadata::types::value::Value`
    |
help: use `let _ = ...` to ignore the expression or result
    |
144 -     drop(a); drop(b); drop(c); drop(d);
144 +     drop(a); drop(b); let _ = c; drop(d);
    |

warning: calls to `std::mem::drop` with a value that implements `Copy` does nothing
   --> src/gc/arc_heap_tests/cycle_collection.rs:144:32
    |
144 |     drop(a); drop(b); drop(c); drop(d);
    |                                ^^^^^-^
    |                                     |
    |                                     argument has type `metadata::types::value::Value`
    |
help: use `let _ = ...` to ignore the expression or result
    |
144 -     drop(a); drop(b); drop(c); drop(d);
144 +     drop(a); drop(b); drop(c); let _ = d;
    |

warning: calls to `std::mem::drop` with a value that implements `Copy` does nothing
   --> src/gc/arc_heap_tests/cycle_collection.rs:163:5
    |
163 |     drop(a);
    |     ^^^^^-^
    |          |
    |          argument has type `metadata::types::value::Value`
    |
help: use `let _ = ...` to ignore the expression or result
    |
163 -     drop(a);
163 +     let _ = a;
    |

warning: calls to `std::mem::drop` with a value that implements `Copy` does nothing
   --> src/gc/arc_heap_tests/cycle_collection.rs:164:5
    |
164 |     drop(b);
    |     ^^^^^-^
    |          |
    |          argument has type `metadata::types::value::Value`
    |
help: use `let _ = ...` to ignore the expression or result
    |
164 -     drop(b);
164 +     let _ = b;
    |

warning: calls to `std::mem::drop` with a value that implements `Copy` does nothing
  --> src/gc/arc_heap_tests/finalization.rs:77:5
   |
77 |     drop(v2);
   |     ^^^^^--^
   |          |
   |          argument has type `metadata::types::value::Value`
   |
help: use `let _ = ...` to ignore the expression or result
   |
77 -     drop(v2);
77 +     let _ = v2;
   |

warning: calls to `std::mem::drop` with a value that implements `Copy` does nothing
   --> src/gc/arc_heap_tests/finalization.rs:103:5
    |
103 |     drop(a);
    |     ^^^^^-^
    |          |
    |          argument has type `metadata::types::value::Value`
    |
help: use `let _ = ...` to ignore the expression or result
    |
103 -     drop(a);
103 +     let _ = a;
    |

warning: calls to `std::mem::drop` with a value that implements `Copy` does nothing
   --> src/gc/arc_heap_tests/finalization.rs:104:5
    |
104 |     drop(b);
    |     ^^^^^-^
    |          |
    |          argument has type `metadata::types::value::Value`
    |
help: use `let _ = ...` to ignore the expression or result
    |
104 -     drop(b);
104 +     let _ = b;
    |

warning: calls to `std::mem::drop` with a value that implements `Copy` does nothing
   --> src/gc/arc_heap_tests/finalization.rs:262:5
    |
262 |     drop(a);
    |     ^^^^^-^
    |          |
    |          argument has type `metadata::types::value::Value`
    |
help: use `let _ = ...` to ignore the expression or result
    |
262 -     drop(a);
262 +     let _ = a;
    |

warning: calls to `std::mem::drop` with a value that implements `Copy` does nothing
   --> src/gc/arc_heap_tests/generational.rs:416:5
    |
416 |     drop(child);
    |     ^^^^^-----^
    |          |
    |          argument has type `metadata::types::value::Value`
    |
help: use `let _ = ...` to ignore the expression or result
    |
416 -     drop(child);
416 +     let _ = child;
    |

warning: calls to `std::mem::drop` with a value that implements `Copy` does nothing
   --> src/gc/arc_heap_tests/generational.rs:417:5
    |
417 |     drop(child2);
    |     ^^^^^------^
    |          |
    |          argument has type `metadata::types::value::Value`
    |
help: use `let _ = ...` to ignore the expression or result
    |
417 -     drop(child2);
417 +     let _ = child2;
    |

warning: calls to `std::mem::drop` with a value that implements `Copy` does nothing
   --> src/gc/arc_heap_tests/generational.rs:568:5
    |
568 |     drop(target);
    |     ^^^^^------^
    |          |
    |          argument has type `metadata::types::value::Value`
    |
help: use `let _ = ...` to ignore the expression or result
    |
568 -     drop(target);
568 +     let _ = target;
    |

warning: calls to `std::mem::drop` with a value that implements `Copy` does nothing
   --> src/gc/arc_heap_tests/generational.rs:801:5
    |
801 |     drop(a);
    |     ^^^^^-^
    |          |
    |          argument has type `metadata::types::value::Value`
    |
help: use `let _ = ...` to ignore the expression or result
    |
801 -     drop(a);
801 +     let _ = a;
    |

warning: calls to `std::mem::drop` with a value that implements `Copy` does nothing
   --> src/gc/arc_heap_tests/generational.rs:802:5
    |
802 |     drop(b);
    |     ^^^^^-^
    |          |
    |          argument has type `metadata::types::value::Value`
    |
help: use `let _ = ...` to ignore the expression or result
    |
802 -     drop(b);
802 +     let _ = b;
    |

warning: calls to `std::mem::drop` with a value that implements `Copy` does nothing
   --> src/gc/arc_heap_tests/generational.rs:898:5
    |
898 |     drop(env);
    |     ^^^^^---^
    |          |
    |          argument has type `metadata::types::value::Value`
    |
help: use `let _ = ...` to ignore the expression or result
    |
898 -     drop(env);
898 +     let _ = env;
    |

warning: calls to `std::mem::drop` with a value that implements `Copy` does nothing
    --> src/gc/arc_heap_tests/generational.rs:1004:5
     |
1004 |     drop(child); // owner.refs[0] is now the child's only reference
     |     ^^^^^-----^
     |          |
     |          argument has type `metadata::types::value::Value`
     |
help: use `let _ = ...` to ignore the expression or result
     |
1004 -     drop(child); // owner.refs[0] is now the child's only reference
1004 +     let _ = child; // owner.refs[0] is now the child's only reference
     |

warning: calls to `std::mem::drop` with a value that implements `Copy` does nothing
    --> src/gc/arc_heap_tests/generational.rs:1143:5
     |
1143 |     drop(child); // owner.refs[0] is the child's only reference
     |     ^^^^^-----^
     |          |
     |          argument has type `metadata::types::value::Value`
     |
help: use `let _ = ...` to ignore the expression or result
     |
1143 -     drop(child); // owner.refs[0] is the child's only reference
1143 +     let _ = child; // owner.refs[0] is the child's only reference
     |

warning: calls to `std::mem::drop` with a value that implements `Copy` does nothing
    --> src/gc/arc_heap_tests/generational.rs:1191:5
     |
1191 |     drop(elem);
     |     ^^^^^----^
     |          |
     |          argument has type `metadata::types::value::Value`
     |
help: use `let _ = ...` to ignore the expression or result
     |
1191 -     drop(elem);
1191 +     let _ = elem;
     |

warning: calls to `std::mem::drop` with a value that implements `Copy` does nothing
    --> src/gc/arc_heap_tests/generational.rs:1239:5
     |
1239 |     drop(child);
     |     ^^^^^-----^
     |          |
     |          argument has type `metadata::types::value::Value`
     |
help: use `let _ = ...` to ignore the expression or result
     |
1239 -     drop(child);
1239 +     let _ = child;
     |

warning: calls to `std::mem::drop` with a value that implements `Copy` does nothing
  --> src/gc/arc_heap_tests/mark_phase.rs:48:5
   |
48 |     drop((a, b, c, d));
   |     ^^^^^------------^
   |          |
   |          argument has type `(Value, Value, Value, Value)`
   |
   = note: the full name for the type has been written to '/Users/d.s.qiu/Documents/codesigner-ui/z42-callarity/artifacts/build/runtime/debug/deps/z42-77901a36707318fa.long-type-12130605229392104149.txt'
   = note: consider using `--verbose` to print the full type name to the console
help: use `let _ = ...` to ignore the expression or result
   |
48 -     drop((a, b, c, d));
48 +     let _ = (a, b, c, d);
   |

warning: calls to `std::mem::drop` with a value that implements `Copy` does nothing
   --> src/gc/arc_heap_tests/mark_phase.rs:162:5
    |
162 |     drop(a);
    |     ^^^^^-^
    |          |
    |          argument has type `metadata::types::value::Value`
    |
help: use `let _ = ...` to ignore the expression or result
    |
162 -     drop(a);
162 +     let _ = a;
    |

warning: calls to `std::mem::drop` with a value that implements `Copy` does nothing
   --> src/gc/arc_heap_tests/mark_phase.rs:163:5
    |
163 |     drop(b);
    |     ^^^^^-^
    |          |
    |          argument has type `metadata::types::value::Value`
    |
help: use `let _ = ...` to ignore the expression or result
    |
163 -     drop(b);
163 +     let _ = b;
    |

warning: calls to `std::mem::drop` with a value that implements `Copy` does nothing
   --> src/gc/arc_heap_tests/mark_phase.rs:181:5
    |
181 |     drop(a);
    |     ^^^^^-^
    |          |
    |          argument has type `metadata::types::value::Value`
    |
help: use `let _ = ...` to ignore the expression or result
    |
181 -     drop(a);
181 +     let _ = a;
    |

warning: calls to `std::mem::drop` with a value that implements `Copy` does nothing
   --> src/gc/arc_heap_tests/mark_phase.rs:200:5
    |
200 |     drop(leaf);
    |     ^^^^^----^
    |          |
    |          argument has type `metadata::types::value::Value`
    |
help: use `let _ = ...` to ignore the expression or result
    |
200 -     drop(leaf);
200 +     let _ = leaf;
    |

warning: calls to `std::mem::drop` with a value that implements `Copy` does nothing
   --> src/gc/arc_heap_tests/mark_phase.rs:201:5
    |
201 |     drop(mid);
    |     ^^^^^---^
    |          |
    |          argument has type `metadata::types::value::Value`
    |
help: use `let _ = ...` to ignore the expression or result
    |
201 -     drop(mid);
201 +     let _ = mid;
    |

warning: calls to `std::mem::drop` with a value that implements `Copy` does nothing
   --> src/gc/arc_heap_tests/mark_phase.rs:202:5
    |
202 |     drop(root);
    |     ^^^^^----^
    |          |
    |          argument has type `metadata::types::value::Value`
    |
help: use `let _ = ...` to ignore the expression or result
    |
202 -     drop(root);
202 +     let _ = root;
    |

warning: calls to `std::mem::drop` with a value that implements `Copy` does nothing
   --> src/gc/arc_heap_tests/mark_phase.rs:228:5
    |
228 |     drop(a);
    |     ^^^^^-^
    |          |
    |          argument has type `metadata::types::value::Value`
    |
help: use `let _ = ...` to ignore the expression or result
    |
228 -     drop(a);
228 +     let _ = a;
    |

warning: calls to `std::mem::drop` with a value that implements `Copy` does nothing
   --> src/gc/arc_heap_tests/mark_phase.rs:229:5
    |
229 |     drop(b);
    |     ^^^^^-^
    |          |
    |          argument has type `metadata::types::value::Value`
    |
help: use `let _ = ...` to ignore the expression or result
    |
229 -     drop(b);
229 +     let _ = b;
    |

warning: calls to `std::mem::drop` with a value that implements `Copy` does nothing
   --> src/gc/arc_heap_tests/mark_phase.rs:230:5
    |
230 |     drop(c);
    |     ^^^^^-^
    |          |
    |          argument has type `metadata::types::value::Value`
    |
help: use `let _ = ...` to ignore the expression or result
    |
230 -     drop(c);
230 +     let _ = c;
    |

warning: calls to `std::mem::drop` with a value that implements `Copy` does nothing
   --> src/gc/arc_heap_tests/mark_phase.rs:252:5
    |
252 |     drop(b);
    |     ^^^^^-^
    |          |
    |          argument has type `metadata::types::value::Value`
    |
help: use `let _ = ...` to ignore the expression or result
    |
252 -     drop(b);
252 +     let _ = b;
    |

warning: calls to `std::mem::drop` with a value that implements `Copy` does nothing
   --> src/gc/arc_heap_tests/mark_phase.rs:259:5
    |
259 |     drop(a);
    |     ^^^^^-^
    |          |
    |          argument has type `metadata::types::value::Value`
    |
help: use `let _ = ...` to ignore the expression or result
    |
259 -     drop(a);
259 +     let _ = a;
    |

warning: calls to `std::mem::drop` with a value that implements `Copy` does nothing
  --> src/gc/arc_heap_tests/mode_selection.rs:45:5
   |
45 |     drop(a); drop(b);
   |     ^^^^^-^
   |          |
   |          argument has type `metadata::types::value::Value`
   |
help: use `let _ = ...` to ignore the expression or result
   |
45 -     drop(a); drop(b);
45 +     let _ = a; drop(b);
   |

warning: calls to `std::mem::drop` with a value that implements `Copy` does nothing
  --> src/gc/arc_heap_tests/mode_selection.rs:45:14
   |
45 |     drop(a); drop(b);
   |              ^^^^^-^
   |                   |
   |                   argument has type `metadata::types::value::Value`
   |
help: use `let _ = ...` to ignore the expression or result
   |
45 -     drop(a); drop(b);
45 +     drop(a); let _ = b;
   |

warning: calls to `std::mem::drop` with a value that implements `Copy` does nothing
  --> src/gc/arc_heap_tests/roots.rs:98:5
   |
98 |     drop(outer);
   |     ^^^^^-----^
   |          |
   |          argument has type `metadata::types::value::Value`
   |
help: use `let _ = ...` to ignore the expression or result
   |
98 -     drop(outer);
98 +     let _ = outer;
   |

warning: calls to `std::mem::drop` with a value that implements `Copy` does nothing
  --> src/gc/arc_heap_tests/roots.rs:99:5
   |
99 |     drop(inner);
   |     ^^^^^-----^
   |          |
   |          argument has type `metadata::types::value::Value`
   |
help: use `let _ = ...` to ignore the expression or result
   |
99 -     drop(inner);
99 +     let _ = inner;
   |

warning: calls to `std::mem::drop` with a value that implements `Copy` does nothing
   --> src/gc/arc_heap_tests/roots.rs:161:5
    |
161 |     drop(a);
    |     ^^^^^-^
    |          |
    |          argument has type `metadata::types::value::Value`
    |
help: use `let _ = ...` to ignore the expression or result
    |
161 -     drop(a);
161 +     let _ = a;
    |

warning: calls to `std::mem::drop` with a value that implements `Copy` does nothing
   --> src/gc/arc_heap_tests/roots.rs:162:5
    |
162 |     drop(b);
    |     ^^^^^-^
    |          |
    |          argument has type `metadata::types::value::Value`
    |
help: use `let _ = ...` to ignore the expression or result
    |
162 -     drop(b);
162 +     let _ = b;
    |

warning: calls to `std::mem::drop` with a value that implements `Copy` does nothing
   --> src/gc/arc_heap_tests/roots.rs:203:5
    |
203 |     drop(a); drop(b);
    |     ^^^^^-^
    |          |
    |          argument has type `metadata::types::value::Value`
    |
help: use `let _ = ...` to ignore the expression or result
    |
203 -     drop(a); drop(b);
203 +     let _ = a; drop(b);
    |

warning: calls to `std::mem::drop` with a value that implements `Copy` does nothing
   --> src/gc/arc_heap_tests/roots.rs:203:14
    |
203 |     drop(a); drop(b);
    |              ^^^^^-^
    |                   |
    |                   argument has type `metadata::types::value::Value`
    |
help: use `let _ = ...` to ignore the expression or result
    |
203 -     drop(a); drop(b);
203 +     drop(a); let _ = b;
    |

warning: calls to `std::mem::drop` with a value that implements `Copy` does nothing
   --> src/gc/arc_heap_tests/roots.rs:232:5
    |
232 |     drop(obj); // the handle is now the only thing referring to it
    |     ^^^^^---^
    |          |
    |          argument has type `metadata::types::value::Value`
    |
help: use `let _ = ...` to ignore the expression or result
    |
232 -     drop(obj); // the handle is now the only thing referring to it
232 +     let _ = obj; // the handle is now the only thing referring to it
    |

warning: calls to `std::mem::drop` with a value that implements `Copy` does nothing
   --> src/gc/arc_heap_tests/roots.rs:251:5
    |
251 |     drop(obj);
    |     ^^^^^---^
    |          |
    |          argument has type `metadata::types::value::Value`
    |
help: use `let _ = ...` to ignore the expression or result
    |
251 -     drop(obj);
251 +     let _ = obj;
    |

warning: calls to `std::mem::drop` with a value that implements `Copy` does nothing
   --> src/gc/arc_heap_tests/roots.rs:276:5
    |
276 |     drop(obj); // young, unrooted except for the handle — exactly what a minor sweeps
    |     ^^^^^---^
    |          |
    |          argument has type `metadata::types::value::Value`
    |
help: use `let _ = ...` to ignore the expression or result
    |
276 -     drop(obj); // young, unrooted except for the handle — exactly what a minor sweeps
276 +     let _ = obj; // young, unrooted except for the handle — exactly what a minor sweeps
    |

warning: calls to `std::mem::drop` with a value that implements `Copy` does nothing
   --> src/gc/arc_heap_tests/write_barriers.rs:160:9
    |
160 |         drop(a); drop(b);
    |         ^^^^^-^
    |              |
    |              argument has type `metadata::types::value::Value`
    |
help: use `let _ = ...` to ignore the expression or result
    |
160 -         drop(a); drop(b);
160 +         let _ = a; drop(b);
    |

warning: calls to `std::mem::drop` with a value that implements `Copy` does nothing
   --> src/gc/arc_heap_tests/write_barriers.rs:160:18
    |
160 |         drop(a); drop(b);
    |                  ^^^^^-^
    |                       |
    |                       argument has type `metadata::types::value::Value`
    |
help: use `let _ = ...` to ignore the expression or result
    |
160 -         drop(a); drop(b);
160 +         drop(a); let _ = b;
    |

warning: calls to `std::mem::drop` with a value that implements `Copy` does nothing
   --> src/gc/arc_heap_tests/write_barriers.rs:178:5
    |
178 |     drop(a); drop(b);
    |     ^^^^^-^
    |          |
    |          argument has type `metadata::types::value::Value`
    |
help: use `let _ = ...` to ignore the expression or result
    |
178 -     drop(a); drop(b);
178 +     let _ = a; drop(b);
    |

warning: calls to `std::mem::drop` with a value that implements `Copy` does nothing
   --> src/gc/arc_heap_tests/write_barriers.rs:178:14
    |
178 |     drop(a); drop(b);
    |              ^^^^^-^
    |                   |
    |                   argument has type `metadata::types::value::Value`
    |
help: use `let _ = ...` to ignore the expression or result
    |
178 -     drop(a); drop(b);
178 +     drop(a); let _ = b;
    |

warning: `z42` (lib test) generated 97 warnings (run `cargo fix --lib -p z42 --tests` to apply 13 suggestions)
warning: unused import: `namespace_prefix`
   --> src/metadata/lazy_loader.rs:386:26
    |
386 | pub(crate) use resolve::{namespace_prefix, InitState};
    |                          ^^^^^^^^^^^^^^^^

warning: unused import: `parking_lot::Mutex`
 --> src/gc/arc_heap/debug.rs:4:5
  |
4 | use parking_lot::Mutex;
  |     ^^^^^^^^^^^^^^^^^^

warning: unused import: `ScriptObject`
 --> src/gc/arc_heap/debug.rs:5:23
  |
5 | use crate::metadata::{ScriptObject, Value};
  |                       ^^^^^^^^^^^^

warning: unused import: `ArrayObj`
 --> src/gc/arc_heap/debug.rs:6:30
  |
6 | use crate::metadata::types::{ArrayObj};
  |                              ^^^^^^^^

warning: unused import: `GcRef`
 --> src/gc/arc_heap/debug.rs:7:23
  |
7 | use crate::gc::refs::{GcRef};
  |                       ^^^^^

warning: field `promoted_bytes` is never read
  --> src/gc/arc_heap/generational.rs:18:16
   |
14 | pub(crate) struct MinorSweepResult {
   |                   ---------------- field in this struct
...
18 |     pub(crate) promoted_bytes: u64,
   |                ^^^^^^^^^^^^^^
   |
   = note: `MinorSweepResult` has derived impls for the traits `Clone` and `Debug`, but these are intentionally ignored during dead code analysis
   = note: `#[warn(dead_code)]` (part of `#[warn(unused)]`) on by default

warning: method `age_for_this_minor` is never used
  --> src/gc/arc_heap/promotion_policy.rs:82:19
   |
80 | impl PromotionPolicy {
   | -------------------- method in this implementation
81 |     /// The age this minor should sweep at, given the configured one.
82 |     pub(super) fn age_for_this_minor(&self, configured: u8) -> u8 {
   |                   ^^^^^^^^^^^^^^^^^^

warning: method `compact_free_lists` is never used
   --> src/gc/var_region.rs:442:8
    |
282 | impl VarRegion {
    | -------------- method in this implementation
...
442 |     fn compact_free_lists(&mut self) {
    |        ^^^^^^^^^^^^^^^^^^

warning: methods `is_done` and `registered_count` are never used
   --> src/vm_context/cctor.rs:158:12
    |
 84 | impl CctorRegistry {
    | ------------------ methods in this implementation
...
158 |     pub fn is_done(&self, class_fq: &str) -> bool {
    |            ^^^^^^^
...
164 |     pub fn registered_count(&self) -> usize {
    |            ^^^^^^^^^^^^^^^^

warning: `z42` (lib) generated 26 warnings (17 duplicates) (run `cargo fix --lib -p z42` to apply 5 suggestions)
warning: unused import: `FieldGetInsn`
  --> tests/native_opcode_trap.rs:11:43
   |
11 |     BasicBlock, CallNativeInsn, ExecMode, FieldGetInsn, Function, Instruction, Module, Terminator, Value,
   |                                           ^^^^^^^^^^^^
   |
   = note: `#[warn(unused_imports)]` (part of `#[warn(unused)]`) on by default

warning: unused import: `CallNativeInsn`
  --> tests/native_pin_e2e.rs:10:17
   |
10 |     BasicBlock, CallNativeInsn, ExecMode, FieldGetInsn, Function, Instruction, Module, Terminator, Value,
   |                 ^^^^^^^^^^^^^^
   |
   = note: `#[warn(unused_imports)]` (part of `#[warn(unused)]`) on by default

warning: calls to `std::mem::drop` with a value that implements `Copy` does nothing
  --> tests/cross_thread_smoke.rs:74:9
   |
74 |         drop(val);
   |         ^^^^^---^
   |              |
   |              argument has type `Value`
   |
   = note: `#[warn(dropping_copy_types)]` on by default
help: use `let _ = ...` to ignore the expression or result
   |
74 -         drop(val);
74 +         let _ = val;
   |

warning: `z42` (test "native_pin_e2e") generated 1 warning (run `cargo fix --test "native_pin_e2e" -p z42` to apply 1 suggestion)
warning: `z42` (test "native_opcode_trap") generated 1 warning (run `cargo fix --test "native_opcode_trap" -p z42` to apply 1 suggestion)
warning: `z42` (test "cross_thread_smoke") generated 1 warning
    Finished `test` profile [unoptimized + debuginfo] target(s) in 8.92s
     Running unittests src/lib.rs (/Users/d.s.qiu/Documents/codesigner-ui/z42-callarity/artifacts/build/runtime/debug/deps/z42-77901a36707318fa)

running 1299 tests
test config::tests::aliases_are_unique_and_dont_shadow_keys ... ok
test config::tests::availability_checks_layer_before_build_and_feature ... ok
test config::tests::availability_accepts_a_plain_knob_from_every_layer ... ok
test config::tests::adopted_knobs_are_settable_from_every_layer ... ok
test config::tests::availability_rejects_layer_outside_sources_mask ... ok
test config::tests::availability_rejects_excluded_platform ... ok
test config::tests::availability_rejects_debug_only_knob_in_release ... ok
test config::tests::feature_enabled_rejects_unknown_names ... ok
test config::tests::enum_value_kinds_list_every_parser_arm ... ok
test config::tests::build_ctx_current_reports_a_normalized_os ... ok
test config::tests::availability_rejects_missing_feature ... ok
test config::tests::env_only_is_now_reserved_for_scaffolding_and_meta_knobs ... ok
test config::tests::app_properties_are_not_knobs ... ok
test config::tests::feature_table_covers_cargo_features ... ok
test app_tests::missing_prelude_yields_no_candidates ... ok
test app_tests::libs_still_used_when_entry_dir_has_no_prelude ... ok
test app_tests::entry_dir_prelude_comes_before_libs ... ok
test app_tests::every_candidate_is_offered_not_just_the_first ... ok
test config::tests::from_getter_default_values_match_documented_defaults ... ok
test config::tests::from_getter_all_unset ... ok
test config::tests::a_derived_sidecar_lands_in_the_app_config_layer_and_loses_to_the_user ... ok
test config::tests::from_getter_libs_set ... ok
test config::tests::from_getter_ignores_unrelated_env_vars ... ok
test config::tests::from_getter_empty_string_is_unset ... ok
test config::tests::from_getter_crash_dir_set ... ok
test config::tests::bool_knob_honours_falsey_spellings ... ok
test config::tests::a_value_overridden_by_a_higher_layer_is_never_diagnosed ... ok
test config::tests::from_getter_gc_mode_recognised_aliases ... ok
test config::tests::dedicated_flag_and_set_for_the_same_knob_is_an_error ... ok
test config::tests::cli_empty_value_clears_and_falls_through ... ok
test config::tests::from_getter_gc_auto_collect_ratios_parse_and_clamp ... ok
test config::tests::from_getter_gc_pause_window_clamps_and_validates ... ok
test config::tests::from_getter_gc_soft_threshold_clamps_to_unit_range ... ok
test config::tests::bool_knobs_are_type_checked_one_layer_above_parse_bool_knob ... ok
test config::tests::from_getter_gc_minor_threshold_validates_range ... ok
test config::tests::adopted_knobs_resolve_through_the_full_chain ... ok
test config::tests::from_getter_log_filter_passes_through ... ok
test config::tests::from_getter_native_path_splits_on_platform_separator ... ok
test config::tests::from_getter_path_skips_empty_segments ... ok
test config::tests::from_env_reads_the_app_sidecar_layer ... ok
test config::tests::from_getter_path_splits_on_platform_separator ... ok
test config::tests::from_getter_still_has_no_file_layer ... ok
test config::tests::from_env_reads_the_user_config_layer ... ok
test config::tests::from_getter_whitespace_only_is_unset ... ok
test config::tests::from_getter_safepoint_throttle_validates_positive_u32 ... ok
test config::tests::both_file_layers_load_from_their_own_env_var ... ok
test config::tests::from_env_downgrades_a_broken_config_file_instead_of_dying ... ok
test config::tests::gc_max_bytes_accepts_plain_counts_and_binary_suffixes ... ok
test config::tests::full_five_layer_priority_chain ... ok
test config::tests::gc_max_bytes_is_a_string_knob_because_it_takes_unit_suffixes ... ok
test config::tests::gc_loh_bytes_parses_the_same_suffixes_as_gc_max_bytes ... ok
test config::tests::gc_max_bytes_rejects_garbage_as_unlimited_rather_than_guessing ... ok
test config::tests::gc_minor_threshold_hint_not_stale ... ok
test config::tests::from_env_layers_user_over_app_and_env_over_both ... ok
test config::tests::gc_nursery_bytes_is_unset_by_default ... ok
test config::tests::jit_profile_from_env ... ok
test config::tests::json_config_path_gets_a_migration_hint_not_silence ... ok
test config::tests::gc_nursery_bytes_parses_the_same_suffixes_as_gc_max_bytes ... ok
test config::tests::gc_promotion_age_parses_a_small_integer ... ok
test config::tests::knob_lookup_by_key_and_env_name ... ok
test config::tests::from_getter_gc_mode_unknown_falls_back_to_the_default ... ok
test config::tests::invalid_typed_value_is_rejected_with_a_diagnostic ... ok
test config::tests::known_knobs_match_struct_fields_for_startup_knobs ... ok
test config::tests::layer_mask_labels_follow_priority_order ... ok
test config::tests::list_knobs_hides_non_public_tiers_by_default ... ok
test config::tests::jit_profile_now_honours_a_real_boolean ... ok
test config::tests::known_knobs_alphabetical_and_unique ... ok
test config::tests::load_runtime_toml_missing_file_is_none_not_panic ... ok
test config::tests::list_knobs_text_shows_the_schema_a_user_needs ... ok
test config::tests::load_runtime_toml_unset_is_none ... ok
test config::tests::load_runtime_toml_malformed_errors_explicitly ... ok
test config::tests::meta_knobs_are_internal_and_never_file_settable ... ok
test config::tests::load_runtime_toml_no_runtime_section_is_none ... ok
test config::tests::mode_env_wins_over_runtime_table ... ok
test config::tests::mode_from_env_raw_string ... ok
test config::tests::mode_from_runtime_table_when_env_unset ... ok
test config::tests::load_runtime_toml_reads_runtime_section ... ok
test config::tests::mode_registered_with_toml_key ... ok
test config::tests::mode_unset_is_none ... ok
test config::tests::new_gc_knobs_are_registered_in_known_knobs ... ok
test config::tests::new_knobs_registered_with_toml_keys ... ok
test config::tests::non_meta_knobs_have_a_toml_key ... ok
test config::tests::no_typed_fusion_keeps_the_knobs_own_polarity ... ok
test config::tests::one_diagnostic_per_knob_even_when_several_layers_set_it ... ok
test config::tests::parse_bool_is_closed_not_truthy ... ok
test config::tests::list_knobs_marks_knobs_this_build_cannot_use ... ok
test config::tests::out_of_range_numbers_are_not_rejected_here ... ok
test config::tests::platform_only_form_is_an_allowlist ... ok
test config::tests::rejection_message_for_platform_lists_supported_set ... ok
test config::tests::provenance_records_the_winning_layer ... ok
test config::tests::rejection_message_for_wrong_layer_lists_accepted_layers ... ok
test config::tests::rejection_message_names_the_missing_feature_and_this_builds_features ... ok
test config::tests::repl_native_is_a_path_override ... ok
test config::tests::requires_only_reference_known_features ... ok
test config::tests::resolve_all_unset_uses_defaults ... ok
test config::tests::missing_config_file_is_not_fatal_but_bad_toml_is ... ok
test config::tests::resolve_empty_env_falls_to_table ... ok
test config::tests::resolve_env_wins_over_table ... ok
test config::tests::properties_are_read_alongside_runtime_but_kept_separate ... ok
test config::tests::resolve_none_equals_from_getter_nonbreaking ... ok
test config::tests::resolve_table_wins_over_default ... ok
test config::tests::sampling_knobs_default_off ... ok
test config::tests::sample_hz_zero_or_garbage_disables ... ok
test config::tests::sampling_knobs_parse ... ok
test config::tests::set_empty_value_is_kept_as_an_explicit_clear ... ok
test config::tests::set_last_occurrence_wins ... ok
test config::tests::properties_must_be_a_table ... ok
test config::tests::set_parses_key_value_pairs ... ok
test config::tests::set_rejects_a_missing_equals_sign ... ok
test config::tests::set_splits_on_the_first_equals_only ... ok
test config::tests::property_keys_never_trigger_the_unknown_knob_diagnostic ... ok
test config::tests::show_config_default_view_still_surfaces_ignored_values ... ok
test config::tests::severity_is_fatal_for_cli_and_a_warning_for_everything_else ... ok
test config::tests::show_config_explains_why_a_value_did_not_take_effect ... ok
test config::tests::strict_mode_error_explains_how_to_turn_it_off ... ok
test config::tests::stackalloc_typos_are_reported_instead_of_silently_meaning_on ... ok
test config::tests::the_four_switch_knobs_are_real_booleans_now ... ok
test config::tests::switch_knobs_honour_falsey_values_end_to_end ... ok
test config::tests::thresholds_keep_their_previous_semantics ... ok
test config::tests::set_rejects_unknown_keys_with_a_suggestion ... ok
test config::tests::list_knobs_json_is_valid_and_stable ... ok
test config::tests::set_rejects_the_env_var_spelling ... ok
test config::tests::unknown_table_keys_are_reported ... ok
test config::tests::unset_config_vars_mean_no_file_layer ... ok
test config::tests::user_config_and_app_config_merge_per_key ... ok
test config::tests::unavailable_value_is_recorded_and_diagnosed_then_lower_layer_wins ... ok
test config::tests::value_kind_flag_has_no_users_left ... ok
test config::tests::z42_mode_has_no_knob_level_feature_gate ... ok
test config::tests::show_config_json_is_valid ... ok
test config::tests::suggestions_do_not_fire_for_unrelated_input ... ok
test config::tests::sidecar_is_derived_by_replacing_the_apps_extension ... ok
test corelib::assemblyloadcontext::assemblyloadcontext_tests::create_collectible_is_collectible_and_distinct ... ok
test corelib::assemblyloadcontext::assemblyloadcontext_tests::load_into_root_yields_non_collectible_assembly ... ok
test corelib::assemblyloadcontext::assemblyloadcontext_tests::root_context_and_assembly_are_not_collectible ... ok
test corelib::assemblyloadcontext::assemblyloadcontext_tests::unknown_ids_degrade_safely ... ok
test corelib::assemblyloadcontext::assemblyloadcontext_tests::multiple_collectible_contexts_are_independent ... ok
test corelib::assemblyloadcontext::assemblyloadcontext_tests::load_into_collectible_registers_sorted_reflectable_assembly ... ok
test config::tests::no_knob_is_read_inline_from_the_environment_any_more ... ok
test config::tests::every_z42_env_literal_in_the_vm_is_registered ... ok
test corelib::array::array_tests::copy_out_of_bounds_errors ... ok
test corelib::array::array_tests::copy_within_same_array_overlapping_backward ... ok
test corelib::bench::bench_tests::black_box_returns_arg_unchanged_int ... ok
test corelib::array::array_tests::copy_within_same_array_overlapping_forward ... ok
test corelib::array::array_tests::clone_rejects_non_array ... ok
test corelib::array::array_tests::clone_rejects_null ... ok
test corelib::bench::bench_tests::black_box_returns_arg_unchanged_string ... ok
test corelib::bench::bench_tests::black_box_no_arg_returns_null ... ok
test corelib::array::array_tests::clone_primitives_independent ... ok
test corelib::array::array_tests::write_barriers::a_primitive_only_copy_dirties_nothing ... ok
test corelib::array::array_tests::copy_rejects_non_arrays_and_negative_indices ... ok
test corelib::array::array_tests::clone_shares_reference_elements ... ok
test corelib::array::array_tests::copy_within_same_array_same_index_is_a_noop ... ok
test corelib::array::array_tests::write_barriers::array_copy_dirties_the_card ... ok
test corelib::array::array_tests::clone_empty_array ... ok
test corelib::bench::bench_tests::black_box_returns_arg_unchanged_bool ... ok
test corelib::array::array_tests::write_barriers::array_set_value_dirties_the_card ... ok
test corelib::array::array_tests::copy_zero_length_is_a_noop ... ok
test corelib::array::array_tests::copy_between_arrays_moves_range ... ok
test corelib::diagnostics::diagnostics_tests::diag_counters_appended_last_preserves_ids ... ok
test corelib::diagnostics::diagnostics_tests::diag_counters_is_registered ... ok
test corelib::crypto::crypto_tests::n_above_i32_max_bails ... ok
test corelib::crypto::crypto_tests::distribution_byte_zero_does_not_dominate ... ok
test corelib::crypto::crypto_tests::zero_length_returns_empty_array ... ok
test corelib::bench::bench_tests::now_ns_is_monotonic_non_decreasing ... ok
test corelib::fs::fs_tests::env_args_returns_set_program_args_in_order ... ok
test corelib::crypto::crypto_tests::negative_n_bails ... ok
test corelib::fs::fs_tests::env_args_empty_by_default ... ok
test corelib::crypto::crypto_tests::two_calls_produce_different_bytes ... ok
test corelib::bench::bench_tests::now_ns_advances_across_busy_loop ... ok
test corelib::fs::fs_tests::env_args_reflects_last_set ... ok
test corelib::crypto::crypto_tests::returns_requested_length ... ok
test corelib::convert::convert_tests::i16_parse_range ... ok
test corelib::convert::convert_tests::u64_parse_rejects_negative_and_overflow ... ok
test corelib::convert::convert_tests::parse_trims_whitespace ... ok
test corelib::convert::convert_tests::int_parse_rejects_out_of_range ... ok
test corelib::monitor::monitor_tests::contended_enter_serialises_two_threads ... ok
test corelib::monitor::monitor_tests::exit_by_non_owner_errors ... ok
test corelib::convert::convert_tests::int_parse_accepts_i32_range ... ok
test corelib::monitor::monitor_tests::new_returns_monitor_handle ... ok
test corelib::monitor::monitor_tests::enter_then_exit_round_trip ... ok
test corelib::monitor::monitor_tests::blocked_enter_is_parked_for_gc ... ok
test corelib::io::io_tests::take_on_empty_stack_returns_empty_string ... ok
test corelib::monitor::monitor_tests::non_handle_argument_errors ... ok
test corelib::monitor::monitor_tests::try_enter_fails_while_held_by_another_thread ... ok
test corelib::monitor::monitor_tests::try_enter_fails_while_held_by_this_thread ... ok
test corelib::monitor::monitor_tests::reentrant_enter_errors_instead_of_deadlocking ... ok
test corelib::convert::convert_tests::u32_parse_range ... ok
test corelib::convert::convert_tests::i8_parse_range ... ok
test corelib::convert::convert_tests::parse_rejects_non_numeric ... ok
test corelib::convert::convert_tests::u16_parse_range ... ok
test corelib::monitor::monitor_tests::wait_by_non_owner_errors ... ok
test corelib::monitor::monitor_tests::uncontended_enter_does_not_park ... ok
test corelib::convert::convert_tests::u64_parse_preserves_bits_above_i64_max ... ok
test corelib::network::network_tests::accept_on_unknown_listener_returns_handle_invalid ... ok
test corelib::network::network_tests::connect_success_builds_its_result_outside_the_park ... ok
test corelib::monitor::monitor_tests::waiting_thread_is_parked_for_gc ... ok
test corelib::network::network_tests::connect_to_unbound_port_returns_socket_err ... ok
test corelib::network::network_tests::connect_with_timeout_builds_both_results_outside_the_park ... ok
test corelib::monitor::monitor_tests::wait_releases_and_reacquires ... ok
test corelib::network::network_tests::drop_unknown_slot_is_silent_null ... ok
test corelib::network::network_tests::read_on_unknown_slot_returns_handle_invalid ... ok
test corelib::convert::convert_tests::u8_parse_range ... ok
test corelib::network::network_tests::loopback_listener_accepts_and_round_trips_bytes ... ok
test corelib::io::io_tests::stderr_only_capture_does_not_intercept_stdout ... ok
test corelib::network::network_tests::slot_id_monotonic_increasing ... ok
test corelib::network::network_tests::udp_drop_unknown_slot_is_silent_null ... ok
test corelib::network::network_tests::udp_loopback_send_recv_round_trip ... ok
test corelib::network::network_tests::udp_recv_on_unknown_slot_returns_handle_invalid ... ok
test corelib::network::network_tests::udp_send_on_unknown_slot_returns_handle_invalid ... ok
test corelib::io::io_tests::install_then_print_routes_without_newline ... ok
test corelib::network::network_tests::udp_slot_id_monotonic ... ok
test corelib::io::io_tests::install_then_println_routes_to_buffer_with_newline ... ok
test corelib::network::network_tests::write_on_unknown_slot_returns_handle_invalid ... ok
test corelib::platform::platform_tests::arch_kind_matches_current_arch ... ok
test corelib::monitor::monitor_tests::two_waiters_do_not_spin_against_each_other ... ok
test corelib::platform::platform_tests::exec_modes_always_has_interp_and_matches_features ... ok
test corelib::platform::platform_tests::caps_reports_jit_when_feature_enabled ... ok
test corelib::platform::platform_tests::caps_reports_threads_off_wasm ... ok
test corelib::platform::platform_tests::arch_returns_consts_value ... ok
test corelib::native_decl_tests::every_declared_native_has_a_builtin ... ok
test corelib::native_decl_tests::every_builtin_is_declared_or_allowlisted ... ok
test corelib::platform::platform_tests::os_name_and_kind_agree ... ok
test corelib::platform::platform_tests::os_kind_matches_current_os ... ok
test corelib::platform::platform_tests::family_returns_consts_value ... ok
test corelib::process::process_tests::kill_terminates_long_running_child ... ok
test corelib::platform::platform_tests::os_returns_consts_value ... ok
test corelib::process::process_tests::handle_invalid_after_drop ... ok
test corelib::process::process_tests::run_argv_array_passes_args_literally ... ok
test corelib::process::process_tests::run_echo_captures_stdout_and_exit_zero ... ok
test corelib::process::process_tests::run_absent_process_group_arg_defaults_to_own_group ... ok
test corelib::process::process_tests::run_invalid_utf8_in_stdout_becomes_replacement_char ... ok
test corelib::process::process_tests::run_nonexistent_program_returns_start_err ... ok
test corelib::process::process_tests::run_env_override_visible_to_child ... ok
test corelib::process::process_tests::run_stdout_null_drops_output ... ok
test corelib::process::process_tests::run_env_clear_strips_parent_env ... ok
test corelib::reflection::reflection_tests::field_attributes_accessor_reads_cold ... ok
test corelib::process::process_tests::run_share_process_group_keeps_child_in_caller_group ... ok
test corelib::process::process_tests::run_nonzero_exit_reaches_caller ... ok
test corelib::process::process_tests::run_own_process_group_puts_child_in_fresh_group ... ok
test corelib::reflection::reflection_tests::primitive_fqn_maps_both_vocabularies ... ok
test corelib::reflection::reflection_tests::static_fields_accessor_reads_cold ... ok
test corelib::process::process_tests::run_stdin_bytes_feeds_child ... ok
test corelib::process::process_tests::run_stdout_to_file ... ok
test corelib::process::process_tests::run_working_directory_takes_effect ... ok
test corelib::process::process_tests::slot_ids_are_monotonic_unique ... ok
test corelib::process::process_tests::run_timeout_does_not_fire_if_child_exits_quickly ... ok
test corelib::process::process_tests::spawn_then_wait_returns_ok_result ... ok
test corelib::process::process_tests::spawn_nonexistent_program_returns_start_err ... ok
test corelib::io::io_tests::take_pops_sink_so_next_println_falls_through ... ok
test corelib::process::process_tests::which_returns_null_for_empty_name ... ok
test corelib::process::process_tests::which_passthrough_returns_null_when_path_missing ... ok
test corelib::process::process_tests::which_passthrough_for_path_with_separator ... ok
test corelib::process::process_tests::which_returns_null_for_nonexistent_command ... ok
test corelib::reflection::reflection_tests::member_builtins_are_lenient_with_handle_but_no_core ... ok
test corelib::reflection::reflection_tests::member_builtins_return_empty_for_non_type_arg ... ok
test corelib::repl::repl_tests::complete_trampoline_null_ctx_returns_null ... ok
test corelib::reflection::reflection_tests::field_custom_attributes_lenient_for_bad_qualified ... ok
test corelib::process::process_tests::write_stdin_then_close_then_wait ... ok
test corelib::process::process_tests::pid_returns_positive_int ... ok
test corelib::repl_editing::repl_editing_tests::keyedit_trampoline_null_ctx_returns_null ... ok
test corelib::reflection::reflection_tests::type_fields_empty_for_non_type_arg_with_static ... ok
test corelib::repl_native::native::tests::free_str_frees_owned_and_ignores_null ... ok
test corelib::repl_native::native::tests::lib_filename_is_platform_shaped ... ok
test corelib::str_meta::str_meta_tests::ascii_char_len_and_char_at ... ok
test corelib::str_meta::str_meta_tests::cache_hit_same_arc_is_consistent ... ok
test corelib::str_meta::str_meta_tests::cross_heap_recycled_address_no_false_hit ... ok
test corelib::str_meta::str_meta_tests::distinct_strings_independent ... ok
test corelib::str_meta::str_meta_tests::empty_string ... ok
test corelib::str_meta::str_meta_tests::eviction_recomputes_correctly ... ok
test corelib::str_meta::str_meta_tests::non_ascii_char_len_and_char_at ... ok
test corelib::reflection::reflection_tests::type_base_null_for_non_type_arg ... ok
test corelib::reflection::reflection_tests::type_fields_empty_for_handle_with_no_fields ... ok
test corelib::struct_reflect::struct_reflect_tests::class_inline_layout_packs_only_struct_fields ... ok
test corelib::struct_reflect::struct_reflect_tests::class_inline_layout_two_struct_fields_pack_contiguously ... ok
test corelib::struct_reflect::struct_reflect_tests::class_with_no_struct_fields_has_empty_inline_layout ... ok
test corelib::struct_reflect::struct_reflect_tests::mixed_alignment_padding ... ok
test corelib::struct_reflect::struct_reflect_tests::nested_struct_flattens_ref_leaves ... ok
test corelib::struct_reflect::struct_reflect_tests::pure_primitive_struct_offsets ... ok
test corelib::struct_reflect::struct_reflect_tests::struct_with_string_ref_leaf_alignment ... ok
test corelib::struct_reflect::struct_reflect_tests::tag_from_name_signedness_guardrail ... ok
test corelib::struct_reflect::struct_reflect_tests::validate_rejects_wrong_ref_bitmap ... ok
test corelib::struct_reflect::struct_reflect_tests::validate_rejects_wrong_size ... ok
test corelib::reflection::reflection_tests::type_flags_decode_abstract_and_sealed ... ok
test corelib::process::process_tests::which_finds_in_custom_path ... ok
test corelib::reflection::reflection_tests::type_handle_none_for_primitive_plain_object_and_empty ... ok
test corelib::reflection::reflection_tests::type_handle_extracts_arc_for_typehandle_object ... ok
test corelib::reflection::reflection_tests::type_properties_empty_for_non_type_arg_and_no_accessors ... ok
test corelib::reflection::reflection_tests::type_flags_false_for_handle_less ... ok
test corelib::reflection::reflection_tests::type_flags_decode_struct_and_record ... ok
test corelib::reflection::reflection_tests::type_properties_ignores_non_accessor_methods ... ok
test corelib::io::io_tests::stderr_sink_independent_of_stdout ... ok
test corelib::repl::repl_tests::complete_trampoline_callback_error_swallowed_to_null ... ok
test corelib::reflection::reflection_tests::type_visibility_decode_top_level_and_nested ... ok
test corelib::reflection::reflection_tests::type_visibility_handle_less_is_public ... ok
test corelib::repl_editing::repl_editing_tests::keyedit_trampoline_null_key_or_line_returns_null ... ok
test corelib::repl::repl_tests::complete_trampoline_null_line_returns_null ... ok
test corelib::repl_editing::repl_editing_tests::keyedit_trampoline_callback_error_swallowed_to_null ... ok
test corelib::string::string_tests::to_chars_yields_scalars ... ok
test corelib::string::string_tests::to_chars_empty ... ok
test corelib::process::process_tests::which_skips_non_executable_files ... ok
test corelib::sync::sync_tests::channel_bounded_multi_send_recv_fifo_order ... ok
test corelib::sync::sync_tests::channel_bounded_close_then_recv_returns_discriminator_2 ... ok
test corelib::io::io_tests::nested_capture_stdout_inner_sees_only_inner ... ok
test corelib::sync::sync_tests::channel_bounded_send_recv_round_trip ... ok
test corelib::process::process_tests::run_timeout_fires_for_long_running_child ... ok
test corelib::sync::sync_tests::channel_close_then_recv_returns_discriminator_2 ... ok
test corelib::sync::sync_tests::channel_multi_send_recv_fifo_order ... ok
test corelib::sync::sync_tests::channel_new_bounded_missing_arg_errors ... ok
test corelib::sync::sync_tests::channel_new_bounded_negative_capacity_errors ... ok
test corelib::sync::sync_tests::channel_close_drains_remaining_then_disconnects ... ok
test corelib::repl::repl_tests::complete_trampoline_no_completer_registered_returns_null ... ok
test corelib::sync::sync_tests::channel_bounded_send_to_closed_errors ... ok
test corelib::sync::sync_tests::channel_recv_unknown_slot_errors ... ok
test corelib::sync::sync_tests::channel_new_bounded_returns_slot_id ... ok
test corelib::sync::sync_tests::channel_new_returns_monotonic_slot_ids ... ok
test corelib::sync::sync_tests::channel_send_missing_value_errors ... ok
test corelib::repl_editing::repl_editing_tests::keyedit_trampoline_no_editor_registered_returns_null ... ok
test corelib::sync::sync_tests::channel_send_to_closed_errors ... ok
test corelib::sync::sync_tests::channel_send_then_recv_round_trip ... ok
test corelib::sync::sync_tests::channel_new_bounded_wrong_type_errors ... ok
test corelib::sync::sync_tests::channel_try_recv_ok_returns_value ... ok
test corelib::sync::sync_tests::channel_try_send_bounded_full_returns_1 ... ok
test corelib::sync::sync_tests::channel_try_recv_after_close_drained_returns_discriminator_2 ... ok
test corelib::sync::sync_tests::channel_try_send_closed_returns_2 ... ok
test corelib::sync::sync_tests::channel_try_recv_empty_returns_discriminator_1 ... ok
test corelib::sync::sync_tests::mutex_new_returns_monotonic_slot_ids ... ok
test corelib::sync::sync_tests::mutex_new_missing_arg_errors ... ok
test corelib::sync::sync_tests::mutex_acquire_returns_initial_value ... ok
test corelib::sync::sync_tests::mutex_slot_id_wrong_type_errors ... ok
test corelib::sync::sync_tests::mutex_lock_unknown_slot_errors ... ok
test corelib::sync::sync_tests::channel_try_send_unbounded_succeeds ... ok
test corelib::sync::sync_tests::mutex_store_then_acquire_observes_new_value ... ok
test corelib::sync::sync_tests::mutex_store_without_acquire_errors ... ok
test corelib::tests::builtin_table_join_preserves_order_and_has_no_holes ... ok
test corelib::sync::sync_tests::rwlock_new_missing_arg_errors ... ok
test corelib::sync::sync_tests::mutex_unlock_without_acquire_errors ... ok
test corelib::sync::sync_tests::rwlock_release_mismatched_kind_errors ... ok
test corelib::sync::sync_tests::rwlock_new_returns_monotonic_slot_ids ... ok
test corelib::sync::sync_tests::rwlock_read_acquire_returns_initial_value_and_releases ... ok
test corelib::sync::sync_tests::rwlock_try_read_same_thread_reentrancy_rejected ... ok
test corelib::sync::sync_tests::rwlock_read_release_when_held_write_errors ... ok
test corelib::sync::sync_tests::rwlock_try_write_during_outstanding_read_returns_contended ... ok
test corelib::sync::sync_tests::rwlock_try_read_uncontended_succeeds ... ok
test corelib::sync::sync_tests::rwlock_try_read_unknown_slot_errors ... ok
test corelib::sync::sync_tests::rwlock_write_store_under_read_acquire_errors ... ok
test corelib::sync::sync_tests::rwlock_unknown_slot_errors ... ok
test corelib::sync::sync_tests::rwlock_try_write_uncontended_succeeds ... ok
test corelib::system::system_tests::cpu_count_at_least_one ... ok
test corelib::sync::sync_tests::rwlock_write_store_then_read_observes_new_value ... ok
test corelib::sync::sync_tests::rwlock_write_store_without_write_acquire_errors ... ok
test corelib::system::system_tests::cwd_non_empty_in_test_harness ... ok
test corelib::system::system_tests::os_version_returns_string ... ok
test corelib::system::system_tests::set_cwd_then_cwd_reflects ... ok
test corelib::system::system_tests::pid_is_positive ... ok
test corelib::system::system_tests::exe_path_either_path_or_empty ... ok
test corelib::system::system_tests::hostname_non_empty_on_unix ... ok
test corelib::tests::char_at_returns_nth_scalar ... ok
test corelib::tests::char_at_unicode_scalar_index ... ok
test corelib::tests::char_is_whitespace_ascii ... ok
test corelib::tests::char_at_out_of_range_errors ... ok
test corelib::tests::delegate_eq_both_null_equal ... ok
test corelib::tests::delegate_eq_closure_vs_stackclosure_not_equal ... ok
test corelib::tests::delegate_eq_diff_closure_env_not_equal ... ok
test corelib::tests::delegate_eq_diff_stackclosure_idx_not_equal ... ok
test corelib::tests::delegate_eq_funcref_vs_closure_not_equal ... ok
test corelib::tests::delegate_eq_diff_funcref_not_equal ... ok
test corelib::tests::delegate_eq_null_vs_funcref_not_equal ... ok
test corelib::tests::delegate_eq_non_delegate_values_returns_false ... ok
test corelib::tests::delegate_eq_same_closure_equal_via_ptr_eq ... ok
test corelib::tests::delegate_eq_same_stackclosure_equal ... ok
test corelib::tests::delegate_fn_name_returns_null_for_non_delegate ... ok
test corelib::tests::delegate_eq_same_funcref_equal ... ok
test corelib::tests::delegate_fn_name_returns_string ... ok
test corelib::tests::delegate_target_extracts_object_from_closure_env ... ok
test corelib::tests::delegate_fn_name_works_for_funcref_and_stack_closure ... ok
test corelib::tests::delegate_target_returns_null_for_empty_env ... ok
test corelib::tests::delegate_target_returns_null_for_non_object_env_first ... ok
test corelib::tests::delegate_target_returns_null_for_funcref ... ok
test corelib::tests::from_chars_builds_string ... ok
test corelib::tests::from_chars_empty_array ... ok
test corelib::tests::delegate_target_returns_null_for_stack_closure ... ok
test corelib::tests::len_missing_arg_errors ... ok
test corelib::tests::make_closure_returns_null_for_invalid_args ... ok
test corelib::tests::make_weak_object_returns_handle_object ... ok
test corelib::tests::len_of_empty_string ... ok
test corelib::tests::len_of_string_is_utf8_bytes ... ok
test corelib::tests::make_weak_primitive_returns_null ... ok
test corelib::tests::make_closure_constructs_value_closure ... ok
test corelib::tests::make_weak_then_upgrade_array ... ok
test corelib::tests::obj_get_type_namespaced_class_splits_name ... ok
test corelib::tests::obj_get_type_null_errors ... ok
test corelib::tests::obj_get_type_simple_name_no_namespace ... ok
test corelib::tests::obj_get_type_returns_type_object ... ok
test corelib::tests::obj_get_type_primitive_returns_type ... ok
test corelib::tests::obj_hash_code_non_object_errors ... ok
test corelib::tests::obj_ref_eq_both_null_is_true ... ok
test corelib::tls::tls_tests::real_https_handshake_and_get_round_trip ... ignored, requires outbound network on :443
test corelib::tests::obj_hash_code_returns_i32 ... ok
test corelib::tests::obj_hash_code_null_is_zero ... ok
test counters::counters_tests::concurrent_increments_are_lossless ... ok
test counters::counters_tests::display_lists_all_fields ... ok
test counters::counters_tests::fetch_add_observable_via_snapshot ... ok
test counters::counters_tests::new_starts_all_zero ... ok
test counters::counters_tests::profile_snapshot_default_all_zero ... ok
test counters::counters_tests::profile_snapshot_display_lists_counter_and_heap_fields ... ok
test counters::counters_tests::profile_snapshot_json_is_superset_of_counters_json ... ok
test counters::counters_tests::snapshot_is_copy_independent_of_source ... ok
test counters::counters_tests::to_json_is_single_line_with_all_fields ... ok
test exception::tests::format_drops_column_when_zero ... ok
test exception::tests::format_emits_offset_when_line_stripped ... ok
test exception::tests::format_handles_no_position_info ... ok
test exception::tests::format_omits_file_when_empty ... ok
test exception::tests::format_omits_line_when_zero ... ok
test exception::tests::format_orders_caller_to_throw_last ... ok
test exception::tests::format_prefers_line_over_offset ... ok
test corelib::tests::obj_ref_eq_different_allocs_is_false ... ok
test corelib::tests::obj_ref_eq_one_null_is_false ... ok
test exception::tests::snapshot_freezes_line_and_column ... ok
test gc::arc_heap::arc_heap_tests::allocation::alloc_array_empty_returns_empty_vec ... ok
test gc::arc_heap::arc_heap_tests::allocation::alloc_array_returns_value_array_with_given_elems ... ok
test gc::arc_heap::arc_heap_tests::allocation::alloc_object_returns_value_object_with_given_fields ... ok
test gc::arc_heap::arc_heap_tests::allocation::two_alloc_object_calls_return_distinct_rcs ... ok
test gc::arc_heap::arc_heap_tests::collection::auto_collect_throttled_by_growth_delta ... ok
test gc::arc_heap::arc_heap_tests::collection::auto_collect_triggers_when_over_threshold ... ok
test gc::arc_heap::arc_heap_tests::collection::collect_cycles_increments_gc_cycles ... ok
test gc::arc_heap::arc_heap_tests::collection::force_collect_returns_full_kind ... ok
test gc::arc_heap::arc_heap_tests::collection::nested_pause_requires_matching_resume ... ok
test gc::arc_heap::arc_heap_tests::collection::pause_skips_force_collect ... ok
test gc::arc_heap::arc_heap_tests::collection::resume_after_pause_re_enables_collect ... ok
test gc::arc_heap::arc_heap_tests::collection::stats_collect_does_not_change_counters ... ok
test gc::arc_heap::arc_heap_tests::concurrent_mark::allocate_black_covers_var_region_blocks ... ok
test gc::arc_heap::arc_heap_tests::concurrent_mark::allocate_black_keeps_an_object_that_becomes_a_root_after_the_snapshot ... ok
test gc::arc_heap::arc_heap_tests::concurrent_mark::barrier_array_shades_new_value_in_concurrent_mode ... ok
test gc::arc_heap::arc_heap_tests::concurrent_mark::barrier_field_no_op_in_stw_mode ... ok
test gc::arc_heap::arc_heap_tests::concurrent_mark::barrier_field_shades_new_value_in_concurrent_mode ... ok
test gc::arc_heap::arc_heap_tests::concurrent_mark::barrier_idempotent_on_already_marked_in_concurrent_mode ... ok
test gc::arc_heap::arc_heap_tests::concurrent_mark::barrier_mode_switch_takes_effect_immediately_on_next_write ... ok
test corelib::tests::obj_hash_code_same_object_is_consistent ... ok
test corelib::tests::println_via_dispatch_table ... ok
test gc::arc_heap::arc_heap_tests::concurrent_mark::concurrent_collect_inline_frees_unreachable_cycle ... ok
test gc::arc_heap::arc_heap_tests::concurrent_mark::concurrent_collect_inline_preserves_pinned_chain ... ok
test gc::arc_heap::arc_heap_tests::concurrent_mark::concurrent_collect_inline_resets_marks_on_survivors ... ok
test gc::arc_heap::arc_heap_tests::concurrent_mark::concurrent_collect_inline_traces_via_array_elements ... ok
test gc::arc_heap::arc_heap_tests::concurrent_mark::concurrent_collect_inline_with_simulated_barrier_marks_late_writes ... ok
test gc::arc_heap::arc_heap_tests::concurrent_mark::mark_if_unmarked_marks_string ... ok
test gc::arc_heap::arc_heap_tests::concurrent_mark::mark_if_unmarked_returns_false_for_primitives ... ok
test corelib::tests::unknown_builtin_errors ... ok
test gc::arc_heap::arc_heap_tests::concurrent_mark::mark_queue_starts_empty_in_default_heap ... ok
test gc::arc_heap::arc_heap_tests::concurrent_mark::mark_if_unmarked_returns_true_first_then_false ... ok
test gc::arc_heap::arc_heap_tests::concurrent_mark::snapshot_roots_idempotent_on_already_marked ... ok
test gc::arc_heap::arc_heap_tests::concurrent_mark::snapshot_roots_includes_external_scanner_output ... ok
test gc::arc_heap::arc_heap_tests::concurrent_mark::snapshot_roots_marks_and_enqueues_pinned_roots ... ok
test gc::arc_heap::arc_heap_tests::concurrent_mark::snapshot_roots_skips_primitive_roots ... ok
test gc::arc_heap::arc_heap_tests::config_stats::set_max_heap_bytes_reflects_in_stats ... ok
test gc::arc_heap::arc_heap_tests::config_stats::stats_allocations_monotonically_increases ... ok
test gc::arc_heap::arc_heap_tests::config_stats::stats_gc_cycles_increments_on_collect_cycles ... ok
test gc::arc_heap::arc_heap_tests::config_stats::stats_major_collections_track_non_generational_cycles ... ok
test gc::arc_heap::arc_heap_tests::config_stats::stats_struct_has_all_expected_fields ... ok
test gc::arc_heap::arc_heap_tests::config_stats::used_bytes_increases_with_alloc ... ok
test gc::arc_heap::arc_heap_tests::cycle_collection::collect_cycles_freed_bytes_observable ... ok
test gc::arc_heap::arc_heap_tests::cycle_collection::cycle_with_external_user_ref_is_not_broken_yet ... ok
test corelib::tests::obj_ref_eq_same_rc_is_true ... ok
test gc::arc_heap::arc_heap_tests::cycle_collection::iterate_live_objects_dedupes_cycle ... ok
test gc::arc_heap::arc_heap_tests::cycle_collection::iterate_live_objects_visits_root_reachable ... ok
test gc::arc_heap::arc_heap_tests::cycle_collection::multiple_disjoint_cycles_all_freed ... ok
test gc::arc_heap::arc_heap_tests::cycle_collection::pinned_root_cycle_is_not_broken ... ok
test gc::arc_heap::arc_heap_tests::cycle_collection::region_prunes_dropped_objects_after_collect ... ok
test gc::arc_heap::arc_heap_tests::cycle_collection::self_reference_cycle_is_freed ... ok
test gc::arc_heap::arc_heap_tests::cycle_collection::simple_two_node_cycle_is_freed_after_collect ... ok
test gc::arc_heap::arc_heap_tests::cycle_collection::snapshot_includes_pinned_root_object ... ok
test gc::arc_heap::arc_heap_tests::cycle_collection::unrelated_alive_object_is_not_affected_by_collect ... ok
test gc::arc_heap::arc_heap_tests::cycle_collection::snapshot_traverses_nested_objects ... ok
test gc::arc_heap::arc_heap_tests::events::add_observer_increments_count ... ok
test gc::arc_heap::arc_heap_tests::events::observer_receives_before_and_after_on_collect_cycles ... ok
test gc::arc_heap::arc_heap_tests::events::iterate_live_objects_full_coverage_includes_unpinned ... ok
test gc::arc_heap::arc_heap_tests::events::alloc_sampler_fires_for_each_alloc ... ok
test gc::arc_heap::arc_heap_tests::events::observer_receives_before_and_after_on_force_collect ... ok
test gc::arc_heap::arc_heap_tests::events::oom_event_fires_when_used_exceeds_limit ... ok
test gc::arc_heap::arc_heap_tests::events::remove_observer_stops_event_delivery ... ok
test gc::arc_heap::arc_heap_tests::events::set_alloc_sampler_none_clears_sampler ... ok
test gc::arc_heap::arc_heap_tests::events::snapshot_coverage_is_full_after_phase_3b_registry ... ok
test gc::arc_heap::arc_heap_tests::events::snapshot_includes_unpinned_alive_object ... ok
test gc::arc_heap::arc_heap_tests::finalization::finalize_now_does_not_disturb_other_objects ... ok
test gc::arc_heap::arc_heap_tests::finalization::cancel_finalizer_decrements_pending_count ... ok
test gc::arc_heap::arc_heap_tests::finalization::finalize_now_fires_registered_finalizer_immediately ... ok
test gc::arc_heap::arc_heap_tests::finalization::finalize_now_idempotent_on_already_tombstoned ... ok
test gc::arc_heap::arc_heap_tests::finalization::finalize_now_returns_false_on_primitive ... ok
test gc::arc_heap::arc_heap_tests::finalization::finalize_now_returns_false_without_finalizer ... ok
test gc::arc_heap::arc_heap_tests::finalization::finalize_now_works_on_array_value ... ok
test gc::arc_heap::arc_heap_tests::finalization::finalize_now_tombstones_the_entry ... ok
test gc::arc_heap::arc_heap_tests::finalization::finalizer_does_not_fire_when_object_kept_alive ... ok
test gc::arc_heap::arc_heap_tests::finalization::finalizer_fires_on_sweep_when_unreachable ... ok
test gc::arc_heap::arc_heap_tests::finalization::finalizer_fires_when_object_freed_via_cycle_collect ... ok
test gc::arc_heap::arc_heap_tests::finalization::finalizer_is_one_shot_after_fire ... ok
test gc::arc_heap::arc_heap_tests::finalization::finalizer_one_shot_across_multiple_collects ... ok
test gc::arc_heap::arc_heap_tests::finalization::register_finalizer_on_atomic_value_is_noop ... ok
test gc::arc_heap::arc_heap_tests::finalization::register_finalizer_increments_pending_count ... ok
test gc::arc_heap::arc_heap_tests::finalization::finalizers_pending_reflects_alive_with_finalizer ... ok
test gc::arc_heap::arc_heap_tests::generational::barrier_array_path_marks_card_on_cross_gen ... ok
test gc::arc_heap::arc_heap_tests::generational::barrier_marks_card_on_old_to_young_field_write ... ok
test gc::arc_heap::arc_heap_tests::generational::barrier_no_card_on_young_to_young_write ... ok
test gc::arc_heap::arc_heap_tests::generational::barrier_no_card_on_old_to_old_write ... ok
test gc::arc_heap::arc_heap_tests::generational::barrier_no_op_in_stw_mode_even_under_cross_gen_setup ... ok
test gc::arc_heap::arc_heap_tests::generational::closure_env_survives_repeated_minors ... ok
test gc::arc_heap::arc_heap_tests::generational::cycle_collection_under_generational_mode_still_frees_garbage ... ok
test gc::arc_heap::arc_heap_tests::generational::cross_gen_write_target_survives_minor_via_dirty_card ... ok
test gc::arc_heap::arc_heap_tests::generational::generational_minors_keep_old_to_young_graphs_intact ... ok
test gc::arc_heap::arc_heap_tests::generational::generational_mode_set_observable ... ok
test corelib::tests::upgrade_weak_alive_returns_original ... ok
test corelib::threading::threading_tests::thread_spawn_missing_arg_errors ... ok
test corelib::threading::threading_tests::thread_join_missing_arg_errors ... ok
test corelib::tests::upgrade_weak_non_handle_returns_null ... ok
test gc::arc_heap::arc_heap_tests::generational::minor_escalation_threshold_env_var_overrides_default ... ok
test gc::arc_heap::arc_heap_tests::generational::minor_freed_bytes_never_exceeds_the_actual_used_bytes_drop ... ok
test gc::arc_heap::arc_heap_tests::generational::minor_gc_does_not_clear_card_dirty_bits ... ok
test gc::arc_heap::arc_heap_tests::generational::minor_gc_does_not_treat_old_strings_as_young ... ok
test gc::arc_heap::arc_heap_tests::generational::minor_gc_does_not_visit_old_entries_directly ... ok
test gc::arc_heap::arc_heap_tests::generational::minor_gc_preserves_pinned_young_entry ... ok
test gc::arc_heap::arc_heap_tests::generational::minor_gc_promotes_after_n_survivals ... ok
test gc::arc_heap::arc_heap_tests::generational::minor_gc_reclaims_array_header_and_element_block_together ... ok
test gc::arc_heap::arc_heap_tests::generational::major_rebuilds_cards_for_surviving_cross_gen_edges ... ok
test gc::arc_heap::arc_heap_tests::generational::minor_gc_reclaims_unrooted_young_string_block ... ok
test gc::arc_heap::arc_heap_tests::generational::minor_gc_tombstones_unrooted_young_entry ... ok
test gc::arc_heap::arc_heap_tests::generational::minor_leaves_no_mark_on_any_entry ... ok
test corelib::threading::threading_tests::thread_join_unknown_slot_returns_discriminator_2 ... ok
test gc::arc_heap::arc_heap_tests::generational::primitives_and_null_slots_do_not_count_as_young_references ... ok
test corelib::threading::threading_tests::thread_join_wrong_type_errors ... ok
test corelib::threading::threading_tests::thread_join_negative_slot_errors ... ok
test gc::arc_heap::arc_heap_tests::generational::minor_reclaims_whole_dead_chunks ... ok
test gc::arc_heap::arc_heap_tests::generational::promotion_feeds_the_old_gen_budget_and_a_major_resets_it ... ok
test gc::arc_heap::arc_heap_tests::generational::set_mode_round_trip_keeps_young_list_in_step_with_mode ... ok
test gc::arc_heap::arc_heap_tests::generational::set_mode_to_generational_rebuilds_young_list_from_live_entries ... ok
test corelib::tls::tls_tests::connect_with_invalid_server_name_returns_socket_err ... ok
test corelib::threading::threading_tests::thread_spawn_stack_closure_rejected ... ok
test gc::arc_heap::arc_heap_tests::invariants::healthy_heap_validates_after_stw_collect ... ok
test gc::arc_heap::arc_heap_tests::generational::promoted_owner_keeps_the_young_child_it_was_holding ... ok
test gc::arc_heap::arc_heap_tests::generational::old_root_traces_its_young_children_at_every_minor ... ok
test gc::arc_heap::arc_heap_tests::generational::promoted_array_keeps_the_young_element_it_was_holding ... ok
test corelib::threading::threading_tests::thread_spawn_non_callable_arg_errors ... ok
test gc::arc_heap::arc_heap_tests::mark_phase::clear_mark_resets_state ... ok
test gc::arc_heap::arc_heap_tests::mark_phase::mark_phase_cyclic_unreachable_stays_unmarked ... ok
test gc::arc_heap::arc_heap_tests::mark_phase::mark_phase_handles_array_children ... ok
test gc::arc_heap::arc_heap_tests::mark_phase::mark_phase_idempotent_within_one_cycle ... ok
test gc::arc_heap::arc_heap_tests::mark_phase::mark_phase_visits_reachable_only ... ok
test gc::arc_heap::arc_heap_tests::invariants::validation_detects_stale_mark_queue - should panic ... ok
test gc::arc_heap::arc_heap_tests::invariants::validation_detects_region_object_corruption - should panic ... ok
test gc::arc_heap::arc_heap_tests::mark_phase::mark_sweep_frees_self_reference_cycle ... ok
test gc::arc_heap::arc_heap_tests::invariants::validation_detects_stale_mark_in_region_object - should panic ... ok
test gc::arc_heap::arc_heap_tests::mark_phase::mark_sweep_frees_three_node_cycle ... ok
test gc::arc_heap::arc_heap_tests::mark_phase::mark_sweep_preserves_externally_referenced_cycle ... ok
test gc::arc_heap::arc_heap_tests::mark_phase::mark_sweep_frees_two_node_cycle ... ok
test gc::arc_heap::arc_heap_tests::mark_phase::mark_sweep_preserves_rooted_chain ... ok
test gc::arc_heap::arc_heap_tests::mark_phase::sweep_resets_marks_on_survivors ... ok
test gc::arc_heap::arc_heap_tests::mode_selection::mode_default_is_generational_mark_sweep ... ok
test gc::arc_heap::arc_heap_tests::mode_selection::set_mode_changes_observable_mode ... ok
test gc::arc_heap::arc_heap_tests::mode_selection::mode_dispatch_stub_preserves_stw_behavior ... ok
test gc::arc_heap::arc_heap_tests::mode_selection::set_mode_does_not_affect_in_progress_collect ... ok
test gc::arc_heap::arc_heap_tests::multi_vm::multi_heaps_mixed_modes ... ok
test gc::arc_heap::arc_heap_tests::multi_vm::pause_histograms_per_heap_isolation ... ok
test gc::arc_heap::arc_heap_tests::multi_vm::concurrent_threads_independent_heaps_generational ... ok
test gc::arc_heap::arc_heap_tests::object_model::object_size_bytes_atomic_returns_value_size ... ok
test gc::arc_heap::arc_heap_tests::object_model::object_size_bytes_string_includes_capacity ... ok
test gc::arc_heap::arc_heap_tests::object_model::scan_object_refs_no_op_on_atomic ... ok
test gc::arc_heap::arc_heap_tests::object_model::scan_object_refs_visits_every_array_elem ... ok
test gc::arc_heap::arc_heap_tests::multi_vm::two_heaps_alloc_no_cross_contamination ... ok
test gc::arc_heap::arc_heap_tests::multi_vm::concurrent_threads_independent_heaps_stw ... ok
test gc::arc_heap::arc_heap_tests::object_model::scan_object_refs_visits_every_slot ... ok
test gc::arc_heap::arc_heap_tests::oom::strict_oom_alloc_returns_null_when_over_limit ... ok
test corelib::threading::threading_tests::thread_spawn_without_module_errors ... ok
test gc::arc_heap::arc_heap_tests::oom::strict_oom_can_be_disabled_at_runtime ... ok
test gc::arc_heap::arc_heap_tests::oom::strict_oom_does_not_bump_stats_or_registry ... ok
test gc::arc_heap::arc_heap_tests::oom::strict_oom_off_by_default_no_rejection ... ok
test gc::arc_heap::arc_heap_tests::oom::strict_oom_event_fires_on_rejection ... ok
test gc::arc_heap::arc_heap_tests::oom::strict_oom_under_limit_succeeds_normally ... ok
test gc::arc_heap::arc_heap_tests::pause_histogram::empty_heap_reports_default_histogram ... ok
test gc::arc_heap::arc_heap_tests::pause_histogram::histogram_persists_across_mode_switches ... ok
test gc::arc_heap::arc_heap_tests::pause_histogram::histogram_records_force_collect ... ok
test gc::arc_heap::arc_heap_tests::pause_histogram::histogram_visible_in_stats_after_collect ... ok
test gc::arc_heap::arc_heap_tests::pause_histogram::recent_pauses_does_not_exceed_capacity ... ok
test gc::arc_heap::arc_heap_tests::pause_histogram::recent_pauses_visible_in_stats_snapshot ... ok
test gc::arc_heap::arc_heap_tests::roots::a_strong_handle_anchors_its_target_across_a_collection ... ok
test gc::arc_heap::arc_heap_tests::roots::a_weak_handle_does_not_anchor_its_target ... ok
test gc::arc_heap::arc_heap_tests::roots::cycle_reachable_via_external_scanner_is_preserved ... ok
test gc::arc_heap::arc_heap_tests::roots::external_root_scanner_called_during_collect ... ok
test gc::arc_heap::arc_heap_tests::roots::cycle_unreachable_from_external_scanner_still_collected ... ok
test gc::arc_heap::arc_heap_tests::roots::enter_leave_frame_drops_intra_frame_pins ... ok
test gc::arc_heap::arc_heap_tests::roots::nested_frames_unwind_correctly ... ok
test gc::arc_heap::arc_heap_tests::roots::frame_held_outer_with_inner_chain_protected_by_stack_scan ... ok
test corelib::tls::tls_tests::drop_unknown_slot_is_silent_null ... ok
test gc::arc_heap::arc_heap_tests::roots::pin_root_increments_count_and_for_each_visits ... ok
test gc::arc_heap::arc_heap_tests::roots::pin_outside_frame_persists ... ok
test gc::arc_heap::arc_heap_tests::roots::unpin_root_decrements_count ... ok
test gc::arc_heap::arc_heap_tests::send_sync::dyn_magr_gc_is_send_sync ... ok
test gc::arc_heap::arc_heap_tests::send_sync::gc_ref_value_types_are_send_sync ... ok
test gc::arc_heap::arc_heap_tests::send_sync::rc_magr_gc_is_send_sync ... ok
test gc::arc_heap::arc_heap_tests::send_sync::value_is_send_sync ... ok
test gc::arc_heap::arc_heap_tests::send_sync::vm_context_is_send_sync ... ok
test gc::arc_heap::arc_heap_tests::send_sync::vm_context_ptr_is_send_sync ... ok
test gc::arc_heap::arc_heap_tests::send_sync::vm_core_is_send_sync ... ok
test gc::arc_heap::arc_heap_tests::stress::rng_avoids_zero_seed_fixed_point ... ok
test gc::arc_heap::arc_heap_tests::stress::rng_is_deterministic ... ok
test corelib::tls::tls_tests::read_on_unknown_slot_returns_handle_invalid ... ok
test gc::arc_heap::arc_heap_tests::stress::stress_seeded_mode_switching_short ... ignored, concurrent GC stale-mark race under mode-switching: the `GcRef::entry_ref` generation guard (refs.rs) flakily fires cross-platform (windows / linux-arm64 / macos-arm64 all seen on CI; passes locally 5/5). Pre-existing (origin/main炸), NOT introduced by unify-object-byte-layout — the single-mode stress variants (stw / concurrent / generational) are stable and stay gated. Re-enable once the loom-validated fix lands: tracked in docs/spec/changes/investigate-concurrent-gc-stale-mark-race.
test corelib::tls::tls_tests::set_read_timeout_on_unknown_slot_returns_handle_invalid ... ok
test corelib::tls::tls_tests::connect_to_unbound_port_returns_socket_err ... ok
test gc::arc_heap::arc_heap_tests::tlab::tlab_alloc_scaling_probe ... ignored
test gc::arc_heap::arc_heap_tests::tlab::oversized_var_blocks_are_freed_not_leaked ... ok
test gc::arc_heap::arc_heap_tests::tlab::tlab_arrays_cross_chunk_alive ... ok
test gc::arc_heap::arc_heap_tests::stress::stress_seeded_concurrent_short ... ok
test gc::arc_heap::arc_heap_tests::tlab::tlab_closures_via_var_path ... ok
test gc::arc_heap::arc_heap_tests::stress::stress_seeded_generational_short ... ok
test gc::arc_heap::arc_heap_tests::tlab::tlab_object_field_values_roundtrip ... ok
test gc::arc_heap::arc_heap_tests::tlab::tlab_strict_oom_degrades_to_ambient_refund ... ok
test exception::tests::make_stdlib_exception_tests::make_stdlib_exception_errors_when_type_not_registered ... ok
test gc::arc_heap::arc_heap_tests::tlab::tlab_unarmed_thread_uses_ambient_path ... ok
test gc::arc_heap::arc_heap_tests::tlab::tlab_concurrent_shared_heap_stress ... ok
test gc::arc_heap::arc_heap_tests::tlab::tlab_unrooted_objects_are_collected ... ok
test gc::arc_heap::arc_heap_tests::tlab::tlab_cross_chunk_all_pinned_alive ... ok
test gc::arc_heap::arc_heap_tests::weak_refs::handle_alloc_atomic_strong_stores_value ... ok
test gc::arc_heap::arc_heap_tests::weak_refs::handle_alloc_atomic_weak_returns_zero_slot ... ok
test gc::arc_heap::arc_heap_tests::weak_refs::handle_alloc_null_returns_zero_slot ... ok
test gc::arc_heap::arc_heap_tests::weak_refs::handle_alloc_returns_nonzero_for_object ... ok
test gc::arc_heap::arc_heap_tests::weak_refs::handle_free_idempotent_and_safe_for_zero ... ok
test gc::arc_heap::arc_heap_tests::weak_refs::handle_free_invalidates_slot ... ok
test gc::arc_heap::arc_heap_tests::weak_refs::handle_free_then_realloc_reuses_slot ... ok
test gc::arc_heap::arc_heap_tests::weak_refs::handle_kind_distinguishes_strong_and_weak ... ok
test gc::arc_heap::arc_heap_tests::stress::stress_seeded_stw_short ... ok
test gc::arc_heap::arc_heap_tests::weak_refs::handle_strong_anchors_after_external_drop ... ok
test gc::arc_heap::arc_heap_tests::weak_refs::make_weak_on_array_succeeds ... ok
test gc::arc_heap::arc_heap_tests::weak_refs::handle_weak_clears_after_sweep_collects_target ... ok
test gc::arc_heap::arc_heap_tests::weak_refs::make_weak_on_atomic_returns_none ... ok
test gc::arc_heap::arc_heap_tests::weak_refs::make_weak_on_object_succeeds ... ok
test gc::arc_heap::arc_heap_tests::weak_refs::upgrade_weak_fails_after_sweep_tombstones ... ok
test gc::arc_heap::arc_heap_tests::weak_refs::upgrade_weak_succeeds_while_strong_alive ... ok
test gc::arc_heap::arc_heap_tests::tlab::tlab_strings_cross_chunk_roundtrip ... ok
test gc::arc_heap::arc_heap_tests::write_barriers::observer_clear_stops_recording ... ok
test gc::arc_heap::arc_heap_tests::write_barriers::observer_independent_per_heap_instance ... ok
test corelib::tls::tls_tests::write_on_unknown_slot_returns_handle_invalid ... ok
test gc::arc_heap::arc_heap_tests::write_barriers::barrier_install_does_not_alter_gc_collect_behavior ... ok
test gc::arc_heap::arc_heap_tests::write_barriers::observer_records_new_is_heap_metadata_correctly ... ok
test gc::arc_heap::arc_heap_tests::write_barriers::write_barrier_array_elem_dispatches_observer ... ok
test gc::arc_heap::arc_heap_tests::write_barriers::write_barrier_field_dispatches_observer ... ok
test gc::arc_heap::arc_heap_tests::tlab::tlab_var_reuse_gen_prevents_aba ... ok
test gc::arc_heap::auto_collect::auto_collect_tests::a_heap_that_is_not_growing_does_not_collect ... ok
test gc::arc_heap::auto_collect::auto_collect_tests::an_over_budget_live_set_does_not_re_collect_forever ... ok
test gc::arc_heap::arc_heap_tests::concurrent_mark::collect_cycles_with_context_routes_concurrent_under_concurrent_mode ... ok
test gc::arc_heap::arc_heap_tests::stress::pr3_pinned_ref_array_survives_gc_churn ... ok
test gc::arc_heap::auto_collect::auto_collect_tests::merely_surviving_is_not_futile ... ok
test gc::arc_heap::auto_collect::auto_collect_tests::reclaiming_essentially_nothing_still_backs_off ... ok
test gc::arc_heap::auto_collect::auto_collect_tests::the_first_trip_is_judged_neutral ... ok
test gc::arc_heap::promotion_policy::promotion_policy_tests::a_tier_that_dies_is_kept ... ok
test gc::arc_heap::promotion_policy::promotion_policy_tests::a_tier_that_survives_gets_dropped ... ok
test gc::arc_heap::promotion_policy::promotion_policy_tests::a_tiny_sample_does_not_move_the_decision ... ok
test gc::arc_heap::promotion_policy::promotion_policy_tests::an_age_of_one_has_no_tier_to_drop ... ok
test gc::arc_heap::promotion_policy::promotion_policy_tests::settling_resets_the_counters ... ok
test exception::tests::make_stdlib_exception_tests::make_invalid_marshal_exception_sets_message_and_leaves_trace_null ... ok
test gc::arc_heap::arc_heap_tests::stress::pr3_pinned_byte_array_survives_gc_churn ... ok
test gc::arc_heap::promotion_policy::promotion_policy_tests::the_observed_tier_follows_the_configured_age ... ok
test gc::arc_heap::promotion_policy::promotion_policy_tests::the_decision_latches ... ok
test gc::heap::heap_tests::default_collect_is_noop ... ok
test gc::heap::heap_tests::default_write_barrier_array_elem_is_noop ... ok
test gc::heap::heap_tests::heap_stats_default_is_zero ... ok
test gc::heap::heap_tests::default_write_barrier_field_is_noop ... ok
test gc::mode::mode_tests::default_is_generational_mark_sweep ... ok
test gc::mode::mode_tests::from_u8_roundtrips_known_variants ... ok
test gc::mode::mode_tests::from_u8_unknown_falls_back_to_stw ... ok
test gc::phase_timer::phase_timer_tests::count_is_appended_when_present ... ok
test gc::phase_timer::phase_timer_tests::formats_ms_with_three_decimals ... ok
test gc::phase_timer::phase_timer_tests::names_pad_to_a_common_column ... ok
test gc::refs::tagged_bits_tests::tagged_bits_round_trip_preserves_identity ... ok
test gc::refs::tagged_bits_tests::tagged_bits_zero_is_null_sentinel ... ok
test gc::region::region_tests::a_region_promotes_at_the_age_it_was_built_with ... ok
test gc::region::region_tests::a_write_dirties_only_its_own_card ... ok
test gc::phase_timer::phase_timer_tests::over_long_names_are_not_truncated ... ok
test gc::region::region_tests::alloc_grows_chunk_when_full ... ok
test gc::region::region_tests::alloc_into_empty_region_creates_first_chunk_and_entry ... ok
test gc::arc_heap::auto_collect::auto_collect_tests::a_budget_arms_automatic_collection ... ok
test gc::region::region_tests::alloc_pointer_stability_across_growth ... ok
test gc::region::region_tests::alloc_pushes_to_young_list_with_gen_age_zero ... ok
test gc::region::region_tests::a_reclaimed_chunks_slots_are_never_handed_out ... ok
test gc::arc_heap::arc_heap_tests::tlab::tlab_var_chunk_reclaim_bounds_growth ... ok
test gc::region::region_tests::finalizer_set_take_is_fire_once ... ok
test gc::region::region_tests::finalizer_reinstall_drops_the_previous_box ... ok
test gc::region::region_tests::clean_card_clears_only_that_card ... ok
test gc::region::region_tests::clear_card_dirty_resets_all_bits ... ok
test gc::arc_heap::arc_heap_tests::tlab::tlab_chunk_reclaim_bounds_growth ... ok
test gc::arc_heap::arc_heap_tests::concurrent_mark::collect_cycles_with_context_stw_unchanged ... ok
test gc::region::region_tests::free_list_reuses_tombstoned_slot ... ok
test gc::region::region_tests::iterate_alive_visits_in_alloc_order_skipping_tombstoned ... ok
test gc::region::region_tests::iterate_dirty_cards_skips_clean_chunks ... ok
test gc::region::region_tests::iterate_alive_handles_grow_correctly ... ok
test gc::region::region_tests::iterate_young_skips_tombstoned_young_entries ... ok
test gc::region::region_tests::iterate_dirty_cards_yields_all_entries_in_the_dirty_card ... ok
test gc::region::region_tests::iterate_young_yields_only_young_entries ... ok
test gc::region::region_tests::mark_card_dirty_sets_bit_at_chunk_offset ... ok
test gc::region::region_tests::non_generational_region_skips_young_list_until_switched_on ... ok
test gc::region::region_tests::region_drop_after_slot_reuse_drops_each_value_exactly_once ... ok
test gc::region::region_tests::promote_increments_gen_age ... ok
test gc::region::region_tests::promote_stale_handle_is_noop ... ok
test gc::region::region_tests::region_drop_does_not_touch_tombstoned_slots_double_drop ... ok
test gc::region::region_tests::region_entry_stays_lean_for_script_objects ... ok
test gc::region::region_tests::region_entry_mark_cas_idempotent ... ok
test gc::region::region_tests::region_drop_runs_each_initialized_entry_drop ... ok
test gc::region::region_tests::swap_remove_repairs_moved_entry_back_pointer ... ok
test gc::region::region_tests::tombstone_bumps_generation ... ok
test gc::region::region_tests::tombstone_via_entry_removes_from_young_list ... ok
test gc::region::region_tests::tombstone_stale_handle_is_noop ... ok
test gc::region::region_tests::tombstone_marks_dead_and_pushes_free_list ... ok
test gc::region::region_tests::tombstoned_old_entry_not_in_young_list_no_op ... ok
test gc::region::region_tests::total_capacity_and_free_slot_count_track_growth ... ok
test gc::region::region_tests::validate_detects_alive_in_free_list ... ok
test gc::arc_heap::arc_heap_tests::generational::a_major_ages_its_survivors_so_the_young_list_still_drains ... ok
test gc::region::region_tests::validate_detects_card_dirty_length_mismatch ... ok
test gc::arc_heap::auto_collect::auto_collect_tests::no_budget_still_collects ... ok
test gc::region::region_tests::validate_detects_location_mismatch ... ok
test gc::region::region_tests::validate_detects_duplicate_in_young_list ... ok
test gc::region::region_tests::validate_detects_young_not_in_list ... ok
test gc::region::region_tests::validate_detects_old_in_young_list ... ok
test gc::region::region_tests::validate_healthy_region_passes ... ok
test gc::region::region_tests::validate_tolerates_promoted_entry_outside_young_list ... ok
test gc::region::region_tests::validate_tolerates_tombstoned_entries ... ok
test gc::retention::retention_tests::direct_referrers_dedups_by_id ... ok
test gc::retention::retention_tests::direct_referrers_returns_parents ... ok
test gc::retention::retention_tests::no_roots_for_unrooted_object ... ok
test gc::retention::retention_tests::retaining_roots_dedup_by_kind_and_sorted ... ok
test gc::region::region_tests::validate_healthy_after_growing_across_chunks ... ok
test gc::retention::retention_tests::retaining_roots_handles_cycles ... ok
test gc::retention::retention_tests::retaining_roots_direct ... ok
test gc::retention::retention_tests::retaining_roots_transitive ... ok
test gc::arc_heap::arc_heap_tests::generational::escalation_defers_the_major_to_the_next_cycle_instead_of_running_both ... ok
test gc::arc_heap::arc_heap_tests::generational::minor_collect_via_context_does_not_escalate_when_low_survival ... ok
test gc::arc_heap::arc_heap_tests::roots::a_strong_handle_anchors_its_target_across_a_minor ... ok
test gc::arc_heap::arc_heap_tests::invariants::healthy_heap_validates_after_concurrent_mode_collect ... ok
test gc::arc_heap::arc_heap_tests::generational::major_collect_via_context_clears_card_dirty ... ok
test gc::arc_heap::arc_heap_tests::generational::promoting_an_array_ages_its_backing_with_it ... ok
test gc::arc_heap::arc_heap_tests::invariants::healthy_heap_validates_with_cross_gen_writes_under_generational ... ok
test gc::region::region_tests::young_list_back_pointers_survive_alloc_tombstone_promote_churn ... ok
test gc::arc_heap::arc_heap_tests::invariants::healthy_heap_validates_after_generational_mode_minor ... ok
test gc::arc_heap::arc_heap_tests::generational::major_collect_via_context_full_scans_unrooted_old_entries ... ok
test gc::arc_heap::arc_heap_tests::stress::pr3_mixed_region_var_churn_keeps_graph_intact ... ok
test gc::arc_heap::auto_collect::auto_collect_tests::a_reclaiming_collector_keeps_collecting_as_the_heap_refills ... ok
test gc::arc_heap::auto_collect::auto_collect_tests::generational_trips_a_minor_on_the_nursery_gate_below_the_near_limit ... ok
test gc::arc_heap::auto_collect::auto_collect_tests::generational_enforces_a_soft_cap_far_below_one_nursery ... ok
test gc::safepoint::safepoint_tests::allocating_after_the_park_ends_is_fine ... ok
test gc::safepoint::safepoint_tests::throttle_n_default_is_at_least_1024 ... ok
test gc::sampler::sampler_tests::disabled_sampler_takes_no_clock ... ok
test gc::sampler::sampler_tests::empty_stack_produces_no_row ... ok
test gc::sampler::sampler_tests::folded_aggregates_and_counts ... ok
test gc::sampler::sampler_tests::interned_frame_tree_shares_prefixes ... ok
test gc::sampler::sampler_tests::json_escape_handles_specials ... ok
test gc::safepoint::safepoint_tests::allocating_while_native_parked_is_caught - should panic ... ok
test gc::sampler::sampler_tests::trace_emits_perfetto_json_with_interned_frames ... ok
test gc::safepoint::safepoint_tests::auto_collect_flag_idempotent_only_first_swap_runs_collect ... ok
test gc::sampler::sampler_tests::trace_off_records_no_timeline ... ok
test gc::snapshot::snapshot_tests::array_emits_element_edges_with_index ... ok
test gc::snapshot::snapshot_tests::cycle_does_not_loop ... ok
test gc::snapshot::snapshot_tests::empty_heap_produces_root_only ... ok
test gc::snapshot::snapshot_tests::linked_objects_emit_property_edges ... ok
test gc::snapshot::snapshot_tests::flat_arrays_have_correct_lengths ... ok
test gc::snapshot::snapshot_tests::node_ids_are_odd_except_root ... ok
test gc::snapshot::snapshot_tests::root_edge_count_matches_pinned_root_count ... ok
test gc::snapshot::snapshot_tests::serialized_json_has_expected_structure ... ok
test gc::snapshot::snapshot_tests::single_object_creates_node_with_property_edges ... ok
test gc::snapshot::snapshot_tests::streaming_and_in_memory_produce_identical_bytes ... ok
test gc::snapshot::snapshot_tests::streaming_byte_count_matches_string_length ... ok
test gc::snapshot::snapshot_tests::string_table_is_deduped ... ok
test gc::trace::trace_tests::human_uses_binary_units ... ok
test gc::snapshot::snapshot_tests::streaming_writes_to_buffered_writer_roundtrip ... ok
test gc::trace::trace_tests::out_of_memory_events_are_deduped ... ok
test gc::trace::trace_tests::tracer_brackets_before_and_after ... ok
test gc::types::types_tests::bucket_index_boundaries ... ok
test gc::types::types_tests::default_has_empty_window_with_default_capacity ... ok
test gc::types::types_tests::default_is_empty ... ok
test gc::types::types_tests::pause_window_cap_from_env_delegates_to_runtime_config ... ok
test gc::types::types_tests::record_appends_to_window_in_chronological_order ... ok
test gc::types::types_tests::record_first_value_sets_min_from_sentinel ... ok
test gc::types::types_tests::record_saturates_on_overflow ... ok
test gc::types::types_tests::record_updates_bucket ... ok
test gc::types::types_tests::record_updates_min_max_total_count ... ok
test gc::types::types_tests::window_evicts_oldest_at_capacity ... ok
test gc::var_region::var_region_tests::a_free_slot_is_refused_rather_than_truncated_out_of_range ... ok
test gc::var_region::var_region_tests::a_free_slot_round_trips_every_position_it_can_name ... ok
test gc::var_region::var_region_tests::a_lower_loh_threshold_makes_more_blocks_oversized ... ok
test gc::var_region::var_region_tests::a_recycled_slot_comes_back_at_its_own_address ... ok
test gc::safepoint::safepoint_tests::an_unpark_guard_lifts_the_tripwire_for_its_span ... ok
test gc::var_region::var_region_tests::aba_guard_rejects_stale_after_reuse ... ok
test gc::var_region::var_region_tests::block_type_all_variants_roundtrip ... ok
test gc::var_region::var_region_tests::alloc_small_roundtrips_payload_and_metadata ... ok
test gc::var_region::var_region_tests::a_stale_free_entry_is_never_handed_out ... ok
test gc::var_region::var_region_tests::chunk_idx_fits_in_the_headers_existing_padding ... ok
test gc::var_region::var_region_tests::class_for_oversized_boundary ... ok
test gc::var_region::var_region_tests::chunk_growth_across_boundary ... ok
test gc::var_region::var_region_tests::class_for_rounds_to_quarter_octave_steps ... ok
test gc::var_region::var_region_tests::dead_oversized_chunk_is_freed_and_its_slot_reused ... ok
test gc::var_region::var_region_tests::drop_glue_finalizes_payload_on_reclaim_and_teardown ... ok
test gc::var_region::var_region_tests::empty_payload_is_valid ... ok
test gc::safepoint::safepoint_tests::auto_collect_flag_drained_at_next_safepoint ... ok
test gc::var_region::var_region_tests::free_list_reuses_same_size_class_slot_with_new_generation ... ok
test gc::var_region::var_region_tests::fresh_blocks_are_young_and_listed ... ok
test gc::var_region::var_region_tests::gen_age_and_block_type_share_a_byte_without_interference ... ok
test gc::var_region::var_region_tests::every_block_carries_its_owning_chunk ... ok
test gc::var_region::var_region_tests::header_is_16_bytes_payload_8_aligned ... ok
test gc::var_region::var_region_tests::freeing_a_dedicated_chunk_leaves_bump_chunk_indices_valid ... ok
test gc::var_region::var_region_tests::iterate_alive_visits_only_live_blocks ... ok
test gc::var_region::var_region_tests::live_oversized_chunk_is_never_freed ... ok
test gc::var_region::var_region_tests::oversized_block_gets_dedicated_chunk ... ok
test gc::var_region::var_region_tests::payload_is_zero_initialized ... ok
test gc::var_region::var_region_tests::oversized_churn_does_not_grow_the_per_chunk_tables ... ok
test gc::var_region::var_region_tests::many_allocs_have_distinct_stable_addresses ... ok
test gc::var_region::var_region_tests::reclaim_dead_var_chunks_pools_dead_bump_chunks_among_dedicated_ones ... ok
test gc::var_region::var_region_tests::pooling_records_the_entries_it_staled ... ok
test gc::var_region::var_region_tests::recycled_slot_fits_any_payload_of_its_class ... ok
test gc::var_region::var_region_tests::reclaimed_chunk_purges_young_list ... ok
test gc::var_region::var_region_tests::recycled_slot_is_not_listed_twice ... ok
test gc::var_region::var_region_tests::reclaim_does_not_scan_the_free_lists ... ok
test gc::var_region::var_region_tests::sweep_reclaims_unmarked_keeps_marked ... ok
test gc::var_region::var_region_tests::sweep_young_clears_the_mark_on_survivors ... ok
test gc::var_region::var_region_tests::sweep_young_reclaims_unmarked_and_keeps_marked ... ok
test gc::var_region::var_region_tests::sweep_young_promotes_after_threshold_survivals ... ok
test gc::var_region::var_region_tests::the_loh_threshold_is_clamped_to_the_chunk_size ... ok
test gc::var_region::var_region_tests::tombstone_makes_handle_stale ... ok
test host::host_tests::bad_abi_version_returns_bad_config ... ok
test host::host_tests::initialize_then_shutdown ... ok
test host::host_tests::initialize_twice_returns_already_init ... ok
test gc::var_region::var_region_tests::the_per_chunk_census_matches_a_full_scan ... ok
test gc::var_region::var_region_tests::stale_entries_are_compacted_rather_than_accumulating ... ok
test host::host_tests::jit_mode_when_feature_off_returns_feature_off ... ok
test host::host_tests::last_error_clears_on_success ... ok
test host::host_tests::last_error_persists_on_failure ... ok
test host::host_tests::load_zbc_before_init_returns_not_init ... ok
test host::host_tests::load_zbc_with_garbage_bytes_returns_bad_zbc ... ok
test host::host_tests::null_config_returns_bad_config ... ok
test host::host_tests::shutdown_then_reinitialize ... ok
test host::host_tests::shutdown_when_not_initialized_returns_not_init ... ok
test host::host_tests::unknown_exec_mode_returns_bad_config ... ok
test gc::safepoint::safepoint_tests::check_safepoint_slow_path_pure_idle_no_op_resets_counter ... ok
test host::host_tests::zpkg_read_namespaces_null_visitor_is_bad_config ... ok
test host::host_tests::zpkg_read_namespaces_rejects_garbage ... ok
test gc::safepoint::safepoint_tests::check_safepoint_slow_path_runs_when_counter_drains ... ok
test host::host_tests::zpkg_read_namespaces_lists_nspc ... ok
test interp::exec_struct::exec_struct_tests::boxed_struct_owns_snapshot_and_survives_arena_truncate ... ok
test interp::exec_struct::exec_struct_tests::codec_roundtrip_bool_char_float ... ok
test interp::exec_struct::exec_struct_tests::codec_roundtrip_integers ... ok
test gc::safepoint::safepoint_tests::check_safepoint_idle_is_no_op_fast_path ... ok
test interp::exec_struct::exec_struct_tests::out_of_bounds_access_errors ... ok
test gc::safepoint::safepoint_tests::check_safepoint_fast_path_decrements_counter ... ok
test interp::exec_struct::exec_struct_tests::value_semantics_copy_then_mutate_leaves_source_unchanged ... ok
test interp::stack_alloc::stack_alloc_tests::alloc_and_read_back ... ok
test interp::stack_alloc::stack_alloc_tests::frame_id_mismatch_is_stale_error ... ok
test interp::stack_alloc::stack_alloc_tests::lifo_nested_frames ... ok
test interp::stack_alloc::stack_alloc_tests::mutate_through_arena ... ok
test interp::stack_alloc::stack_alloc_tests::out_of_range_idx_is_error ... ok
test interp::stack_alloc::stack_alloc_tests::reused_slot_rejects_old_handle ... ok
test interp::stack_alloc::stack_alloc_tests::scan_roots_visits_elements ... ok
test interp::stack_alloc::stack_alloc_tests::scan_roots_visits_object_inlined_refs ... ok
test interp::stack_alloc::stack_alloc_tests::truncate_frees_and_invalidates ... ok
test interp::struct_arena::struct_arena_tests::alloc_zero_initializes ... ok
test interp::struct_arena::struct_arena_tests::copy_into_produces_independent_blob ... ok
test interp::struct_arena::struct_arena_tests::ref_leaf_bad_offset_errors ... ok
test interp::struct_arena::struct_arena_tests::ref_leaf_copy_is_independent_and_scanned ... ok
test interp::struct_arena::struct_arena_tests::stale_or_out_of_range_handle_is_rejected ... ok
test interp::struct_arena::struct_arena_tests::truncate_frees_lifo ... ok
test interp::transient_arena::transient_arena_tests::alloc_then_with_reads_back ... ok
test interp::transient_arena::transient_arena_tests::out_of_range_idx_errors ... ok
test interp::transient_arena::transient_arena_tests::ref_kind_clone_releases_borrow ... ok
test interp::transient_arena::transient_arena_tests::scan_roots_skips_leafless_payloads ... ok
test interp::transient_arena::transient_arena_tests::stale_frame_id_errors ... ok
test interp::transient_arena::transient_arena_tests::truncate_is_lifo_and_reused_slot_guards_by_frame_id ... ok
test gc::safepoint::safepoint_tests::generational_collection_bumps_minor_counter ... ok
test gc::var_region::var_region_tests::each_size_class_index_names_exactly_one_footprint ... ok
test gc::safepoint::safepoint_tests::native_unpark_guard_round_trips_parked_count ... ok
test gc::safepoint::safepoint_tests::pause_guard_drop_notifies_waiters ... ok
test gc::safepoint::safepoint_tests::concurrent_marking_phase_does_not_park_mutators ... ok
test gc::arc_heap::auto_collect::auto_collect_tests::generational_collects_more_often_than_stw_on_the_same_workload ... ok
test gc::safepoint::safepoint_tests::native_park_guard_satisfies_collector_without_safepoint ... ok
test gc::safepoint::safepoint_tests::release_re_enables_next_collector ... ok
test gc::safepoint::safepoint_tests::gc_phase_idle_by_default ... ok
test gc::safepoint::safepoint_tests::request_gc_pause_returns_some_when_uncontested ... ok
test gc::safepoint::safepoint_tests::request_pause_waits_for_other_mutators_to_park ... ok
test gc::safepoint::safepoint_tests::request_gc_pause_with_only_self_proceeds_immediately ... ok
test gc::safepoint::safepoint_tests::second_collector_falls_back_to_mutator_park_returns_none ... ok
test gc::safepoint::safepoint_tests::requested_phase_still_parks_mutators_after_concurrent_added ... ok
test gc::sampler::sampler_tests::maybe_sample_snapshots_call_stack ... ok
test jit::lazy::lazy_tests::tiering_rejected_marker_is_negative_cache ... ok
test interp::exec_array::exec_array_tests::method_level_oob_index_graceful_null ... ok
test interp::exec_array::exec_array_tests::method_level_generic_ref_array_stays_null ... ok
test interp::exec_array::exec_array_tests::method_level_generic_int_array_zero_inits ... ok
test interp::exec_struct::exec_struct_tests::struct_array_element_leaf_access_via_handle ... ok
test jit::vm_interface::vm_interface_tests::jit_vm_functions_preserves_order_and_count ... ok
test jit::vm_interface::vm_interface_tests::jit_vm_module_name_round_trips ... ok
test jit::vm_interface::vm_interface_tests::jit_vm_string_pool_returns_borrowed_slice ... ok
test jit::vm_interface::vm_interface_tests::jit_vm_type_lookup_finds_registered_class ... ok
test interp::exec_array::exec_array_tests::non_generic_unknown_tag_unchanged ... ok
test jit::vm_interface::vm_interface_tests::jit_vm_type_lookup_misses_unknown_class ... ok
test jit::vm_interface::vm_interface_tests::mock_metadata_satisfies_trait ... ok
test jit::vm_interface::vm_interface_tests::unused_classes_field_initializer_still_satisfies_trait ... ok
test metadata::build_id::build_id_tests::short_hex_lowercase_first_4_bytes ... ok
test metadata::bytecode::bytecode_tests::code_offset_roundtrip ... ok
test metadata::bytecode::bytecode_tests::instruction_size_is_slim ... ok
test jit::helpers::control::check_safepoint_tests::jit_check_safepoint_drains_pending_auto_collect ... ok
test metadata::bytecode::bytecode_tests::reg_file_len_empty_is_one ... ok
test metadata::bytecode::bytecode_tests::reg_file_len_folds_unreferenced_catch_reg ... ok
test metadata::bytecode::bytecode_tests::reg_file_len_param_only ... ok
test metadata::bytecode::bytecode_tests::reg_file_len_writes_exceed_params ... ok
test metadata::bytecode::bytecode_tests::objnew_typeargs_roundtrip ... ok
test metadata::bytecode::bytecode_tests::boxed_variant_json_wire_format_unchanged ... ok
test metadata::bytecode::bytecode_tests::staticset_json_wire_format_unchanged ... ok
test metadata::bytecode::bytecode_tests::typeof_typeargs_roundtrip ... ok
test metadata::constraint_tests::loader_preserves_type_param_constraint ... ok
test metadata::constraint_tests::loader_populates_typedesc_constraints ... ok
test metadata::constraint_tests::verify_accepts_known_class_constraint ... ok
test metadata::constraint_tests::verify_allows_interface_like_name ... ok
test metadata::constraint_tests::verify_allows_std_namespace_reference ... ok
test metadata::constraint_tests::verify_rejects_unknown_base_class ... ok
test metadata::context::context_tests::load_into_registers_collectible_types_not_root ... ok
test metadata::context::context_tests::reclaim_frees_unreferenced_unloading_context ... ok
test metadata::context::context_tests::reclaim_keeps_referenced_unloading_context ... ok
test metadata::context::context_tests::reflection_handles_are_retention_edges ... ok
test metadata::context::context_tests::unload_collectible_marks_unloading_and_is_idempotent ... ok
test jit::helpers::struct_ops::struct_ops_tests::copy_is_value_independent ... ok
test metadata::ir_type::ir_type_tests::default_is_unknown ... ok
test metadata::ir_type::ir_type_tests::discriminants_match_csharp ... ok
test metadata::ir_type::ir_type_tests::enum_size_is_one_byte ... ok
test metadata::ir_type::ir_type_tests::from_u8_roundtrips_known_variants ... ok
test metadata::ir_type::ir_type_tests::from_u8_unknown_for_future_bytes ... ok
test jit::helpers::struct_ops::struct_ops_tests::field_op_on_non_struct_base_raises ... ok
test metadata::lazy_loader::lazy_loader_tests::ambiguity_is_not_recorded_until_a_collision_happens ... ok
test metadata::context::context_tests::unload_unknown_context_not_found ... ok
test metadata::ir_type::ir_type_tests::classification_predicates ... ok
test metadata::context::context_tests::unload_root_is_rejected ... ok
test interp::exec_struct::exec_struct_tests::heap_object_inline_struct_field_roundtrips ... ok
test metadata::lazy_loader::lazy_loader_tests::candidates_routes_by_descendant_namespace ... ok
test metadata::lazy_loader::lazy_loader_tests::candidates_returns_sorted_order ... ok
test metadata::lazy_loader::lazy_loader_tests::candidates_excludes_subsequently_loaded ... ok
test metadata::lazy_loader::lazy_loader_tests::build_in_dirs_not_found_errors ... ok
test metadata::lazy_loader::lazy_loader_tests::candidates_routes_by_exact_namespace ... ok
test metadata::lazy_loader::lazy_loader_tests::failed_function_resolve_is_remembered ... ok
test jit::helpers::struct_ops::struct_ops_tests::alloc_stamps_nonzero_frame_id_and_struct_ref ... ok
test metadata::lazy_loader::lazy_loader_tests::candidates_routes_multi_zpkg_sharing_namespace ... ok
test metadata::lazy_loader::lazy_loader_tests::failed_type_resolve_is_remembered ... ok
test jit::helpers::struct_ops::struct_ops_tests::stale_struct_ref_is_caught ... ok
test metadata::lazy_loader::lazy_loader_tests::install_filters_already_loaded_from_declared ... ok
test metadata::lazy_loader::lazy_loader_tests::inmemory_package_registers_zpkg_file_as_resident ... ok
test metadata::lazy_loader::lazy_loader_tests::namespace_prefix_of_deep_call ... ok
test metadata::lazy_loader::lazy_loader_tests::build_in_dirs_first_dir_wins ... ok
test metadata::lazy_loader::lazy_loader_tests::init_state_distinguishes_running_thread ... ok
test metadata::lazy_loader::lazy_loader_tests::namespace_prefix_of_shallow_name ... ok
test metadata::lazy_loader::lazy_loader_tests::build_in_dirs_finds_in_later_dir ... ok
test metadata::lazy_loader::lazy_loader_tests::namespace_prefix_of_qualified_call ... ok
test metadata::lazy_loader::lazy_loader_tests::negative_cache_survives_a_repeat_miss_without_growing_stale ... ok
test metadata::lazy_loader::lazy_loader_tests::negative_cache_is_dropped_when_a_package_registers ... ok
test metadata::lazy_loader::lazy_loader_tests::noting_a_collision_marks_that_name_and_only_that_name ... ok
test metadata::lazy_loader::lazy_loader_tests::primitive_keyword_names_are_recognized ... ok
test metadata::lazy_loader::lazy_loader_tests::qualified_and_user_names_are_not_primitive ... ok
test metadata::lazy_loader::lazy_loader_tests::remaining_declared_excludes_loaded ... ok
test metadata::lazy_loader::lazy_loader_tests::load_module_from_path_adds_loaded_module_dir_to_search_dirs ... ok
test metadata::lazy_loader::lazy_loader_tests::recording_ambiguity_is_append_only_and_idempotent ... ok
test metadata::lazy_loader::lazy_loader_tests::remaining_declared_returns_sorted_order ... ok
test metadata::loader::availability::tests::claims_namespace_matches_self_and_descendants ... ok
test metadata::loader::availability::tests::namespace_of_bare_name_is_none ... ok
test metadata::loader::availability::tests::namespace_of_strips_last_segment ... ok
test metadata::loader::availability::tests::stats_is_noop_only_when_nothing_happened ... ok
test metadata::loader::tests::aggregate_zpkg_tidx_empty_module_list_yields_empty_vec ... ok
test metadata::loader::tests::aggregate_zpkg_tidx_multi_module_str_idx_is_left_alone ... ok
test metadata::loader::tests::aggregate_zpkg_tidx_single_module_no_offset ... ok
test metadata::loader::tests::aggregate_zpkg_tidx_multi_module_method_id_remap ... ok
test jit::lazy::lazy_tests::interp_only_function_is_not_compiled ... ok
test metadata::lazy_loader::lazy_loader_tests::load_module_from_path_dedupes_module_dir ... ok
test metadata::loader::tests::allocated_type_ids_stay_below_import_base ... ok
test metadata::loader::tests::aggregate_zpkg_tidx_test_case_arg_repr_is_left_alone ... ok
test metadata::loader::tests::deeper_namespace_emits_three_segment_prefix ... ok
test metadata::loader::tests::empty_imports_returns_empty ... ok
test metadata::loader::tests::fixup_converges_with_duplicate_field_names ... ok
test metadata::loader::tests::fixup_deferred_until_base_loads ... ok
test metadata::loader::tests::fixup_idempotent_when_no_new_resolutions ... ok
test metadata::loader::tests::fixup_handles_three_level_chain ... ok
test metadata::loader::tests::fixup_inherits_base_fields_from_separate_module ... ok
test metadata::loader::tests::import_with_no_dot_uses_full_name ... ok
test metadata::loader::tests::import_with_one_dot_emits_first_segment ... ok
test metadata::loader::tests::imports_from_different_namespaces_all_returned ... ok
test metadata::loader::tests::multiple_imports_same_namespace_deduplicated ... ok
test metadata::loader::tests::indexed_zpkg_bytes_only_load_is_rejected ... ok
test jit::helpers::control::check_safepoint_tests::jit_check_safepoint_idle_is_no_op_fast_path ... ok
test metadata::loader::tests::single_import_emits_all_prefixes ... ok
test metadata::loader::tests::object_layout_composed_crosspkg_fixup ... ok
test metadata::loader::tests::object_layout_composed_local_inheritance ... ok
test metadata::loader::tests::test_resolve_namespace_empty_paths ... ok
test metadata::merge::tests::merge_deduplicates_classes_by_name ... ok
test metadata::merge::tests::merge_deduplicates_functions_by_name ... ok
test metadata::loader::tests::type_ids_are_unique_across_modules ... ok
test metadata::merge::tests::merge_empty_returns_error ... ok
test metadata::merge::tests::merge_single_module_is_identity ... ok
test metadata::merge::tests::merge_three_modules_offsets_accumulate ... ok
test metadata::merge::tests::merge_two_modules_concatenates_pools_and_remaps ... ok
test metadata::name_index::name_index_tests::clone_is_independent ... ok
test metadata::name_index::name_index_tests::contains_key ... ok
test metadata::name_index::name_index_tests::debug_renders_like_a_map ... ok
test metadata::name_index::name_index_tests::empty_string_is_valid_key ... ok
test metadata::name_index::name_index_tests::entry_storage_is_box_str_not_string ... ok
test metadata::name_index::name_index_tests::from_iterator_collect_compat ... ok
test metadata::name_index::name_index_tests::from_iterator_dedups_on_collision ... ok
test metadata::name_index::name_index_tests::get_miss_returns_none ... ok
test metadata::name_index::name_index_tests::get_returns_reference_for_dot_copied_compat ... ok
test metadata::name_index::name_index_tests::insert_returns_none_first_time_some_on_update ... ok
test metadata::name_index::name_index_tests::iter_yields_insertion_order ... ok
test metadata::name_index::name_index_tests::keys_iter ... ok
test metadata::name_index::name_index_tests::new_is_empty ... ok
test metadata::namespace_index::tests::read_zbc_namespace_rejects_short_and_bad_magic ... ok
test metadata::namespace_index::tests::scan_empty_dirs_returns_empty ... ok
test metadata::resolver::resolver_tests::cross_module_target_cell_fill_once_then_borrow ... ok
test metadata::loader::tests::test_resolve_namespace_ambiguous_returns_both ... ok
test metadata::resolver::resolver_tests::ctorless_fresh_or_absent_slot_never_hits ... ok
test metadata::resolver::resolver_tests::ctorless_hits_only_at_the_mark_it_was_proved_at ... ok
test metadata::resolver::resolver_tests::field_ic_default_all_slots_unresolved ... ok
test metadata::resolver::resolver_tests::field_ic_install_unresolved_is_noop ... ok
test metadata::resolver::resolver_tests::field_ic_megamorphic_evicts_via_round_robin ... ok
test metadata::resolver::resolver_tests::field_ic_mono_hit ... ok
test metadata::loader::tests::test_resolve_namespace_cross_tier_override ... ok
test metadata::resolver::resolver_tests::field_ic_poly_four_types_all_hit ... ok
test metadata::resolver::resolver_tests::field_ic_poly_two_types_both_hit ... ok
test metadata::loader::tests::indexed_zpkg_rejects_hash_mismatch ... ok
test metadata::resolver::resolver_tests::field_ic_unresolved_recv_type_returns_none ... ok
test metadata::loader::tests::indexed_zpkg_loads_via_path ... ok
test metadata::resolver::resolver_tests::ic_reinstall_same_type_updates_slot_in_place ... ok
test metadata::resolver::resolver_tests::resolved_tokens_default_is_empty ... ok
test metadata::resolver::resolver_tests::note_fn_registration_strictly_advances_the_mark ... ok
test metadata::resolver::resolver_tests::vcall_ic_default_all_slots_unresolved ... ok
test metadata::resolver::resolver_tests::vcall_ic_mono_hit ... ok
test metadata::resolver::resolver_tests::vcall_ic_poly_four_types ... ok
test metadata::sidecar_tests::parse_zbc_sidecar_rejects_missing_blid ... ok
test metadata::namespace_index::tests::scan_within_dir_is_sorted_deterministic ... ok
test metadata::sidecar_tests::parse_zbc_sidecar_rejects_non_zbc_magic ... ok
test metadata::namespace_index::tests::scan_skips_non_zpkg_and_bad_magic ... ok
test metadata::sidecar_tests::parse_zbc_sidecar_rejects_old_minor ... ok
test metadata::sidecar_tests::parse_zbc_sidecar_rejects_when_symonly_flag_unset ... ok
test metadata::sidecar_tests::parse_zpkg_sidecar_rejects_non_zpkg_magic ... ok
test jit::helpers::struct_ops::struct_ops_tests::field_set_get_prim_round_trips ... ok
test metadata::sidecar_tests::parse_zpkg_sidecar_rejects_old_minor ... ok
test metadata::sidecar_tests::parse_zpkg_sidecar_rejects_when_symonly_flag_unset ... ok
test metadata::sidecar_tests::read_build_id_returns_none_for_too_short_input ... ok
test metadata::sidecar_tests::read_build_id_returns_none_when_absent ... ok
test metadata::string_id::tests::equality_and_hashing ... ok
test metadata::string_id::tests::display_format ... ok
test metadata::string_id::tests::invalid_sentinel ... ok
test metadata::string_id::tests::new_and_as_u32_round_trip ... ok
test metadata::string_id::tests::ordering_for_btreemap_use ... ok
test jit::lazy::lazy_tests::setup_compiles_nothing ... ok
test metadata::string_id::tests::resolve_invalid_returns_none ... ok
test metadata::string_id::tests::resolve_out_of_bounds_returns_none ... ok
test metadata::string_id::tests::resolve_unwrap_works_for_valid ... ok
test metadata::string_id::tests::resolve_valid_id ... ok
test metadata::string_id::tests::size_is_four_bytes ... ok
test metadata::string_id::tests::resolve_unwrap_panics_on_out_of_bounds - should panic ... ok
test metadata::superinstr::superinstr_tests::cmp_br_is_untyped_when_an_operand_is_non_integer ... ok
test metadata::superinstr::superinstr_tests::cmp_br_is_untyped_when_reg_types_unavailable ... ok
test metadata::superinstr::superinstr_tests::no_fusion_when_terminator_is_not_brcond_on_the_cmp_dst ... ok
test metadata::superinstr::superinstr_tests::recognizes_cmp_br_and_types_it_when_operands_are_integer ... ok
test metadata::test_index::test_index_tests::decodes_all_kind_variants ... ok
test metadata::superinstr::superinstr_tests::typing_disabled_forces_untyped_even_for_integer_operands ... ok
test metadata::test_index::test_index_tests::decodes_empty_section ... ok
test metadata::test_index::test_index_tests::decodes_flags_and_indices ... ok
test metadata::test_index::test_index_tests::decodes_single_test_entry ... ok
test metadata::test_index::test_index_tests::decodes_skip_platform_and_feature ... ok
test metadata::test_index::test_index_tests::decodes_test_cases ... ok
test metadata::test_index::test_index_tests::rejects_reserved_flag_bits ... ok
test metadata::test_index::test_index_tests::rejects_truncated_payload ... ok
test metadata::test_index::test_index_tests::rejects_unknown_kind_discriminant ... ok
test metadata::test_index::test_index_tests::rejects_unsupported_version ... ok
test metadata::test_index::test_index_tests::rejects_v1_explicitly ... ok
test metadata::test_index::test_index_tests::rejects_wrong_magic ... ok
test metadata::tokens::tests::import_base_constant_is_high_bit ... ok
test metadata::tokens::tests::import_token_is_resolved ... ok
test metadata::tokens::tests::import_token_reports_import ... ok
test metadata::tokens::tests::intra_module_token_is_not_import ... ok
test metadata::tokens::tests::resolved_token_reports_resolved ... ok
test metadata::tokens::tests::import_idx_on_intra_module_panics_in_debug - should panic ... ok
test metadata::tokens::tests::token_types_are_distinct ... ok
test metadata::tokens::tests::unresolved_is_neither_resolved_nor_import ... ok
test metadata::tokens::tests::unresolved_sentinel_is_u32_max ... ok
test metadata::types::obj_storage::obj_storage_tests::byte_region_is_eight_aligned_whatever_the_ref_count ... ok
test metadata::types::obj_storage::obj_storage_tests::bytes_start_zeroed_and_are_writable ... ok
test metadata::types::obj_storage::obj_storage_tests::empty_storage_allocates_nothing_and_yields_empty_slices ... ok
test metadata::types::obj_storage::obj_storage_tests::from_bytes_copies_the_scalar_payload ... ok
test metadata::types::obj_storage::obj_storage_tests::mixed_block_keeps_the_two_regions_disjoint ... ok
test metadata::types::obj_storage::obj_storage_tests::many_blocks_alloc_and_free_without_tripping_the_allocator ... ok
test metadata::types::obj_storage::obj_storage_tests::refs_start_null_and_are_writable ... ok
test metadata::types::obj_storage::obj_storage_tests::value_is_copy_so_drop_can_skip_the_ref_region ... ok
test metadata::types_tests::boxed_prim_i64_none_for_non_int_wrapper_and_short_bytes ... ok
test metadata::types_tests::boxed_prim_i64_roundtrip_widths_and_sign ... ok
test metadata::types_tests::clear_inline_refs_erases_every_inlined_pointer ... ok
test metadata::types_tests::clear_inline_refs_skips_an_offset_past_the_payload ... ok
test metadata::types_tests::compose_object_layout_already_aligned_base_no_extra_pad ... ok
test metadata::types_tests::compose_object_layout_pads_base_to_8 ... ok
test metadata::types_tests::compose_object_layout_root_is_identity ... ok
test metadata::types_tests::composed_object_layout_ref_matches_the_cloning_twin ... ok
test metadata::types_tests::default_for_bool_tag_is_false ... ok
test metadata::types_tests::default_for_char_tag_is_null_char ... ok
test metadata::types_tests::default_for_float_tags_is_zero_f64 ... ok
test metadata::types_tests::default_for_ref_tags_is_null ... ok
test metadata::types_tests::default_for_signed_int_tags_is_zero_i64 ... ok
test metadata::types_tests::default_for_unsigned_int_tags_is_zero_i64 ... ok
test metadata::types_tests::default_value_for_string_keys_match_tags ... ok
test metadata::types_tests::inline_object_field_roundtrips_and_is_traced ... ok
test metadata::types_tests::is_heap_ref_false_for_pinned_view ... ok
test metadata::types_tests::is_heap_ref_false_for_primitives ... ok
test metadata::types_tests::is_heap_ref_false_for_ref_handle ... ok
test metadata::types_tests::is_heap_ref_false_for_ref_stack ... ok
test metadata::types_tests::is_heap_ref_false_for_stack_closure ... ok
test metadata::types_tests::is_heap_ref_true_for_array ... ok
test metadata::types_tests::is_heap_ref_true_for_closure ... ok
test metadata::types_tests::is_heap_ref_true_for_object ... ok
test metadata::types_tests::is_heap_ref_true_for_string_and_func_ref ... ok
test metadata::types_tests::object_storage_empty_for_fieldless_type ... ok
test metadata::types_tests::script_object_stays_small ... ok
test metadata::types_tests::struct_array_backing_roundtrip_and_gc_refs ... ok
test metadata::types_tests::trace_children_visits_inline_struct_refs ... ok
test metadata::types_tests::value_bool_payload_at_offset_8 ... ok
test metadata::types_tests::value_discriminants_pinned ... ok
test metadata::types_tests::value_f64_payload_at_offset_8 ... ok
test metadata::types_tests::value_i64_payload_at_offset_8 ... ok
test metadata::types_tests::value_size_observed ... ok
test metadata::vstr::tests::clone_shares_same_block ... ok
test metadata::vstr::tests::distinct_allocs_have_distinct_identity ... ok
test metadata::vstr::tests::empty_string_is_valid ... ok
test metadata::vstr::tests::equality_and_ordering_by_content ... ok
test jit::lazy::lazy_tests::second_run_does_not_recompile ... ok
test metadata::vstr::tests::hashes_like_str ... ok
test jit::lazy::lazy_tests::concurrent_first_call_compiles_exactly_once ... ok
test jit::lazy::lazy_tests::run_entry_compiles_only_the_entry ... ok
test metadata::vstr::tests::round_trips_content_and_len ... ok
test metadata::zbc_reader::tests::import_token_to_oob_pool_errors ... ok
test metadata::zbc_reader::tests::import_token_uses_pool ... ok
test metadata::zbc_reader::tests::local_class_token_uses_local_classes_table ... ok
test metadata::zbc_reader::tests::local_token_oob_errors ... ok
test metadata::zbc_reader::tests::local_token_uses_local_funcs_table ... ok
test jit::lazy::lazy_tests::tiering_cold_jit_call_callee_stays_interp ... ok
test metadata::zbc_reader::tests::ordinary_read_failures_are_not_version_mismatches ... ok
test metadata::zbc_reader::tests::pure_primitive_struct_block_has_no_ref_leaves ... ok
test metadata::zbc_reader::tests::struct_layout_block_roundtrips_ref_bitmap ... ok
test metadata::zbc_reader::tests::unresolved_token_returns_diagnostic_placeholder ... ok
test metadata::zbc_reader::tests::version_mismatch_messages_are_unchanged ... ok
test metadata::zbc_reader::tests::version_mismatch_survives_context_wrapping ... ok
test metadata::zbc_reader::tests::zbc_read_rejects_higher_minor ... ok
test metadata::zbc_reader::tests::zbc_read_rejects_lower_minor ... ok
test metadata::zbc_reader::tests::zbc_read_rejects_pre_1_0 ... ok
test metadata::zbc_reader::tests::zbc_read_rejects_wrong_major ... ok
test metadata::zbc_reader::tests::zbc_sidecar_rejects_wrong_minor ... ok
test metadata::zbc_reader::tests::zbc_version_constants_pinned ... ok
test metadata::zbc_reader::tests::zbc_wrong_minor_is_a_typed_version_mismatch ... ok
test metadata::zbc_reader::tests::zpkg_read_rejects_higher_minor ... ok
test jit::lazy::lazy_tests::distinct_functions_each_compile_once ... ok
test metadata::zbc_reader::tests::zpkg_read_rejects_lower_minor ... ok
test metadata::zbc_reader::tests::zpkg_read_rejects_wrong_major ... ok
test metadata::zbc_reader::tests::zpkg_sidecar_rejects_wrong_minor ... ok
test metadata::zbc_reader::tests::zpkg_version_constants_pinned ... ok
test metadata::zbc_reader::tests::zpkg_wrong_minor_is_a_typed_version_mismatch ... ok
test jit::lazy::lazy_tests::caller_lazily_compiles_callee_mid_execution ... ok
test native::dispatch_tests::arg_count_mismatch_errors ... ok
test native::dispatch_tests::parse_signature_basic_forms ... ok
test native::dispatch_tests::parse_signature_rejects_unsupported_types ... ok
test native::dispatch_tests::pointer_return_yields_native_ptr_tag ... ok
test native::dispatch_tests::add_i64_via_libffi ... ok
test native::dispatch_tests::add_i32_truncates_correctly ... ok
test native::dispatch_tests::neg_f64_via_libffi ... ok
test native::dispatch_tests::no_args_call ... ok
test native::dispatch_tests::bool_return_normalised ... ok
test native::dispatch_tests::void_return_yields_null_tag ... ok
test native::error::tests::clear_and_set_round_trip ... ok
test native::error::tests::clear_resets_to_no_error ... ok
test native::ext_tests::ext_builtin_table_register_and_lookup ... ok
test native::ext_tests::native_search_paths_includes_default_sdk_layout ... ok
test native::ext_tests::native_search_paths_includes_exec_dir_fallback ... ok
test native::ext_tests::native_search_paths_includes_exec_dir_for_cargo_target_layout ... ok
test native::ext_tests::parse_z42_lib_name_ignores_non_z42_prefix ... ok
test native::ext_tests::parse_z42_lib_name_ignores_unknown_extension ... ok
test native::ext_tests::parse_z42_lib_name_strips_lib_prefix_and_ext ... ok
test native::loader::tests::guess_register_symbol_strips_prefix_and_ext ... ok
test native::marshal_tests::bool_round_trip ... ok
test native::marshal_tests::f64_nan_round_trip ... ok
test native::marshal_tests::i32_round_trip_truncates_via_libffi_layer_only ... ok
test native::marshal_tests::i64_round_trip ... ok
test native::marshal_tests::null_into_pointer_target ... ok
test native::marshal_tests::pointer_int_round_trip ... ok
test native::marshal_tests::str_marshal_empty_string_is_just_a_nul_byte ... ok
test native::marshal_tests::str_to_cstr_round_trip_payload_points_at_nul_terminated_buffer ... ok
test native::marshal_tests::str_to_ptr_uses_same_path_as_cstr ... ok
test native::marshal_tests::str_with_interior_nul_returns_invalid_marshal ... ok
test native::marshal_tests::unsupported_combo_errors ... ok
test native::registry_tests::from_descriptor_reads_name_and_methods ... ok
test native::registry_tests::rejects_method_count_with_null_methods ... ok
test native::registry_tests::rejects_null_descriptor ... ok
test native::registry_tests::rejects_null_module_name ... ok
test native::registry_tests::rejects_unsupported_signature ... ok
test native::registry_tests::rejects_wrong_abi_version ... ok
test observer::tests::empty_registry_fires_zero ... ok
test observer::tests::event_payload_preserved ... ok
test observer::tests::fire_snapshot_allows_reentrant_add ... ok
test observer::tests::multiple_observers_all_fire ... ok
test observer::tests::phase2_variants_round_trip_through_recorder ... ok
test observer::tests::single_observer_receives_event ... ok
test pal::signal::signal_tests::signal_name_known ... ok
test pal::signal::signal_tests::signal_name_unknown ... ok
test pal::signal::signal_tests::write_dec_u32_max ... ok
test pal::signal::signal_tests::write_dec_u32_small ... ok
test pal::signal::signal_tests::write_dec_u32_zero ... ok
test pal::signal::signal_tests::write_hex_u64_basic ... ok
test pal::signal::signal_tests::write_hex_u64_max ... ok
test pal::signal::signal_tests::write_hex_u64_zero ... ok
test pal::fs::fs_tests::make_executable_sets_exec_bits ... ok
test pal::signal::signal_tests::write_str_partial_safety ... ok
test pal::system::system_tests::hostname_and_os_version_are_callable_repeatedly ... ok
test pal::system::system_tests::hostname_returns_some_on_unix ... ok
test pal::system::system_tests::os_version_is_non_empty_on_unix ... ok
test semantics::semantics_tests::bool_source_rejected ... ok
test pal::fs::fs_tests::symlink_creates_resolving_link ... ok
test semantics::semantics_tests::char_to_i64 ... ok
test semantics::semantics_tests::eval_cmp_ne_nan_is_true ... ok
test semantics::semantics_tests::f64_to_i32_truncates_then_narrows ... ok
test semantics::semantics_tests::f64_to_i64_nan_yields_zero ... ok
test semantics::semantics_tests::f64_to_i64_neg_inf_saturates ... ok
test semantics::semantics_tests::f64_to_i64_pos_inf_saturates ... ok
test semantics::semantics_tests::f64_to_i64_truncates_negative ... ok
test semantics::semantics_tests::f64_to_i64_truncates_positive ... ok
test semantics::semantics_tests::f64_to_i8_narrowing_overflow_saturates_then_truncates ... ok
test semantics::semantics_tests::i64_to_char_above_max_errors ... ok
test semantics::semantics_tests::i64_to_char_basic ... ok
test semantics::semantics_tests::i64_to_char_surrogate_errors ... ok
test jit::lazy_load_tests::resolve_fn_by_name_routes_through_id_and_compiles ... ok
test semantics::semantics_tests::i64_to_f64_large_int_precision_loss_is_silent ... ok
test semantics::semantics_tests::i64_to_f64_widens ... ok
test semantics::semantics_tests::i64_to_i16_truncates ... ok
test semantics::semantics_tests::i64_to_i32_high_bits_truncated ... ok
test semantics::semantics_tests::i64_to_i64_identity ... ok
test semantics::semantics_tests::i64_to_u32_passes_unchanged_in_range ... ok
test semantics::semantics_tests::i64_to_u8_truncates ... ok
test semantics::semantics_tests::int_binop_type_mismatch_bails ... ok
test semantics::semantics_tests::int_binop_widens_mixed_i64_f64 ... ok
test semantics::semantics_tests::int_binop_wrapping_add_overflow ... ok
test semantics::semantics_tests::int_bitop_shift_masks_low_six_bits ... ok
test semantics::semantics_tests::is_int_div_by_zero_only_integer_zero ... ok
test semantics::semantics_tests::null_source_rejected ... ok
test semantics::semantics_tests::numeric_lt_char_i64_widening ... ok
test semantics::semantics_tests::str_source_rejected ... ok
test semantics::semantics_tests::target_bool_rejected_for_f64 ... ok
test semantics::semantics_tests::target_bool_rejected_for_int ... ok
test semantics::semantics_tests::unbox_bool_identity ... ok
test semantics::semantics_tests::unbox_char_identity ... ok
test semantics::semantics_tests::unbox_int_via_convert_path ... ok
test semantics::semantics_tests::unbox_mismatch_str_to_bool_throws ... ok
test signal_handler::signal_handler_tests::install_is_idempotent ... ok
test vm_context::cctor::tests::empty_registry_is_never_pending ... ok
test vm_context::cctor::tests::failed_type_reports_error_on_every_later_access ... ok
test vm_context::cctor::tests::owner_class_split ... ok
test vm_context::cctor::tests::reentrant_claim_on_same_thread_is_allowed ... ok
test vm_context::cctor::tests::register_is_idempotent ... ok
test vm_context::cctor::tests::register_makes_pending_and_finish_clears_it ... ok
test vm_context::cctor::tests::second_claim_after_done_is_noop ... ok
test vm_context::cctor::tests::unregistered_type_never_blocks ... ok
test vm_context::isa_cache_tests::clear_forgets_everything ... ok
test vm_context::isa_cache_tests::collision_overwrites_without_false_hit ... ok
test vm_context::isa_cache_tests::keyed_on_identity_not_content ... ok
test vm_context::isa_cache_tests::miss_then_hit_and_verdict_roundtrip ... ok
test vm_context::symres_tests::args_alone_still_decide_without_the_marker ... ok
test vm_context::symres_tests::bare_alloc_empty_ctor_name_is_never_missing ... ok
test vm_context::symres_tests::exact_arity_accepts_only_its_own_count ... ok
test vm_context::symres_tests::marked_zero_arg_site_is_definite ... ok
test vm_context::symres_tests::min_arg_is_ignored_entirely ... ok
test vm_context::symres_tests::optional_tail_does_not_widen_the_lower_bound ... ok
test vm_context::symres_tests::params_tail_has_no_upper_bound ... ok
test vm_context::symres_tests::sret_adds_exactly_one_hidden_slot ... ok
test vm_context::symres_tests::sret_bit_composes_with_other_method_flags ... ok
test vm_context::symres_tests::unmarked_zero_arg_site_is_let_through ... ok
test vm_context::symres_tests::without_the_sret_bit_the_extra_slot_is_a_mismatch ... ok
test jit::lazy_load_tests::resolve_id_by_name_maps_merged_function_to_its_index ... ok
test jit::lazy_load_tests::resolve_id_by_name_unknown_without_loader_is_none ... ok
test jit::lazy_load_tests::synthetic_id_beyond_lazy_table_resolves_to_none ... ok
test metadata::lazy_loader::lazy_loader_tests::vm_context_install_then_uninstall_is_clean ... ok
test metadata::lazy_loader::lazy_loader_tests::vm_context_install_with_deps_no_libs_no_declared_returns_none ... ok
test native::loader::tests::nonexistent_path_sets_lib_load_failure ... ok
test gc::region::region_tests::the_free_chunk_index_tracks_the_buckets_through_reuse_and_reclaim ... ok
test vm_context::vm_context_tests::pending_exception_set_then_take_consumes ... ok
test vm_context::vm_context_tests::lazy_loader_install_then_uninstall_is_clean ... ok
test vm_context::vm_context_tests::static_get_unset_returns_null ... ok
test vm_context::vm_context_tests::vm_context_new_with_core_shares_core ... ok
test vm_context::vm_context_tests::static_fields_clear_drops_all ... ok
test vm_context::vm_context_tests::vm_context_new_with_core_shares_static_fields ... ok
test vm_context::vm_context_tests::pending_exception_take_unset_is_none ... ok
test vm_context::vm_context_tests::heap_alloc_array_increments_stats ... ok
test vm_context::vm_context_tests::vm_context_registers_self_on_new ... ok
test vm_context::vm_context_tests::static_set_then_get_roundtrip ... ok
test vm_context::vm_context_tests::vm_context_new_with_core_drop_only_removes_self ... ok
test vm_context::vm_context_tests::vm_context_drop_removes_from_registry ... ok
test vm_context::vm_context_tests::heap_is_installed_by_default ... ok
test vm_context::vm_context_tests::lazy_loader_two_contexts_independent ... ok
test vm_context::vm_context_tests::two_contexts_exception_isolated ... ok
test vm_context::vm_context_tests::two_contexts_static_fields_isolated ... ok
test vm_context::vm_context_tests::two_vm_contexts_both_registered_independently ... ok
test vm_context::vm_context_tests::two_contexts_heap_isolated ... ok
test corelib::process::process_tests::try_wait_returns_null_while_running_then_result_after ... ok

test result: ok. 1296 passed; 0 failed; 3 ignored; 0 measured; 0 filtered out; finished in 2.48s

     Running unittests src/main.rs (/Users/d.s.qiu/Documents/codesigner-ui/z42-callarity/artifacts/build/runtime/debug/deps/z42vm-e419bc7b94a8d1bd)

running 7 tests
test main_tests::no_resolution_publishes_nothing ... ok
test main_tests::explicit_env_is_left_untouched ... ok
test main_tests::empty_env_is_treated_as_unset ... ok
test main_tests::unset_env_publishes_resolved_dir ... ok
test main_tests::the_three_introspection_commands_are_distinguishable ... ok
test main_tests::help_text_groups_options_by_responsibility ... ok
test main_tests::help_text_carries_no_internal_provenance ... ok

test result: ok. 7 passed; 0 failed; 0 ignored; 0 measured; 0 filtered out; finished in 0.00s

     Running tests/cross_thread_smoke.rs (/Users/d.s.qiu/Documents/codesigner-ui/z42-callarity/artifacts/build/runtime/debug/deps/cross_thread_smoke-6370388a20b30f8f)

running 10 tests
test concurrent_gc_mode_stress_no_race_no_leak ... ignored, concurrent GC stale-mark race; reproduces on windows-x86 AND macos-arm64 (2026-07-08, surfaced when test runtime went all-legs — the earlier 'windows-only / ARM passes' premise is void); tracked in docs/spec/changes/investigate-concurrent-gc-stale-mark-race (phase 3: loom-validated fix)
test box_dyn_magr_gc_works_on_worker_thread ... ok
test mutex_serializes_concurrent_increments_across_threads ... ok
test channel_producer_consumer_hand_off_across_threads ... ok
test vm_context_alloc_array_then_read_on_worker_thread ... ok
test gc_alloc_on_one_thread_drop_on_another ... ok
test spawn_via_builtin_then_join_runs_action_on_worker_thread ... ok
test concurrent_gc_collect_callers_arbitrate ... ok
test gc_collect_with_concurrent_mutators_no_race ... ok
test auto_collect_triggers_via_safepoint_no_race ... ok

test result: ok. 9 passed; 0 failed; 1 ignored; 0 measured; 0 filtered out; finished in 0.04s

     Running tests/format_fixture_versions.rs (/Users/d.s.qiu/Documents/codesigner-ui/z42-callarity/artifacts/build/runtime/debug/deps/format_fixture_versions-3bb0fd185f35d11d)

running 2 tests
test committed_zpkg_baselines_match_the_current_writer ... ok
test committed_zbc_baselines_match_the_current_writer ... ok

test result: ok. 2 passed; 0 failed; 0 ignored; 0 measured; 0 filtered out; finished in 0.00s

     Running tests/gc_alloc_black_loom.rs (/Users/d.s.qiu/Documents/codesigner-ui/z42-callarity/artifacts/build/runtime/debug/deps/gc_alloc_black_loom-e1907c45aec12635)

running 0 tests

test result: ok. 0 passed; 0 failed; 0 ignored; 0 measured; 0 filtered out; finished in 0.00s

     Running tests/gc_registration_race_loom.rs (/Users/d.s.qiu/Documents/codesigner-ui/z42-callarity/artifacts/build/runtime/debug/deps/gc_registration_race_loom-40ef8857b5246fb4)

running 0 tests

test result: ok. 0 passed; 0 failed; 0 ignored; 0 measured; 0 filtered out; finished in 0.00s

     Running tests/manifest_schema_validation.rs (/Users/d.s.qiu/Documents/codesigner-ui/z42-callarity/artifacts/build/runtime/debug/deps/manifest_schema_validation-44726ae9689280fe)

running 4 tests
test schema_compiles_under_draft_2020_12 ... ok
test missing_required_field_fails ... ok
test example_manifest_validates ... ok
test unknown_fields_are_tolerated ... ok

test result: ok. 4 passed; 0 failed; 0 ignored; 0 measured; 0 filtered out; finished in 0.02s

     Running tests/native_interop_e2e.rs (/Users/d.s.qiu/Documents/codesigner-ui/z42-callarity/artifacts/build/runtime/debug/deps/native_interop_e2e-7192ed6c3869fd54)

running 9 tests
test register_counter_then_resolve ... ok
test rust_counter_register_and_resolve ... ok
test c_and_rust_modules_coexist ... ok
test callnative_counter_inc_three_times_then_get_returns_three ... ok
test rust_counter_callnative_inc_three_times_then_get_returns_three ... ok
test z42_str_marshals_to_cstr_via_strlen ... ok
test z42_byte_array_pins_and_calls_native_buflen ... ok
test callnative_unknown_method_traps ... ok
test z42_str_with_interior_nul_traps_marshal ... ok

test result: ok. 9 passed; 0 failed; 0 ignored; 0 measured; 0 filtered out; finished in 0.04s

     Running tests/native_opcode_trap.rs (/Users/d.s.qiu/Documents/codesigner-ui/z42-callarity/artifacts/build/runtime/debug/deps/native_opcode_trap-f59bcc5dde48bb4c)

running 4 tests
test call_native_vtable_traps_with_spec_pointer ... ok
test unpin_ptr_non_view_traps ... ok
test call_native_unknown_type_traps ... ok
test pin_ptr_non_str_traps ... ok

test result: ok. 4 passed; 0 failed; 0 ignored; 0 measured; 0 filtered out; finished in 0.03s

     Running tests/native_pin_e2e.rs (/Users/d.s.qiu/Documents/codesigner-ui/z42-callarity/artifacts/build/runtime/debug/deps/native_pin_e2e-54cf91667c1e6a56)

running 8 tests
test pin_array_u8_snapshots_bytes ... ok
test pin_str_then_field_ptr_returns_nonzero ... ok
test pin_empty_array_returns_zero_length_view ... ok
test unpin_then_str_still_usable ... ok
test pin_str_then_field_len_returns_byte_length ... ok
test pin_array_with_negative_element_traps ... ok
test pin_array_with_out_of_range_element_traps ... ok
test pin_view_unknown_field_traps ... ok

test result: ok. 8 passed; 0 failed; 0 ignored; 0 measured; 0 filtered out; finished in 0.04s

     Running tests/signal_handler_e2e.rs (/Users/d.s.qiu/Documents/codesigner-ui/z42-callarity/artifacts/build/runtime/debug/deps/signal_handler_e2e-2ba00bd8f979d589)

running 7 tests
test sigbus_captures_marker ... ok
test z42_crash_dir_unwritable_falls_back_to_stderr ... ok
test sigill_captures_marker ... ok
test sigfpe_captures_marker ... ok
test sigabrt_captures_marker ... ok
test sigsegv_captures_marker ... ok
test z42_crash_dir_writes_file ... ok

test result: ok. 7 passed; 0 failed; 0 ignored; 0 measured; 0 filtered out; finished in 0.49s

     Running tests/zbc_compat.rs (/Users/d.s.qiu/Documents/codesigner-ui/z42-callarity/artifacts/build/runtime/debug/deps/zbc_compat-7ff74893ef929bbe)

running 3 tests
test class_basic_zbc_has_classes ... ok
test all_golden_zbc_decode ... ok
test test_demo_tidx_round_trips ... ok

test result: ok. 3 passed; 0 failed; 0 ignored; 0 measured; 0 filtered out; finished in 1.48s

     Running unittests src/lib.rs (/Users/d.s.qiu/Documents/codesigner-ui/z42-callarity/artifacts/build/runtime/debug/deps/z42_compression-f81ae05c6bdba6cb)

running 21 tests
test compression_tests::compressor_begin_unknown_algo ... ok
test compression_tests::zstd_compress_invalid_level ... ok
test compression_tests::deflate_compress_invalid_mode ... ok
test compression_tests::deflate_compress_invalid_level ... ok
test compression_tests::compressor_feed_unknown_slot ... ok
test compression_tests::compressor_dispose_unknown_slot_silent ... ok
test compression_tests::deflate_decompress_invalid_data ... ok
test compression_tests::zstd_decompress_invalid_data ... ok
test compression_tests::zlib_header_is_mod_31 ... ok
test compression_tests::gzip_shrinks_repetitive_input ... ok
test compression_tests::gzip_magic_bytes ... ok
test compression_tests::deflate_raw_round_trip_fastest_level ... ok
test compression_tests::zlib_round_trip_max_level ... ok
test compression_tests::gzip_round_trip_default_level ... ok
test compression_tests::zstd_magic_bytes ... ok
test compression_tests::streaming_gzip_decoder_accumulates_and_decodes ... ok
test compression_tests::compressor_slot_ids_monotonic ... ok
test compression_tests::streaming_gzip_encoder_matches_one_shot_round_trip ... ok
test compression_tests::streaming_zstd_encoder_round_trip ... ok
test compression_tests::zstd_round_trip_default_level ... ok
test compression_tests::zstd_round_trip_max_level ... ok

test result: ok. 21 passed; 0 failed; 0 ignored; 0 measured; 0 filtered out; finished in 0.07s

   Doc-tests z42

running 1 test
test src/vm_context/mod.rs - vm_context (line 21) ... ignored

test result: ok. 0 passed; 0 failed; 1 ignored; 0 measured; 0 filtered out; finished in 0.00s

   Doc-tests z42_compression

running 0 tests

test result: ok. 0 passed; 0 failed; 0 ignored; 0 measured; 0 filtered out; finished in 0.00s

