▶ test

=== stage: build wave (debug vm + regen) ===
warning: unused import: `array_access::*`
  --> src/metadata/types.rs:32:9
   |
32 | pub use array_access::*;
   |         ^^^^^^^^^^^^^^^
   |
   = note: `#[warn(unused_imports)]` (part of `#[warn(unused)]`) on by default

warning: unused import: `namespace_prefix`
   --> src/metadata/lazy_loader.rs:386:26
    |
386 | pub(crate) use resolve::{namespace_prefix, InitState};
    |                          ^^^^^^^^^^^^^^^^

warning: unused import: `FinalizerFn`
 --> src/gc/arc_heap/collect.rs:6:24
  |
6 | use crate::gc::types::{FinalizerFn};
  |                        ^^^^^^^^^^^

warning: unused import: `FinalizerFn`
 --> src/gc/arc_heap/generational.rs:7:24
  |
7 | use crate::gc::types::{FinalizerFn};
  |                        ^^^^^^^^^^^

warning: unused import: `AtomicU32`
  --> src/gc/arc_heap/promotion_policy.rs:51:37
   |
51 | use std::sync::atomic::{AtomicBool, AtomicU32, AtomicU64, Ordering};
   |                                     ^^^^^^^^^

warning: unused import: `parking_lot::Mutex`
 --> src/gc/arc_heap/debug.rs:4:5
  |
4 | use parking_lot::Mutex;
  |     ^^^^^^^^^^^^^^^^^^

warning: unused import: `ScriptObject`
 --> src/gc/arc_heap/debug.rs:5:23
  |
5 | use crate::metadata::{ScriptObject, Value};
  |                       ^^^^^^^^^^^^

warning: unused import: `ArrayObj`
 --> src/gc/arc_heap/debug.rs:6:30
  |
6 | use crate::metadata::types::{ArrayObj};
  |                              ^^^^^^^^

warning: unused import: `GcRef`
 --> src/gc/arc_heap/debug.rs:7:23
  |
7 | use crate::gc::refs::{GcRef};
  |                       ^^^^^

warning: unused imports: `AtomicBool`, `AtomicPtr`, `AtomicU32`, and `AtomicU8`
  --> src/gc/region.rs:38:25
   |
38 | use std::sync::atomic::{AtomicBool, AtomicPtr, AtomicU32, AtomicU8, Ordering};
   |                         ^^^^^^^^^^  ^^^^^^^^^  ^^^^^^^^^  ^^^^^^^^

warning: unused import: `parking_lot::Mutex`
  --> src/gc/region.rs:40:5
   |
40 | use parking_lot::Mutex;
   |     ^^^^^^^^^^^^^^^^^^

warning: unused import: `super::types::FinalizerFn`
  --> src/gc/region.rs:42:5
   |
42 | use super::types::FinalizerFn;
   |     ^^^^^^^^^^^^^^^^^^^^^^^^^

warning: unused import: `class_for_with_limit`
  --> src/gc/var_region.rs:80:35
   |
80 | pub(crate) use chunk::{class_for, class_for_with_limit, OVERSIZED_CLASS};
   |                                   ^^^^^^^^^^^^^^^^^^^^

warning: unused import: `isa_td`
 --> src/interp/exec_object.rs:9:23
  |
9 | use super::dispatch::{isa_td, make_fallback_type_desc};
  |                       ^^^^^^

warning: unused import: `super::exec_vcall::is_array_isa`
  --> src/interp/exec_object.rs:10:5
   |
10 | use super::exec_vcall::is_array_isa;
   |     ^^^^^^^^^^^^^^^^^^^^^^^^^^^^^^^

warning: glob import doesn't reexport anything with visibility `pub(crate)` because no imported item is public enough
  --> src/config.rs:56:16
   |
56 | pub(crate) use parse::*;
   |                ^^^^^^^^
   |
note: the most public imported item is `pub(self)`
  --> src/config.rs:56:16
   |
56 | pub(crate) use parse::*;
   |                ^^^^^^^^
   = help: reduce the glob import's visibility or increase visibility of imported items

warning: unused import: `crate::gc::heap::MagrGC`
 --> src/gc/arc_heap/generational.rs:4:5
  |
4 | use crate::gc::heap::MagrGC;
  |     ^^^^^^^^^^^^^^^^^^^^^^^

warning: value assigned to `freed_bytes` is never read
   --> src/gc/arc_heap/control.rs:324:22
    |
324 |                 let (mut freed_bytes, mut did_major) = (0u64, false);
    |                      ^^^^^^^^^^^^^^^ this value is reassigned later and never used
...
330 |                     freed_bytes = minor.freed_bytes;
    |                     ------------------------------- `freed_bytes` is overwritten here before the previous value is read
    |
    = note: `#[warn(unused_assignments)]` (part of `#[warn(unused)]`) on by default

warning: value assigned to `cur` is never read
  --> src/vm_context/symres.rs:34:53
   |
34 |     let mut cur: Option<std::sync::Arc<TypeDesc>> = None;
   |                                                     ^^^^ this value is reassigned later and never used
...
46 |             Some(b) => { cur = Some(b); probe = cur.as_deref().unwrap(); }
   |                          --- `cur` is overwritten here before the previous value is read

warning: field `promoted_bytes` is never read
  --> src/gc/arc_heap/generational.rs:18:16
   |
14 | pub(crate) struct MinorSweepResult {
   |                   ---------------- field in this struct
...
18 |     pub(crate) promoted_bytes: u64,
   |                ^^^^^^^^^^^^^^
   |
   = note: `MinorSweepResult` has derived impls for the traits `Clone` and `Debug`, but these are intentionally ignored during dead code analysis
   = note: `#[warn(dead_code)]` (part of `#[warn(unused)]`) on by default

warning: method `age_for_this_minor` is never used
  --> src/gc/arc_heap/promotion_policy.rs:82:19
   |
80 | impl PromotionPolicy {
   | -------------------- method in this implementation
81 |     /// The age this minor should sweep at, given the configured one.
82 |     pub(super) fn age_for_this_minor(&self, configured: u8) -> u8 {
   |                   ^^^^^^^^^^^^^^^^^^

warning: method `filled` is never used
   --> src/gc/region.rs:146:19
    |
100 | impl<T> ChunkClaim<T> {
    | --------------------- method in this implementation
...
146 |     pub(crate) fn filled(&self) -> u16 {
    |                   ^^^^^^

warning: method `compact_free_lists` is never used
   --> src/gc/var_region.rs:442:8
    |
282 | impl VarRegion {
    | -------------- method in this implementation
...
442 |     fn compact_free_lists(&mut self) {
    |        ^^^^^^^^^^^^^^^^^^

warning: function `stats_enabled` is never used
   --> src/interp/stack_alloc.rs:218:8
    |
218 | pub fn stats_enabled() -> bool {
    |        ^^^^^^^^^^^^^

warning: method `get_cloned` is never used
  --> src/vm_context/resource_registry.rs:74:19
   |
70 | impl<T: Clone> ResourceRegistry<T> {
   | ---------------------------------- method in this implementation
...
74 |     pub(crate) fn get_cloned(&self, id: u64) -> Option<T> {
   |                   ^^^^^^^^^^

warning: methods `is_done` and `registered_count` are never used
   --> src/vm_context/cctor.rs:158:12
    |
 84 | impl CctorRegistry {
    | ------------------ methods in this implementation
...
158 |     pub fn is_done(&self, class_fq: &str) -> bool {
    |            ^^^^^^^
...
164 |     pub fn registered_count(&self) -> usize {
    |            ^^^^^^^^^^^^^^^^

▶ build runtime (cargo z42vm)
warning: unused import: `array_access::*`
  --> src/metadata/types.rs:32:9
   |
32 | pub use array_access::*;
   |         ^^^^^^^^^^^^^^^
   |
   = note: `#[warn(unused_imports)]` (part of `#[warn(unused)]`) on by default

warning: unused import: `namespace_prefix`
   --> src/metadata/lazy_loader.rs:386:26
    |
386 | pub(crate) use resolve::{namespace_prefix, InitState};
    |                          ^^^^^^^^^^^^^^^^

warning: unused import: `FinalizerFn`
 --> src/gc/arc_heap/collect.rs:6:24
  |
6 | use crate::gc::types::{FinalizerFn};
  |                        ^^^^^^^^^^^

warning: unused import: `FinalizerFn`
 --> src/gc/arc_heap/generational.rs:7:24
  |
7 | use crate::gc::types::{FinalizerFn};
  |                        ^^^^^^^^^^^

warning: unused import: `AtomicU32`
  --> src/gc/arc_heap/promotion_policy.rs:51:37
   |
51 | use std::sync::atomic::{AtomicBool, AtomicU32, AtomicU64, Ordering};
   |                                     ^^^^^^^^^

warning: unused imports: `AtomicBool`, `AtomicPtr`, `AtomicU32`, and `AtomicU8`
  --> src/gc/region.rs:38:25
   |
38 | use std::sync::atomic::{AtomicBool, AtomicPtr, AtomicU32, AtomicU8, Ordering};
   |                         ^^^^^^^^^^  ^^^^^^^^^  ^^^^^^^^^  ^^^^^^^^

warning: unused import: `parking_lot::Mutex`
  --> src/gc/region.rs:40:5
   |
40 | use parking_lot::Mutex;
   |     ^^^^^^^^^^^^^^^^^^

warning: unused import: `super::types::FinalizerFn`
  --> src/gc/region.rs:42:5
   |
42 | use super::types::FinalizerFn;
   |     ^^^^^^^^^^^^^^^^^^^^^^^^^

warning: unused import: `std::sync::atomic::Ordering`
 --> src/gc/region/invariants.rs:6:5
  |
6 | use std::sync::atomic::Ordering;
  |     ^^^^^^^^^^^^^^^^^^^^^^^^^^^

warning: unused imports: `CHUNK_SIZE` and `PROMOTION_THRESHOLD`
 --> src/gc/region/invariants.rs:8:21
  |
8 | use super::{Region, CHUNK_SIZE, PROMOTION_THRESHOLD};
  |                     ^^^^^^^^^^  ^^^^^^^^^^^^^^^^^^^

warning: unused import: `invariants::*`
  --> src/gc/region.rs:54:9
   |
54 | pub use invariants::*;
   |         ^^^^^^^^^^^^^

warning: unused import: `class_for_with_limit`
  --> src/gc/var_region.rs:80:35
   |
80 | pub(crate) use chunk::{class_for, class_for_with_limit, OVERSIZED_CLASS};
   |                                   ^^^^^^^^^^^^^^^^^^^^

warning: unused import: `isa_td`
 --> src/interp/exec_object.rs:9:23
  |
9 | use super::dispatch::{isa_td, make_fallback_type_desc};
  |                       ^^^^^^

warning: unused import: `super::exec_vcall::is_array_isa`
  --> src/interp/exec_object.rs:10:5
   |
10 | use super::exec_vcall::is_array_isa;
   |     ^^^^^^^^^^^^^^^^^^^^^^^^^^^^^^^

warning: glob import doesn't reexport anything with visibility `pub(crate)` because no imported item is public enough
  --> src/config.rs:56:16
   |
56 | pub(crate) use parse::*;
   |                ^^^^^^^^
   |
note: the most public imported item is `pub(self)`
  --> src/config.rs:56:16
   |
56 | pub(crate) use parse::*;
   |                ^^^^^^^^
   = help: reduce the glob import's visibility or increase visibility of imported items

warning: unused import: `crate::gc::heap::MagrGC`
 --> src/gc/arc_heap/generational.rs:4:5
  |
4 | use crate::gc::heap::MagrGC;
  |     ^^^^^^^^^^^^^^^^^^^^^^^

warning: value assigned to `freed_bytes` is never read
   --> src/gc/arc_heap/control.rs:324:22
    |
324 |                 let (mut freed_bytes, mut did_major) = (0u64, false);
    |                      ^^^^^^^^^^^^^^^ this value is reassigned later and never used
...
330 |                     freed_bytes = minor.freed_bytes;
    |                     ------------------------------- `freed_bytes` is overwritten here before the previous value is read
    |
    = note: `#[warn(unused_assignments)]` (part of `#[warn(unused)]`) on by default

warning: value assigned to `cur` is never read
  --> src/vm_context/symres.rs:34:53
   |
34 |     let mut cur: Option<std::sync::Arc<TypeDesc>> = None;
   |                                                     ^^^^ this value is reassigned later and never used
...
46 |             Some(b) => { cur = Some(b); probe = cur.as_deref().unwrap(); }
   |                          --- `cur` is overwritten here before the previous value is read

warning: field `promoted_bytes` is never read
  --> src/gc/arc_heap/generational.rs:18:16
   |
14 | pub(crate) struct MinorSweepResult {
   |                   ---------------- field in this struct
...
18 |     pub(crate) promoted_bytes: u64,
   |                ^^^^^^^^^^^^^^
   |
   = note: `MinorSweepResult` has derived impls for the traits `Clone` and `Debug`, but these are intentionally ignored during dead code analysis
   = note: `#[warn(dead_code)]` (part of `#[warn(unused)]`) on by default

warning: method `age_for_this_minor` is never used
  --> src/gc/arc_heap/promotion_policy.rs:82:19
   |
80 | impl PromotionPolicy {
   | -------------------- method in this implementation
81 |     /// The age this minor should sweep at, given the configured one.
82 |     pub(super) fn age_for_this_minor(&self, configured: u8) -> u8 {
   |                   ^^^^^^^^^^^^^^^^^^

warning: method `filled` is never used
   --> src/gc/region.rs:146:19
    |
100 | impl<T> ChunkClaim<T> {
    | --------------------- method in this implementation
...
146 |     pub(crate) fn filled(&self) -> u16 {
    |                   ^^^^^^

warning: method `compact_free_lists` is never used
   --> src/gc/var_region.rs:442:8
    |
282 | impl VarRegion {
    | -------------- method in this implementation
...
442 |     fn compact_free_lists(&mut self) {
    |        ^^^^^^^^^^^^^^^^^^

warning: function `stats_enabled` is never used
   --> src/interp/stack_alloc.rs:218:8
    |
218 | pub fn stats_enabled() -> bool {
    |        ^^^^^^^^^^^^^

warning: method `get_cloned` is never used
  --> src/vm_context/resource_registry.rs:74:19
   |
70 | impl<T: Clone> ResourceRegistry<T> {
   | ---------------------------------- method in this implementation
...
74 |     pub(crate) fn get_cloned(&self, id: u64) -> Option<T> {
   |                   ^^^^^^^^^^

warning: methods `is_done` and `registered_count` are never used
   --> src/vm_context/cctor.rs:158:12
    |
 84 | impl CctorRegistry {
    | ------------------ methods in this implementation
...
158 |     pub fn is_done(&self, class_fq: &str) -> bool {
    |            ^^^^^^^
...
164 |     pub fn registered_count(&self) -> usize {
    |            ^^^^^^^^^^^^^^^^

warning: `z42` (lib) generated 25 warnings (run `cargo fix --lib -p z42` to apply 14 suggestions)
    Finished `release` profile [optimized] target(s) in 0.14s
✔ build runtime (cargo z42vm)
▶ build stdlib (z42c self-build + libs)
  build-stdlib: 25 succeeded, 0 failed
✔ build stdlib (z42c self-build + libs)
Regenerating golden test artifacts...

  OK:   default_params
  OK:   is_pattern_binding
  OK:   zlib_format
  OK:   const_basic
  OK:   switch
  OK:   delegate_d1a
  OK:   delegate_d1c_stdlib
  OK:   event_keyword_multicast
  OK:   event_keyword_singlecast
  OK:   event_singlecast_idisposable
  OK:   multicast_action_basic
  OK:   multicast_exception_aggregate
  OK:   multicast_func_aggregate
  OK:   multicast_predicate_aggregate
  OK:   multicast_subscription_refs
  OK:   multicast_unsubscribe
  OK:   exception_base
  OK:   exception_subclass
  OK:   exceptions
  OK:   finally_nonlocal_exit
  OK:   finally_propagation
  OK:   int_divide_by_zero
  OK:   lambda_try_catch
  OK:   multicast_exception_generic
  OK:   nested_exceptions
  OK:   try_finally
  OK:   gc_oom_exception
  OK:   gc_softhandle_basic
  OK:   gc_softhandle_pressure
  OK:   gc_softhandle_strong_wins
  OK:   multilevel_virtual
  OK:   interface_event
  OK:   available_exception_table
  OK:   activator_create
  OK:   heap_retention
  OK:   load_context
  OK:   load_context_unload
  OK:   method_invoke
  OK:   methodof_basic
  OK:   struct_field
  OK:   in_param
  OK:   out_var
  OK:   ref_local
  OK:   ref_nested
  OK:   at_most_once
  OK:   failure_is_terminal
  OK:   lazy_and_field_init_order
  OK:   no_cctor_unaffected
  OK:   no_field_initializer
  OK:   trigger_new_instance
  OK:   trigger_static_call
  OK:   static_field_zero_init
  OK:   cross-import-token
  OK:   empty
  OK:   multi-method
  OK:   strp-func-minimal
  OK:   with-frcs
  OK:   with-tidx
  OK:   indexed-minimal
  OK:   packed-minimal
  OK:   sym-only-sidecar
  OK:   dict
  OK:   dict_iter
  OK:   foreach_user_class
  OK:   generic_list
  OK:   generic_stack
  OK:   list
  OK:   list_operations
  OK:   self_ref_class
  OK:   stdlib_arraylist
  OK:   stdlib_generic_shadow
  OK:   stdlib_hashmap
  OK:   stdlib_linked_list
  OK:   stdlib_stack_queue
  OK:   using_collections
  OK:   math
  OK:   math_constants
  OK:   std_assert
  OK:   path
  OK:   test_runner
  OK:   stringbuilder
  OK:   app_properties_absent
  OK:   basic
  OK:   field_attrs
  OK:   methodof_in_attribute
  OK:   methods
  OK:   record_attribute
  OK:   record_value_semantics
  OK:   arrays
  OK:   collection_literals
  OK:   compound_assign
  OK:   ctor_params
  OK:   expression_body
  OK:   fibonacci
  OK:   fizzbuzz
  OK:   foreach
  OK:   foreach_ienumerable
  OK:   hello
  OK:   inherited_fields
  OK:   namespace_basic
  OK:   object_initializers
  OK:   object_protocol
  OK:   ternary
  OK:   type_alias
  OK:   access_control
  OK:   arity_method_dispatch
  OK:   arity_overloading
  OK:   auto_property
  OK:   auto_property_access
  OK:   auto_property_class
  OK:   class_basic
  OK:   class_field_default_init
  OK:   class_self_reference_field
  OK:   ctor_overload
  OK:   indexer_basic
  OK:   indexer_multidim
  OK:   method_binding_receiver_aware
  OK:   ns_qualified_static_call
  OK:   property_initializers
  OK:   sealed_devirt
  OK:   sealed_generic_devirt
  OK:   sealed_override_devirt
  OK:   static_fields
  OK:   static_members_bare_name
  OK:   static_method_cross_call
  OK:   static_methods
  OK:   static_properties
  OK:   tostring_override
  OK:   closure_l3_capture
  OK:   closure_l3_loops
  OK:   closure_l3_mono
  OK:   closure_l3_stack
  OK:   lambda_l2_basic
  OK:   local_fn_l2_basic
  OK:   do_while
  OK:   loop_control
  OK:   nested_loops
  OK:   null_coalesce
  OK:   null_conditional
  OK:   short_circuit
  OK:   switch_break
  OK:   switch_statement
  OK:   ctor_reflection
  OK:   delegate_d1b_method_group
  OK:   generic_delegate
  OK:   multicast_func_predicate
  OK:   nested_delegate_dotted
  OK:   catch_by_type
  OK:   catch_by_type_order
  OK:   catch_by_type_subclass
  OK:   catch_wildcard_compat
  OK:   stack_trace
  OK:   stack_trace_field
  OK:   composite_ref_weak_mode
  OK:   gc_collect_during_exec
  OK:   gc_cycle
  OK:   gc_handle
  OK:   gc_jit_transitive
  OK:   gc_stats
  OK:   gc_string_survives_collect
  OK:   weak_ref_basic
  OK:   weak_subscription_alive
  OK:   weak_subscription_lapsed
  OK:   reflect_generic_method
  OK:   call_type_args_ambiguity
  OK:   lambda_inference
  OK:   method_default
  OK:   method_multi_param
  OK:   method_new
  OK:   method_static
  OK:   method_typeof
  OK:   extern_impl_user_class
  OK:   func_constraint_action
  OK:   func_constraint_basic
  OK:   func_constraint_captured
  OK:   func_constraint_literal
  OK:   func_constraint_predicate
  OK:   generic_bare_typeparam
  OK:   generic_base_inheritance
  OK:   generic_baseclass
  OK:   generic_class
  OK:   generic_constraints
  OK:   generic_enum_constraint
  OK:   generic_function
  OK:   generic_instantiated_type
  OK:   generic_interface_dispatch
  OK:   generic_inumber
  OK:   generic_primitive_interface
  OK:   imported_generic_method_return
  OK:   abstract
  OK:   implicit_object_base
  OK:   inheritance
  OK:   virtual
  OK:   virtual_override_overload_by_type
  OK:   comparer_contract
  OK:   interface
  OK:   interface_property
  OK:   multi_interface
  OK:   named_args_all_forms
  OK:   arith_semantics_edge
  OK:   bitwise
  OK:   comparison_operators
  OK:   default_array
  OK:   default_class
  OK:   default_generic_param
  OK:   default_generic_param_field_init
  OK:   default_generic_param_pair
  OK:   default_primitives
  OK:   default_string
  OK:   logical_operators
  OK:   operator_overload
  OK:   operator_overload_multi_arity
  OK:   parse_and_string_static
  OK:   postfix_expr_context
  OK:   prefix_increment
  OK:   static_abstract_operator
  OK:   const_dead_branch
  OK:   const_fold_propagation
  OK:   escape_crossproc_leak
  OK:   escape_crossproc_reuse
  OK:   loop_alloc_reuse
  OK:   loop_alloc_reuse_carried
  OK:   pure_call_hoist
  OK:   readonly_field_hoist
  OK:   loop_once_called
  OK:   params_object_mixed
  OK:   params_varargs_expanded
  OK:   params_varargs_normal
  OK:   partial_basic
  OK:   partial_interface
  OK:   partial_method
  OK:   partial_protocol_overload
  OK:   partial_record
  OK:   partial_static_method
  OK:   partial_struct
  OK:   pattern_a2
  OK:   pattern_a3
  OK:   pattern_core
  OK:   pattern_destructure
  OK:   pattern_exhaust_sealed
  OK:   pattern_generic
  OK:   pattern_is
  OK:   pattern_is_oral
  OK:   pattern_prop_destructure
  OK:   pattern_struct_complete
  OK:   pattern_struct_record
  OK:   with_expr
  OK:   runtime_config_query
  OK:   raw_string_basic
  OK:   string_edge_cases
  OK:   tuple_basic
  OK:   array_cast_back
  OK:   array_clone
  OK:   array_element_type
  OK:   array_get_type
  OK:   array_is_instance
  OK:   array_type_fullname
  OK:   assignable_from
  OK:   box_unbox
  OK:   boxed_primitive_is_as
  OK:   caller_macros
  OK:   chained_property
  OK:   char_type
  OK:   computed_property
  OK:   enum
  OK:   enum_reflect
  OK:   enum_underlying_type
  OK:   expression_bodied_members
  OK:   fold_param_defaults
  OK:   generic_fullname
  OK:   generic_predicates
  OK:   generic_struct_equals
  OK:   generic_type_definition
  OK:   get_interfaces
  OK:   get_properties
  OK:   inherited_static_fields
  OK:   instance_generic_args
  OK:   instance_nested_generic_args
  OK:   interface_class_predicates
  OK:   is_as
  OK:   keyword_type_statics
  OK:   method_sealed_flag
  OK:   namespace_qualified_free_call
  OK:   nested_generic_args
  OK:   nested_types
  OK:   nullable_value_types
  OK:   numeric_aliases
  OK:   object_assignable_from
  OK:   object_get_type
  OK:   param_attributes
  OK:   parameter_names
  OK:   primitive_type_identity
  OK:   record
  OK:   static_fields_reflect
  OK:   struct
  OK:   struct_array
  OK:   struct_boxing
  OK:   struct_equality
  OK:   struct_generic_container
  OK:   struct_heap_inline
  OK:   struct_jit
  OK:   struct_nested
  OK:   struct_object_methods
  OK:   struct_property_getter
  OK:   struct_static_field
  OK:   transitive_interface_methods
  OK:   transitive_interfaces
  OK:   type_conversions
  OK:   type_flags
  OK:   type_get_type_unknown
  OK:   type_is_memberinfo
  OK:   type_visibility
  OK:   typeof
  OK:   typeof_delegate
  OK:   value_type_object_methods
  OK:   implicit_explicit

══════════════════════════════════════
 Regenerated: 316 ok, 0 failed, 0 skipped
══════════════════════════════════════
--- stage: build wave (debug vm + regen) — 38.0s ---

=== stage: e2e goldens (interp; jit → vm-jit-consistency) ===
warning: unused import: `array_access::*`
  --> src/metadata/types.rs:32:9
   |
32 | pub use array_access::*;
   |         ^^^^^^^^^^^^^^^
   |
   = note: `#[warn(unused_imports)]` (part of `#[warn(unused)]`) on by default

warning: unused import: `namespace_prefix`
   --> src/metadata/lazy_loader.rs:386:26
    |
386 | pub(crate) use resolve::{namespace_prefix, InitState};
    |                          ^^^^^^^^^^^^^^^^

warning: unused import: `FinalizerFn`
 --> src/gc/arc_heap/collect.rs:6:24
  |
6 | use crate::gc::types::{FinalizerFn};
  |                        ^^^^^^^^^^^

warning: unused import: `FinalizerFn`
 --> src/gc/arc_heap/generational.rs:7:24
  |
7 | use crate::gc::types::{FinalizerFn};
  |                        ^^^^^^^^^^^

warning: unused import: `AtomicU32`
  --> src/gc/arc_heap/promotion_policy.rs:51:37
   |
51 | use std::sync::atomic::{AtomicBool, AtomicU32, AtomicU64, Ordering};
   |                                     ^^^^^^^^^

warning: unused import: `parking_lot::Mutex`
 --> src/gc/arc_heap/debug.rs:4:5
  |
4 | use parking_lot::Mutex;
  |     ^^^^^^^^^^^^^^^^^^

warning: unused import: `ScriptObject`
 --> src/gc/arc_heap/debug.rs:5:23
  |
5 | use crate::metadata::{ScriptObject, Value};
  |                       ^^^^^^^^^^^^

warning: unused import: `ArrayObj`
 --> src/gc/arc_heap/debug.rs:6:30
  |
6 | use crate::metadata::types::{ArrayObj};
  |                              ^^^^^^^^

warning: unused import: `GcRef`
 --> src/gc/arc_heap/debug.rs:7:23
  |
7 | use crate::gc::refs::{GcRef};
  |                       ^^^^^

warning: unused imports: `AtomicBool`, `AtomicPtr`, `AtomicU32`, and `AtomicU8`
  --> src/gc/region.rs:38:25
   |
38 | use std::sync::atomic::{AtomicBool, AtomicPtr, AtomicU32, AtomicU8, Ordering};
   |                         ^^^^^^^^^^  ^^^^^^^^^  ^^^^^^^^^  ^^^^^^^^

warning: unused import: `parking_lot::Mutex`
  --> src/gc/region.rs:40:5
   |
40 | use parking_lot::Mutex;
   |     ^^^^^^^^^^^^^^^^^^

warning: unused import: `super::types::FinalizerFn`
  --> src/gc/region.rs:42:5
   |
42 | use super::types::FinalizerFn;
   |     ^^^^^^^^^^^^^^^^^^^^^^^^^

warning: unused import: `class_for_with_limit`
  --> src/gc/var_region.rs:80:35
   |
80 | pub(crate) use chunk::{class_for, class_for_with_limit, OVERSIZED_CLASS};
   |                                   ^^^^^^^^^^^^^^^^^^^^

warning: unused import: `isa_td`
 --> src/interp/exec_object.rs:9:23
  |
9 | use super::dispatch::{isa_td, make_fallback_type_desc};
  |                       ^^^^^^

warning: unused import: `super::exec_vcall::is_array_isa`
  --> src/interp/exec_object.rs:10:5
   |
10 | use super::exec_vcall::is_array_isa;
   |     ^^^^^^^^^^^^^^^^^^^^^^^^^^^^^^^

warning: glob import doesn't reexport anything with visibility `pub(crate)` because no imported item is public enough
  --> src/config.rs:56:16
   |
56 | pub(crate) use parse::*;
   |                ^^^^^^^^
   |
note: the most public imported item is `pub(self)`
  --> src/config.rs:56:16
   |
56 | pub(crate) use parse::*;
   |                ^^^^^^^^
   = help: reduce the glob import's visibility or increase visibility of imported items

warning: unused import: `crate::gc::heap::MagrGC`
 --> src/gc/arc_heap/generational.rs:4:5
  |
4 | use crate::gc::heap::MagrGC;
  |     ^^^^^^^^^^^^^^^^^^^^^^^

warning: value assigned to `freed_bytes` is never read
   --> src/gc/arc_heap/control.rs:324:22
    |
324 |                 let (mut freed_bytes, mut did_major) = (0u64, false);
    |                      ^^^^^^^^^^^^^^^ this value is reassigned later and never used
...
330 |                     freed_bytes = minor.freed_bytes;
    |                     ------------------------------- `freed_bytes` is overwritten here before the previous value is read
    |
    = note: `#[warn(unused_assignments)]` (part of `#[warn(unused)]`) on by default

warning: value assigned to `cur` is never read
  --> src/vm_context/symres.rs:34:53
   |
34 |     let mut cur: Option<std::sync::Arc<TypeDesc>> = None;
   |                                                     ^^^^ this value is reassigned later and never used
...
46 |             Some(b) => { cur = Some(b); probe = cur.as_deref().unwrap(); }
   |                          --- `cur` is overwritten here before the previous value is read

warning: field `promoted_bytes` is never read
  --> src/gc/arc_heap/generational.rs:18:16
   |
14 | pub(crate) struct MinorSweepResult {
   |                   ---------------- field in this struct
...
18 |     pub(crate) promoted_bytes: u64,
   |                ^^^^^^^^^^^^^^
   |
   = note: `MinorSweepResult` has derived impls for the traits `Clone` and `Debug`, but these are intentionally ignored during dead code analysis
   = note: `#[warn(dead_code)]` (part of `#[warn(unused)]`) on by default

warning: method `age_for_this_minor` is never used
  --> src/gc/arc_heap/promotion_policy.rs:82:19
   |
80 | impl PromotionPolicy {
   | -------------------- method in this implementation
81 |     /// The age this minor should sweep at, given the configured one.
82 |     pub(super) fn age_for_this_minor(&self, configured: u8) -> u8 {
   |                   ^^^^^^^^^^^^^^^^^^

warning: method `filled` is never used
   --> src/gc/region.rs:146:19
    |
100 | impl<T> ChunkClaim<T> {
    | --------------------- method in this implementation
...
146 |     pub(crate) fn filled(&self) -> u16 {
    |                   ^^^^^^

warning: method `compact_free_lists` is never used
   --> src/gc/var_region.rs:442:8
    |
282 | impl VarRegion {
    | -------------- method in this implementation
...
442 |     fn compact_free_lists(&mut self) {
    |        ^^^^^^^^^^^^^^^^^^

warning: function `stats_enabled` is never used
   --> src/interp/stack_alloc.rs:218:8
    |
218 | pub fn stats_enabled() -> bool {
    |        ^^^^^^^^^^^^^

warning: method `get_cloned` is never used
  --> src/vm_context/resource_registry.rs:74:19
   |
70 | impl<T: Clone> ResourceRegistry<T> {
   | ---------------------------------- method in this implementation
...
74 |     pub(crate) fn get_cloned(&self, id: u64) -> Option<T> {
   |                   ^^^^^^^^^^

warning: methods `is_done` and `registered_count` are never used
   --> src/vm_context/cctor.rs:158:12
    |
 84 | impl CctorRegistry {
    | ------------------ methods in this implementation
...
158 |     pub fn is_done(&self, class_fq: &str) -> bool {
    |            ^^^^^^^
...
164 |     pub fn registered_count(&self) -> usize {
    |            ^^^^^^^^^^^^^^^^

══════════════════════════════════════
 Mode: interp
══════════════════════════════════════

  Result: 305 passed, 0 failed

══════════════════════════════════════
 Total: 305 passed, 0 failed
══════════════════════════════════════
--- stage: e2e goldens (interp; jit → vm-jit-consistency) — 16.1s ---

=== stage: e2e cross-zpkg ===
  PASS assoc_type_cross_pkg
  PASS available_present
  PASS available_skew
  PASS call_arity_instance_skew
  PASS call_arity_present
  PASS call_arity_sealed_skew
  PASS call_arity_static_skew
  PASS caller_macro_cross_pkg
  PASS class_internal_access
  PASS crosspkg_base_fields_main
  PASS crosspkg_ctor_default
  PASS ctorless_objnew_absent
  PASS ctorless_objnew_present
  PASS ctorless_objnew_skew
  PASS dup_enum_crosspkg
  PASS dup_fqn_crosspkg
  PASS dup_free_function_crosspkg
  PASS enum_cross_pkg
  PASS forward_tiers_cross_pkg
  PASS free_func_cross_pkg
  PASS generic_constraint_cross_pkg
  PASS generic_field_carry
  PASS generic_struct_array_cross_pkg
  PASS impl_propagation
  PASS impl_reflect
  PASS interface_internal_access
  PASS methodof_cross_pkg
  PASS missing_base_skew
  PASS missing_ctor_present
  PASS missing_ctor_skew
  PASS missing_type_skew
  PASS param_default_cross_pkg
  PASS params_cross_pkg
  PASS partial_crosscu_export
  PASS sealed_devirt_imported
  PASS self_type_cross_pkg
  PASS shadow_import_crosspkg
  PASS static_init_concurrent
  PASS static_init_cross_pkg
  PASS static_property_cross_pkg
  PASS static_property_crosspkg_readonly
  PASS struct_cross_pkg
  PASS tuple_cross_pkg
  PASS type_identity_fqn
  PASS user_conv_cross_pkg
  PASS var_field_cross_pkg
  PASS vcall_base_fallback
  PASS wrong_ctor_arity_present
  PASS wrong_ctor_arity_skew

══════════════════════════════════════
 Total: 49 passed, 0 failed
══════════════════════════════════════
--- stage: e2e cross-zpkg — 8.0s ---

=== stage: e2e multi-exe ===
── MultiExe: ns_same_short_name ──
  PASS (2 exe)
── MultiExe: two_mains ──
  PASS (2 exe)

══════════════════════════════════════
 Total: 2 passed, 0 failed
══════════════════════════════════════
--- stage: e2e multi-exe — 1.0s ---

=== stage: stdlib [Test] ===
→ Building z42b (z42.builder.zpkg; reflective test runner)...
cached: 0/14 files
wrote -> /Users/d.s.qiu/Documents/codesigner-ui/z42-callarity/src/toolchain/builder/core/../../../../artifacts/build/toolchain/builder/z42.builder.zpkg
wrote -> /Users/d.s.qiu/Documents/codesigner-ui/z42-callarity/src/toolchain/builder/core/../../../../artifacts/build/toolchain/builder/z42.builder.zsym
wrote -> /Users/d.s.qiu/Documents/codesigner-ui/z42-callarity/src/toolchain/builder/core/../../../../artifacts/build/toolchain/builder/z42.builder.runtimeconfig.toml
cache -> /Users/d.s.qiu/Documents/codesigner-ui/z42-callarity/src/toolchain/builder/core/artifacts/release/.cache (14 files)
z42b test: 本清单未声明任何 test 目标，且本包源里没有 [Test]/[Benchmark] —— 无事可做

── z42.cli (test, z42b) : 10 unit(s) ──

── test target: cli_basic ──
compiled: /Users/d.s.qiu/Documents/codesigner-ui/z42-callarity/src/libraries/z42.cli/artifacts/z42.cli/debug/build/app.zpkg
compiled: /Users/d.s.qiu/Documents/codesigner-ui/z42-callarity/src/libraries/z42.cli/artifacts/test-targets/cli_basic/build/app.zpkg
  PASS Z42CliBasicTests.test_flag_set_when_long_passed
  PASS Z42CliBasicTests.test_flag_set_when_short_passed
  PASS Z42CliBasicTests.test_flag_default_false
  PASS Z42CliBasicTests.test_option_with_space_value
  PASS Z42CliBasicTests.test_option_with_equals_value
  PASS Z42CliBasicTests.test_option_short_form
  PASS Z42CliBasicTests.test_option_default_when_not_passed
  PASS Z42CliBasicTests.test_positional_args
  PASS Z42CliBasicTests.test_mixed_flag_option_positional
  PASS Z42CliBasicTests.test_no_short_name_still_works

  Result: 10 passed, 0 failed, 0 skipped

── test target: cli_env_fallback_and_mutex ──
compiled: /Users/d.s.qiu/Documents/codesigner-ui/z42-callarity/src/libraries/z42.cli/artifacts/z42.cli/debug/build/app.zpkg
compiled: /Users/d.s.qiu/Documents/codesigner-ui/z42-callarity/src/libraries/z42.cli/artifacts/test-targets/cli_env_fallback_and_mutex/build/app.zpkg
  PASS Z42CliEnvFallbackMutexTests.test_env_fallback_used_when_no_argv
  PASS Z42CliEnvFallbackMutexTests.test_argv_overrides_env_fallback
  PASS Z42CliEnvFallbackMutexTests.test_env_fallback_default_when_env_missing
  PASS Z42CliEnvFallbackMutexTests.test_empty_env_var_uses_default
  PASS Z42CliEnvFallbackMutexTests.test_mutex_both_set_throws
  PASS Z42CliEnvFallbackMutexTests.test_mutex_one_set_ok
  PASS Z42CliEnvFallbackMutexTests.test_mutex_neither_set_ok
  PASS Z42CliEnvFallbackMutexTests.test_mutex_unregistered_option_throws_at_declaration

  Result: 8 passed, 0 failed, 0 skipped

── test target: cli_errors ──
compiled: /Users/d.s.qiu/Documents/codesigner-ui/z42-callarity/src/libraries/z42.cli/artifacts/z42.cli/debug/build/app.zpkg
compiled: /Users/d.s.qiu/Documents/codesigner-ui/z42-callarity/src/libraries/z42.cli/artifacts/test-targets/cli_errors/build/app.zpkg
  PASS Z42CliErrorsTests.test_unknown_long_flag_throws
  PASS Z42CliErrorsTests.test_unknown_short_flag_throws
  PASS Z42CliErrorsTests.test_option_without_value_throws
  PASS Z42CliErrorsTests.test_value_on_flag_throws
  PASS Z42CliErrorsTests.test_too_few_positionals_throws
  PASS Z42CliErrorsTests.test_too_many_positionals_throws
  PASS Z42CliErrorsTests.test_get_flag_not_registered_throws
  PASS Z42CliErrorsTests.test_positional_out_of_range_throws

  Result: 8 passed, 0 failed, 0 skipped

── test target: cli_help ──
compiled: /Users/d.s.qiu/Documents/codesigner-ui/z42-callarity/src/libraries/z42.cli/artifacts/z42.cli/debug/build/app.zpkg
compiled: /Users/d.s.qiu/Documents/codesigner-ui/z42-callarity/src/libraries/z42.cli/artifacts/test-targets/cli_help/build/app.zpkg
  PASS Z42CliHelpTests.test_short_help_sets_show_help
  PASS Z42CliHelpTests.test_long_help_sets_show_help
  PASS Z42CliHelpTests.test_show_help_skips_positional_check
  PASS Z42CliHelpTests.test_help_text_contains_program_name
  PASS Z42CliHelpTests.test_help_text_lists_flags
  PASS Z42CliHelpTests.test_help_text_lists_options_with_defaults
  PASS Z42CliHelpTests.test_help_text_lists_positionals

  Result: 7 passed, 0 failed, 0 skipped

── test target: cli_nested_subcommand ──
compiled: /Users/d.s.qiu/Documents/codesigner-ui/z42-callarity/src/libraries/z42.cli/artifacts/z42.cli/debug/build/app.zpkg
compiled: /Users/d.s.qiu/Documents/codesigner-ui/z42-callarity/src/libraries/z42.cli/artifacts/test-targets/cli_nested_subcommand/build/app.zpkg
  PASS Z42CliNestedSubcommandTests.test_nested_match_two_levels
  PASS Z42CliNestedSubcommandTests.test_single_level_leaf_match
  PASS Z42CliNestedSubcommandTests.test_three_level_match
  PASS Z42CliNestedSubcommandTests.test_nested_leaf_sees_only_remainder
  PASS Z42CliNestedSubcommandTests.test_top_help_dashh
  PASS Z42CliNestedSubcommandTests.test_top_help_empty_argv
  PASS Z42CliNestedSubcommandTests.test_mid_level_help
  PASS Z42CliNestedSubcommandTests.test_leaf_level_help
  PASS Z42CliNestedSubcommandTests.test_router_with_no_token_is_help
  PASS Z42CliNestedSubcommandTests.test_top_unknown_command
  PASS Z42CliNestedSubcommandTests.test_mid_level_unknown_subcommand
  PASS Z42CliNestedSubcommandTests.test_three_state_mutual_exclusion_match
  PASS Z42CliNestedSubcommandTests.test_leaf_cliexception_propagates
  PASS Z42CliNestedSubcommandTests.test_legacy_match_still_works_on_leaf_router

  Result: 14 passed, 0 failed, 0 skipped

── test target: cli_optional_positional ──
compiled: /Users/d.s.qiu/Documents/codesigner-ui/z42-callarity/src/libraries/z42.cli/artifacts/z42.cli/debug/build/app.zpkg
compiled: /Users/d.s.qiu/Documents/codesigner-ui/z42-callarity/src/libraries/z42.cli/artifacts/test-targets/cli_optional_positional/build/app.zpkg
  PASS Z42CliOptionalPositionalTests.test_optional_absent_returns_empty
  PASS Z42CliOptionalPositionalTests.test_optional_provided
  PASS Z42CliOptionalPositionalTests.test_required_then_optional_only_required
  PASS Z42CliOptionalPositionalTests.test_required_then_optional_both
  PASS Z42CliOptionalPositionalTests.test_missing_required_with_optional_throws
  PASS Z42CliOptionalPositionalTests.test_optional_positional_with_flags_and_options
  PASS Z42CliOptionalPositionalTests.test_required_after_optional_throws_at_declaration
  PASS Z42CliOptionalPositionalTests.test_extra_beyond_declared_throws
  PASS Z42CliOptionalPositionalTests.test_help_short_circuits_missing_required
  PASS Z42CliOptionalPositionalTests.test_help_text_marks_required_and_optional
  PASS Z42CliOptionalPositionalTests.test_get_positional_beyond_declared_throws

  Result: 11 passed, 0 failed, 0 skipped

── test target: cli_repeated_and_extras ──
compiled: /Users/d.s.qiu/Documents/codesigner-ui/z42-callarity/src/libraries/z42.cli/artifacts/z42.cli/debug/build/app.zpkg
compiled: /Users/d.s.qiu/Documents/codesigner-ui/z42-callarity/src/libraries/z42.cli/artifacts/test-targets/cli_repeated_and_extras/build/app.zpkg
  PASS Z42CliRepeatedAndExtrasTests.test_repeated_option_two_values
  PASS Z42CliRepeatedAndExtrasTests.test_repeated_option_three_values_long_form
  PASS Z42CliRepeatedAndExtrasTests.test_repeated_option_equals_form
  PASS Z42CliRepeatedAndExtrasTests.test_repeated_option_not_passed_returns_empty
  PASS Z42CliRepeatedAndExtrasTests.test_repeated_option_get_option_returns_last
  PASS Z42CliRepeatedAndExtrasTests.test_get_repeated_on_plain_option_throws
  PASS Z42CliRepeatedAndExtrasTests.test_extras_disabled_by_default_unknown_throws
  PASS Z42CliRepeatedAndExtrasTests.test_extras_enabled_unknown_long_collected
  PASS Z42CliRepeatedAndExtrasTests.test_extras_enabled_unknown_short_collected
  PASS Z42CliRepeatedAndExtrasTests.test_extras_mixed_with_known_options
  PASS Z42CliRepeatedAndExtrasTests.test_extras_count_zero_when_none
  PASS Z42CliRepeatedAndExtrasTests.test_repeated_with_extras_combo
  PASS Z42CliRepeatedAndExtrasTests.test_gcc_style_repeated_defines_and_includes

  Result: 13 passed, 0 failed, 0 skipped

── test target: cli_required_and_typed ──
compiled: /Users/d.s.qiu/Documents/codesigner-ui/z42-callarity/src/libraries/z42.cli/artifacts/z42.cli/debug/build/app.zpkg
compiled: /Users/d.s.qiu/Documents/codesigner-ui/z42-callarity/src/libraries/z42.cli/artifacts/test-targets/cli_required_and_typed/build/app.zpkg
  PASS Z42CliRequiredAndTypedTests.test_required_option_missing_throws
  PASS Z42CliRequiredAndTypedTests.test_required_option_provided_long_succeeds
  PASS Z42CliRequiredAndTypedTests.test_required_option_provided_short_succeeds
  PASS Z42CliRequiredAndTypedTests.test_required_option_provided_equals_form
  PASS Z42CliRequiredAndTypedTests.test_required_help_short_circuit
  PASS Z42CliRequiredAndTypedTests.test_was_option_set_true_when_provided
  PASS Z42CliRequiredAndTypedTests.test_was_option_set_false_when_unset
  PASS Z42CliRequiredAndTypedTests.test_get_int_option_basic
  PASS Z42CliRequiredAndTypedTests.test_get_int_option_explicit
  PASS Z42CliRequiredAndTypedTests.test_get_int_option_negative
  PASS Z42CliRequiredAndTypedTests.test_get_int_option_invalid_throws
  PASS Z42CliRequiredAndTypedTests.test_get_long_option_large_value
  PASS Z42CliRequiredAndTypedTests.test_get_double_option
  PASS Z42CliRequiredAndTypedTests.test_get_double_option_invalid_throws
  PASS Z42CliRequiredAndTypedTests.test_get_bool_option_true
  PASS Z42CliRequiredAndTypedTests.test_get_bool_option_false
  PASS Z42CliRequiredAndTypedTests.test_get_bool_option_case_insensitive
  PASS Z42CliRequiredAndTypedTests.test_get_bool_option_invalid_throws
  PASS Z42CliRequiredAndTypedTests.test_required_typed_combo

  Result: 19 passed, 0 failed, 0 skipped

── test target: cli_short_flag_cluster ──
compiled: /Users/d.s.qiu/Documents/codesigner-ui/z42-callarity/src/libraries/z42.cli/artifacts/z42.cli/debug/build/app.zpkg
compiled: /Users/d.s.qiu/Documents/codesigner-ui/z42-callarity/src/libraries/z42.cli/artifacts/test-targets/cli_short_flag_cluster/build/app.zpkg
  PASS Z42CliShortFlagClusterTests.test_two_flag_cluster
  PASS Z42CliShortFlagClusterTests.test_three_flag_cluster
  PASS Z42CliShortFlagClusterTests.test_cluster_order_independent
  PASS Z42CliShortFlagClusterTests.test_single_short_flag_unchanged
  PASS Z42CliShortFlagClusterTests.test_single_short_option_unchanged
  PASS Z42CliShortFlagClusterTests.test_cluster_then_separate_flag
  PASS Z42CliShortFlagClusterTests.test_cluster_then_option_with_value
  PASS Z42CliShortFlagClusterTests.test_cluster_with_option_short_throws
  PASS Z42CliShortFlagClusterTests.test_cluster_with_unknown_short_throws
  PASS Z42CliShortFlagClusterTests.test_tar_style_cluster_x_v
  PASS Z42CliShortFlagClusterTests.test_single_char_short_not_treated_as_cluster

  Result: 11 passed, 0 failed, 0 skipped

── test target: cli_subcommand ──
compiled: /Users/d.s.qiu/Documents/codesigner-ui/z42-callarity/src/libraries/z42.cli/artifacts/z42.cli/debug/build/app.zpkg
compiled: /Users/d.s.qiu/Documents/codesigner-ui/z42-callarity/src/libraries/z42.cli/artifacts/test-targets/cli_subcommand/build/app.zpkg
  PASS Z42CliSubcommandTests.test_count_after_adds
  PASS Z42CliSubcommandTests.test_has_known_subcommand
  PASS Z42CliSubcommandTests.test_has_unknown_returns_false
  PASS Z42CliSubcommandTests.test_match_dispatches_to_commit_with_option
  PASS Z42CliSubcommandTests.test_match_dispatches_to_status_with_flag
  PASS Z42CliSubcommandTests.test_match_unknown_returns_null
  PASS Z42CliSubcommandTests.test_match_empty_argv_returns_null
  PASS Z42CliSubcommandTests.test_match_help_flag_returns_null
  PASS Z42CliSubcommandTests.test_match_strips_subcommand_arg_from_child_parse
  PASS Z42CliSubcommandTests.test_re_add_overwrites_existing
  PASS Z42CliSubcommandTests.test_help_text_lists_all_subcommands
  PASS Z42CliSubcommandTests.test_help_text_includes_program_name
  PASS Z42CliSubcommandTests.test_grow_beyond_initial_capacity

  Result: 13 passed, 0 failed, 0 skipped

── z42.collections (test, z42b) : 6 unit(s) ──

── test target: linkedlist ──
compiled: /Users/d.s.qiu/Documents/codesigner-ui/z42-callarity/src/libraries/z42.collections/artifacts/z42.collections/debug/build/app.zpkg
compiled: /Users/d.s.qiu/Documents/codesigner-ui/z42-callarity/src/libraries/z42.collections/artifacts/test-targets/linkedlist/build/app.zpkg
  PASS Z42CollectionsLinkedListTests.test_linkedlist_basic_collection_contract
  PASS Z42CollectionsLinkedListTests.test_new_list_is_empty
  PASS Z42CollectionsLinkedListTests.test_add_last_increases_count
  PASS Z42CollectionsLinkedListTests.test_add_first_increases_count
  PASS Z42CollectionsLinkedListTests.test_first_after_add_last
  PASS Z42CollectionsLinkedListTests.test_last_after_add_last
  PASS Z42CollectionsLinkedListTests.test_first_after_add_first
  PASS Z42CollectionsLinkedListTests.test_linkedlist_toarray

  Result: 8 passed, 0 failed, 0 skipped

── test target: list_api ──
compiled: /Users/d.s.qiu/Documents/codesigner-ui/z42-callarity/src/libraries/z42.collections/artifacts/z42.collections/debug/build/app.zpkg
compiled: /Users/d.s.qiu/Documents/codesigner-ui/z42-callarity/src/libraries/z42.collections/artifacts/test-targets/list_api/build/app.zpkg
  PASS Z42CollectionsListApiTests.test_list_toarray
  PASS Z42CollectionsListApiTests.test_list_toarray_empty
  PASS Z42CollectionsListApiTests.test_list_addrange

  Result: 3 passed, 0 failed, 0 skipped

── test target: priority_queue ──
compiled: /Users/d.s.qiu/Documents/codesigner-ui/z42-callarity/src/libraries/z42.collections/artifacts/z42.collections/debug/build/app.zpkg
compiled: /Users/d.s.qiu/Documents/codesigner-ui/z42-callarity/src/libraries/z42.collections/artifacts/test-targets/priority_queue/build/app.zpkg
  PASS Z42CollectionsPriorityQueueTests.test_priority_queue_basic_collection_contract
  PASS Z42CollectionsPriorityQueueTests.test_empty_count_zero
  PASS Z42CollectionsPriorityQueueTests.test_enqueue_increases_count
  PASS Z42CollectionsPriorityQueueTests.test_dequeue_in_min_order
  PASS Z42CollectionsPriorityQueueTests.test_peek_returns_min_without_removing
  PASS Z42CollectionsPriorityQueueTests.test_dequeue_empty_throws
  PASS Z42CollectionsPriorityQueueTests.test_peek_empty_throws
  PASS Z42CollectionsPriorityQueueTests.test_clear_resets_count
  PASS Z42CollectionsPriorityQueueTests.test_interleaved_enqueue_dequeue
  PASS Z42CollectionsPriorityQueueTests.test_grow_beyond_initial_capacity
  PASS Z42CollectionsPriorityQueueTests.test_duplicate_values_preserved
  PASS Z42CollectionsPriorityQueueTests.test_string_priority_queue_lexicographic
  PASS Z42CollectionsPriorityQueueTests.test_long_values

  Result: 13 passed, 0 failed, 0 skipped

── test target: queue ──
compiled: /Users/d.s.qiu/Documents/codesigner-ui/z42-callarity/src/libraries/z42.collections/artifacts/z42.collections/debug/build/app.zpkg
compiled: /Users/d.s.qiu/Documents/codesigner-ui/z42-callarity/src/libraries/z42.collections/artifacts/test-targets/queue/build/app.zpkg
  PASS Z42CollectionsQueueTests.test_queue_basic_collection_contract
  PASS Z42CollectionsQueueTests.test_queue_dequeue_empty_throws
  PASS Z42CollectionsQueueTests.test_queue_peek_empty_throws
  PASS Z42CollectionsQueueTests.test_queue_drain_then_dequeue_throws
  PASS Z42CollectionsQueueTests.test_queue_toarray_fifo

  Result: 5 passed, 0 failed, 0 skipped

── test target: sorted_set ──
compiled: /Users/d.s.qiu/Documents/codesigner-ui/z42-callarity/src/libraries/z42.collections/artifacts/z42.collections/debug/build/app.zpkg
compiled: /Users/d.s.qiu/Documents/codesigner-ui/z42-callarity/src/libraries/z42.collections/artifacts/test-targets/sorted_set/build/app.zpkg
  PASS Z42CollectionsSortedSetTests.test_sorted_set_basic_collection_contract
  PASS Z42CollectionsSortedSetTests.test_new_set_is_empty
  PASS Z42CollectionsSortedSetTests.test_add_unique_increments_count
  PASS Z42CollectionsSortedSetTests.test_add_duplicate_returns_false
  PASS Z42CollectionsSortedSetTests.test_to_array_returns_sorted_ascending
  PASS Z42CollectionsSortedSetTests.test_contains
  PASS Z42CollectionsSortedSetTests.test_remove_existing_returns_true
  PASS Z42CollectionsSortedSetTests.test_remove_missing_returns_false
  PASS Z42CollectionsSortedSetTests.test_min_max
  PASS Z42CollectionsSortedSetTests.test_min_throws_on_empty
  PASS Z42CollectionsSortedSetTests.test_clear_resets
  PASS Z42CollectionsSortedSetTests.test_string_set_sorted

  Result: 12 passed, 0 failed, 0 skipped

── test target: stack ──
compiled: /Users/d.s.qiu/Documents/codesigner-ui/z42-callarity/src/libraries/z42.collections/artifacts/z42.collections/debug/build/app.zpkg
compiled: /Users/d.s.qiu/Documents/codesigner-ui/z42-callarity/src/libraries/z42.collections/artifacts/test-targets/stack/build/app.zpkg
  PASS Z42CollectionsStackTests.test_stack_basic_collection_contract
  PASS Z42CollectionsStackTests.test_stack_pop_empty_throws
  PASS Z42CollectionsStackTests.test_stack_peek_empty_throws
  PASS Z42CollectionsStackTests.test_stack_drain_then_pop_throws
  PASS Z42CollectionsStackTests.test_stack_toarray_top_first

  Result: 5 passed, 0 failed, 0 skipped

── z42.compression (test, z42b) : 11 unit(s) ──

── test target: brotli ──
compiled: /Users/d.s.qiu/Documents/codesigner-ui/z42-callarity/src/libraries/z42.compression/artifacts/z42.compression/debug/build/app.zpkg
compiled: /Users/d.s.qiu/Documents/codesigner-ui/z42-callarity/src/libraries/z42.compression/artifacts/test-targets/brotli/build/app.zpkg
  PASS Z42CompressionBrotliTests.test_round_trip_short_string
  PASS Z42CompressionBrotliTests.test_round_trip_empty_input
  PASS Z42CompressionBrotliTests.test_round_trip_repeated_pattern_compresses
  PASS Z42CompressionBrotliTests.test_round_trip_at_quality_zero
  PASS Z42CompressionBrotliTests.test_higher_quality_gives_smaller_output_or_equal

  Result: 5 passed, 0 failed, 0 skipped

── test target: compression_streaming_decode ──
compiled: /Users/d.s.qiu/Documents/codesigner-ui/z42-callarity/src/libraries/z42.compression/artifacts/z42.compression/debug/build/app.zpkg
compiled: /Users/d.s.qiu/Documents/codesigner-ui/z42-callarity/src/libraries/z42.compression/artifacts/test-targets/compression_streaming_decode/build/app.zpkg
  PASS Z42CompressionStreamingDecodeTests.test_gzip_streaming_small_reads
  PASS Z42CompressionStreamingDecodeTests.test_zstd_streaming_small_reads
  PASS Z42CompressionStreamingDecodeTests.test_gzip_streaming_throttled_source_many_feeds
  PASS Z42CompressionStreamingDecodeTests.test_zstd_streaming_throttled_source_many_feeds
  PASS Z42CompressionStreamingDecodeTests.test_streaming_empty_input
  PASS Z42CompressionStreamingDecodeTests.test_streaming_count_larger_than_remaining
  PASS Z42CompressionStreamingDecodeTests.test_streaming_read_after_close_throws

  Result: 7 passed, 0 failed, 0 skipped

── test target: gzip_round_trip ──
compiled: /Users/d.s.qiu/Documents/codesigner-ui/z42-callarity/src/libraries/z42.compression/artifacts/z42.compression/debug/build/app.zpkg
compiled: /Users/d.s.qiu/Documents/codesigner-ui/z42-callarity/src/libraries/z42.compression/artifacts/test-targets/gzip_round_trip/build/app.zpkg
  PASS Z42CompressionGzipTests.test_round_trip_short_text
  PASS Z42CompressionGzipTests.test_gzip_magic_bytes
  PASS Z42CompressionGzipTests.test_round_trip_at_each_level
  PASS Z42CompressionGzipTests.test_repetitive_input_compresses_well

  Result: 4 passed, 0 failed, 0 skipped

── test target: lz4 ──
compiled: /Users/d.s.qiu/Documents/codesigner-ui/z42-callarity/src/libraries/z42.compression/artifacts/z42.compression/debug/build/app.zpkg
compiled: /Users/d.s.qiu/Documents/codesigner-ui/z42-callarity/src/libraries/z42.compression/artifacts/test-targets/lz4/build/app.zpkg
  PASS Z42CompressionLz4Tests.test_round_trip_short_string
  PASS Z42CompressionLz4Tests.test_round_trip_empty_input
  PASS Z42CompressionLz4Tests.test_round_trip_repeated_pattern_compresses
  PASS Z42CompressionLz4Tests.test_frame_format_magic_bytes
  PASS Z42CompressionLz4Tests.test_round_trip_with_level_ignored
  PASS Z42CompressionLz4Tests.test_round_trip_binary_payload_full_byte_range

  Result: 6 passed, 0 failed, 0 skipped

── test target: stream_pipeline ──
compiled: /Users/d.s.qiu/Documents/codesigner-ui/z42-callarity/src/libraries/z42.compression/artifacts/z42.compression/debug/build/app.zpkg
compiled: /Users/d.s.qiu/Documents/codesigner-ui/z42-callarity/src/libraries/z42.compression/artifacts/test-targets/stream_pipeline/build/app.zpkg
  PASS Z42CompressionStreamPipelineTests.test_gzip_wrap_write_round_trip_via_memory_stream
  PASS Z42CompressionStreamPipelineTests.test_gzip_wrap_read_round_trip_via_memory_stream
  PASS Z42CompressionStreamPipelineTests.test_gzip_many_small_writes_equals_one_big_write
  PASS Z42CompressionStreamPipelineTests.test_gzip_write_after_close_throws
  PASS Z42CompressionStreamPipelineTests.test_gzip_close_is_idempotent
  PASS Z42CompressionStreamPipelineTests.test_gzip_capability_flags
  PASS Z42CompressionStreamPipelineTests.test_zstd_wrap_write_round_trip
  PASS Z42CompressionStreamPipelineTests.test_zstd_wrap_read_round_trip
  PASS Z42CompressionStreamPipelineTests.test_deflate_pipeline_round_trip
  PASS Z42CompressionStreamPipelineTests.test_zlib_pipeline_round_trip
  PASS Z42CompressionStreamPipelineTests.test_wrap_write_with_explicit_level

  Result: 11 passed, 0 failed, 0 skipped

── test target: tar_extract ──
compiled: /Users/d.s.qiu/Documents/codesigner-ui/z42-callarity/src/libraries/z42.compression/artifacts/z42.compression/debug/build/app.zpkg
compiled: /Users/d.s.qiu/Documents/codesigner-ui/z42-callarity/src/libraries/z42.compression/artifacts/test-targets/tar_extract/build/app.zpkg
  PASS Z42TarExtractTests.test_extract_single_file_round_trip
  PASS Z42TarExtractTests.test_extract_creates_nested_directories
  PASS Z42TarExtractTests.test_extract_sets_executable_bit
  PASS Z42TarExtractTests.test_extract_empty_archive
  PASS Z42TarExtractTests.test_extract_overwrites_existing_file
  PASS Z42TarExtractTests.test_extract_rejects_dotdot_traversal
  PASS Z42TarExtractTests.test_extract_rejects_absolute_path

  Result: 7 passed, 0 failed, 0 skipped

── test target: tar_extract_stream ──
compiled: /Users/d.s.qiu/Documents/codesigner-ui/z42-callarity/src/libraries/z42.compression/artifacts/z42.compression/debug/build/app.zpkg
compiled: /Users/d.s.qiu/Documents/codesigner-ui/z42-callarity/src/libraries/z42.compression/artifacts/test-targets/tar_extract_stream/build/app.zpkg
  PASS Z42CompressionTarExtractStreamTests.test_extract_stream_from_memory_stream
  PASS Z42CompressionTarExtractStreamTests.test_extract_stream_zip_slip_blocked
  PASS Z42CompressionTarExtractStreamTests.test_extract_stream_pairs_with_gzip_streaming_decode
  PASS Z42CompressionTarExtractStreamTests.test_extract_stream_preserves_exec_bit
  PASS Z42CompressionTarExtractStreamTests.test_extract_stream_empty_archive
  PASS Z42CompressionTarExtractStreamTests.test_extract_stream_rejects_truncated

  Result: 6 passed, 0 failed, 0 skipped

── test target: tar_write_stream ──
compiled: /Users/d.s.qiu/Documents/codesigner-ui/z42-callarity/src/libraries/z42.compression/artifacts/z42.compression/debug/build/app.zpkg
compiled: /Users/d.s.qiu/Documents/codesigner-ui/z42-callarity/src/libraries/z42.compression/artifacts/test-targets/tar_write_stream/build/app.zpkg
  PASS Z42CompressionTarWriteStreamTests.test_write_stream_byte_identical_to_write
  PASS Z42CompressionTarWriteStreamTests.test_write_stream_round_trip_through_extract_stream
  PASS Z42CompressionTarWriteStreamTests.test_write_stream_zero_entries_emits_only_trailer
  PASS Z42CompressionTarWriteStreamTests.test_write_stream_pairs_with_gzip_streaming_encode
  PASS Z42CompressionTarWriteStreamTests.test_write_stream_does_not_close_dest
  PASS Z42CompressionTarWriteStreamTests.test_write_stream_padding_correctness_non_512_multiple

  Result: 6 passed, 0 failed, 0 skipped

── test target: zip_extract ──
compiled: /Users/d.s.qiu/Documents/codesigner-ui/z42-callarity/src/libraries/z42.compression/artifacts/z42.compression/debug/build/app.zpkg
compiled: /Users/d.s.qiu/Documents/codesigner-ui/z42-callarity/src/libraries/z42.compression/artifacts/test-targets/zip_extract/build/app.zpkg
  PASS Z42CompressionZipExtractTests.test_extractall_writes_single_file
  PASS Z42CompressionZipExtractTests.test_extractall_returns_count_excluding_directory_entries
  PASS Z42CompressionZipExtractTests.test_extractall_destdir_auto_created
  PASS Z42CompressionZipExtractTests.test_extractall_rejects_dotdot_traversal_in_entry_name
  PASS Z42CompressionZipExtractTests.test_extractall_rejects_absolute_path_entry_name

  Result: 5 passed, 0 failed, 0 skipped

── test target: zip_write ──
compiled: /Users/d.s.qiu/Documents/codesigner-ui/z42-callarity/src/libraries/z42.compression/artifacts/z42.compression/debug/build/app.zpkg
compiled: /Users/d.s.qiu/Documents/codesigner-ui/z42-callarity/src/libraries/z42.compression/artifacts/test-targets/zip_write/build/app.zpkg
  PASS Z42CompressionZipWriteTests.test_write_then_read_round_trip_single_entry_store
  PASS Z42CompressionZipWriteTests.test_write_then_read_round_trip_single_entry_deflate
  PASS Z42CompressionZipWriteTests.test_write_multiple_entries_mixed_methods
  PASS Z42CompressionZipWriteTests.test_write_zero_entries_empty_archive
  PASS Z42CompressionZipWriteTests.test_write_magic_bytes
  PASS Z42CompressionZipWriteTests.test_write_rejects_unsupported_method
  PASS Z42CompressionZipWriteTests.test_write_then_extract_all_to_dir
  PASS Z42CompressionZipWriteTests.test_write_handles_empty_content
  PASS Z42CompressionZipWriteTests.test_write_utf8_filename_roundtrips_as_bytes
  PASS Z42CompressionZipWriteTests.test_write_deflate_repetitive_input_shrinks

  Result: 10 passed, 0 failed, 0 skipped

── test target: zstd_round_trip ──
compiled: /Users/d.s.qiu/Documents/codesigner-ui/z42-callarity/src/libraries/z42.compression/artifacts/z42.compression/debug/build/app.zpkg
compiled: /Users/d.s.qiu/Documents/codesigner-ui/z42-callarity/src/libraries/z42.compression/artifacts/test-targets/zstd_round_trip/build/app.zpkg
  PASS Z42CompressionZstdTests.test_round_trip_short_text
  PASS Z42CompressionZstdTests.test_zstd_magic_bytes
  PASS Z42CompressionZstdTests.test_round_trip_level_22

  Result: 3 passed, 0 failed, 0 skipped

── z42.core (test, z42b) : 50 unit(s) ──

── test target: array_algorithms ──
compiled: /Users/d.s.qiu/Documents/codesigner-ui/z42-callarity/src/libraries/z42.core/artifacts/z42.core/debug/build/app.zpkg
compiled: /Users/d.s.qiu/Documents/codesigner-ui/z42-callarity/src/libraries/z42.core/artifacts/test-targets/array_algorithms/build/app.zpkg
  PASS Z42CoreArrayAlgorithmsTests.test_indexof
  PASS Z42CoreArrayAlgorithmsTests.test_reverse
  PASS Z42CoreArrayAlgorithmsTests.test_fill
  PASS Z42CoreArrayAlgorithmsTests.test_copy
  PASS Z42CoreArrayAlgorithmsTests.test_copy_out_of_range
  PASS Z42CoreArrayAlgorithmsTests.test_sort_default
  PASS Z42CoreArrayAlgorithmsTests.test_sort_comparator_descending
  PASS Z42CoreArrayAlgorithmsTests.test_sort_paired
  PASS Z42CoreArrayAlgorithmsTests.test_sort_paired_noop_small
  PASS Z42CoreArrayAlgorithmsTests.test_sort_stable_small

  Result: 10 passed, 0 failed, 0 skipped

── test target: array_csharp_algorithms ──
compiled: /Users/d.s.qiu/Documents/codesigner-ui/z42-callarity/src/libraries/z42.core/artifacts/z42.core/debug/build/app.zpkg
compiled: /Users/d.s.qiu/Documents/codesigner-ui/z42-callarity/src/libraries/z42.core/artifacts/test-targets/array_csharp_algorithms/build/app.zpkg
  PASS Z42CoreArrayCsharpAlgorithmsTests.test_find_and_findlast
  PASS Z42CoreArrayCsharpAlgorithmsTests.test_findindex_and_findlastindex
  PASS Z42CoreArrayCsharpAlgorithmsTests.test_findall
  PASS Z42CoreArrayCsharpAlgorithmsTests.test_exists_and_trueforall
  PASS Z42CoreArrayCsharpAlgorithmsTests.test_binarysearch
  PASS Z42CoreArrayCsharpAlgorithmsTests.test_contains_and_lastindexof
  PASS Z42CoreArrayCsharpAlgorithmsTests.test_convertall
  PASS Z42CoreArrayCsharpAlgorithmsTests.test_foreach
  PASS Z42CoreArrayCsharpAlgorithmsTests.test_clear
  PASS Z42CoreArrayCsharpAlgorithmsTests.test_clear_out_of_range
  PASS Z42CoreArrayCsharpAlgorithmsTests.test_resize
  PASS Z42CoreArrayCsharpAlgorithmsTests.test_empty

  Result: 12 passed, 0 failed, 0 skipped

── test target: array_range_overloads ──
compiled: /Users/d.s.qiu/Documents/codesigner-ui/z42-callarity/src/libraries/z42.core/artifacts/z42.core/debug/build/app.zpkg
compiled: /Users/d.s.qiu/Documents/codesigner-ui/z42-callarity/src/libraries/z42.core/artifacts/test-targets/array_range_overloads/build/app.zpkg
  PASS Z42CoreArrayRangeOverloadsTests.test_sort_range
  PASS Z42CoreArrayRangeOverloadsTests.test_sort_range_out_of_bounds
  PASS Z42CoreArrayRangeOverloadsTests.test_reverse_range
  PASS Z42CoreArrayRangeOverloadsTests.test_fill_range
  PASS Z42CoreArrayRangeOverloadsTests.test_copy_offset_cross_array
  PASS Z42CoreArrayRangeOverloadsTests.test_copy_offset_overlap_forward
  PASS Z42CoreArrayRangeOverloadsTests.test_copy_offset_out_of_bounds
  PASS Z42CoreArrayRangeOverloadsTests.test_indexof_startindex
  PASS Z42CoreArrayRangeOverloadsTests.test_indexof_startindex_count
  PASS Z42CoreArrayRangeOverloadsTests.test_lastindexof_startindex
  PASS Z42CoreArrayRangeOverloadsTests.test_binarysearch_range
  PASS Z42CoreArrayRangeOverloadsTests.test_binarysearch_comparer

  Result: 12 passed, 0 failed, 0 skipped

── test target: assert_basics ──
compiled: /Users/d.s.qiu/Documents/codesigner-ui/z42-callarity/src/libraries/z42.core/artifacts/z42.core/debug/build/app.zpkg
compiled: /Users/d.s.qiu/Documents/codesigner-ui/z42-callarity/src/libraries/z42.core/artifacts/test-targets/assert_basics/build/app.zpkg
  PASS Z42CoreTests.test_string_equality
  PASS Z42CoreTests.test_string_concat
  PASS Z42CoreTests.test_int_arithmetic
  PASS Z42CoreTests.test_bool_logic
  PASS Z42CoreTests.test_string_contains
  PASS Z42CoreTests.test_null_handling

  Result: 6 passed, 0 failed, 0 skipped

── test target: bitconverter_roundtrip ──
compiled: /Users/d.s.qiu/Documents/codesigner-ui/z42-callarity/src/libraries/z42.core/artifacts/z42.core/debug/build/app.zpkg
compiled: /Users/d.s.qiu/Documents/codesigner-ui/z42-callarity/src/libraries/z42.core/artifacts/test-targets/bitconverter_roundtrip/build/app.zpkg
  PASS Z42CoreBitConverterTests.test_double_known_bits
  PASS Z42CoreBitConverterTests.test_double_roundtrip
  PASS Z42CoreBitConverterTests.test_double_from_known_bits
  PASS Z42CoreBitConverterTests.test_single_known_bits
  PASS Z42CoreBitConverterTests.test_single_roundtrip
  PASS Z42CoreBitConverterTests.test_single_from_known_bits

  Result: 6 passed, 0 failed, 0 skipped

── test target: char_classify ──
compiled: /Users/d.s.qiu/Documents/codesigner-ui/z42-callarity/src/libraries/z42.core/artifacts/z42.core/debug/build/app.zpkg
compiled: /Users/d.s.qiu/Documents/codesigner-ui/z42-callarity/src/libraries/z42.core/artifacts/test-targets/char_classify/build/app.zpkg
  PASS Z42CoreCharClassifyTests.test_is_letter_or_digit
  PASS Z42CoreCharClassifyTests.test_is_upper_lower
  PASS Z42CoreCharClassifyTests.test_is_punctuation_true
  PASS Z42CoreCharClassifyTests.test_is_punctuation_false
  PASS Z42CoreCharClassifyTests.test_static_forms
  PASS Z42CoreCharClassifyTests.test_static_casing

  Result: 6 passed, 0 failed, 0 skipped

── test target: char_compare ──
compiled: /Users/d.s.qiu/Documents/codesigner-ui/z42-callarity/src/libraries/z42.core/artifacts/z42.core/debug/build/app.zpkg
compiled: /Users/d.s.qiu/Documents/codesigner-ui/z42-callarity/src/libraries/z42.core/artifacts/test-targets/char_compare/build/app.zpkg
  PASS Z42CoreCharCompareTests.test_char_lt_char
  PASS Z42CoreCharCompareTests.test_char_le_char
  PASS Z42CoreCharCompareTests.test_char_gt_char
  PASS Z42CoreCharCompareTests.test_char_ge_char
  PASS Z42CoreCharCompareTests.test_char_digit_range_check
  PASS Z42CoreCharCompareTests.test_char_digit_range_check_negative
  PASS Z42CoreCharCompareTests.test_char_compare_with_int_widens

  Result: 7 passed, 0 failed, 0 skipped

── test target: convert_extras ──
compiled: /Users/d.s.qiu/Documents/codesigner-ui/z42-callarity/src/libraries/z42.core/artifacts/z42.core/debug/build/app.zpkg
compiled: /Users/d.s.qiu/Documents/codesigner-ui/z42-callarity/src/libraries/z42.core/artifacts/test-targets/convert_extras/build/app.zpkg
  PASS Z42CoreConvertExtrasTests.test_to_byte_int16
  PASS Z42CoreConvertExtrasTests.test_to_single
  PASS Z42CoreConvertExtrasTests.test_to_boolean
  PASS Z42CoreConvertExtrasTests.test_to_char

  Result: 4 passed, 0 failed, 0 skipped

── test target: convert_native ──
compiled: /Users/d.s.qiu/Documents/codesigner-ui/z42-callarity/src/libraries/z42.core/artifacts/z42.core/debug/build/app.zpkg
compiled: /Users/d.s.qiu/Documents/codesigner-ui/z42-callarity/src/libraries/z42.core/artifacts/test-targets/convert_native/build/app.zpkg
  PASS Z42CoreConvertNativeTests.test_to_int32
  PASS Z42CoreConvertNativeTests.test_to_int64
  PASS Z42CoreConvertNativeTests.test_to_double
  PASS Z42CoreConvertNativeTests.test_to_string_object
  PASS Z42CoreConvertNativeTests.test_roundtrip_int32

  Result: 5 passed, 0 failed, 0 skipped

── test target: datetime ──
compiled: /Users/d.s.qiu/Documents/codesigner-ui/z42-callarity/src/libraries/z42.core/artifacts/z42.core/debug/build/app.zpkg
compiled: /Users/d.s.qiu/Documents/codesigner-ui/z42-callarity/src/libraries/z42.core/artifacts/test-targets/datetime/build/app.zpkg
  PASS Z42DateTimeTests.test_utcnow_positive
  PASS Z42DateTimeTests.test_from_unix_ms
  PASS Z42DateTimeTests.test_unix_epoch
  PASS Z42DateTimeTests.test_subtract_datetimes
  PASS Z42DateTimeTests.test_add_timespan
  PASS Z42DateTimeTests.test_subtract_timespan
  PASS Z42DateTimeTests.test_compare
  PASS Z42DateTimeTests.test_iso8601_epoch
  PASS Z42DateTimeTests.test_iso8601_known_modern_timestamp
  PASS Z42DateTimeTests.test_iso8601_millisecond_padding
  PASS Z42DateTimeTests.test_iso8601_leap_day_2024_02_29
  PASS Z42DateTimeTests.test_iso8601_y2k_boundary
  PASS Z42DateTimeTests.test_iso8601_negative_timestamp
  PASS Z42DateTimeTests.test_iso8601_pre_epoch_century_1900
  PASS Z42DateTimeTests.test_iso8601_year_1_jan_1
  PASS Z42DateTimeTests.test_iso8601_mid_day_arbitrary

  Result: 16 passed, 0 failed, 0 skipped

── test target: datetime_calendar ──
compiled: /Users/d.s.qiu/Documents/codesigner-ui/z42-callarity/src/libraries/z42.core/artifacts/z42.core/debug/build/app.zpkg
compiled: /Users/d.s.qiu/Documents/codesigner-ui/z42-callarity/src/libraries/z42.core/artifacts/test-targets/datetime_calendar/build/app.zpkg
  PASS Z42TimeDateTimeCalendarTests.test_year_month_day_for_known_moment
  PASS Z42TimeDateTimeCalendarTests.test_hour_minute_second_for_known_moment
  PASS Z42TimeDateTimeCalendarTests.test_millisecond_preserved
  PASS Z42TimeDateTimeCalendarTests.test_unix_epoch_decomposes_to_1970_01_01
  PASS Z42TimeDateTimeCalendarTests.test_dayofweek_unix_epoch_is_thursday
  PASS Z42TimeDateTimeCalendarTests.test_dayofweek_known_sunday
  PASS Z42TimeDateTimeCalendarTests.test_dayofweek_known_monday
  PASS Z42TimeDateTimeCalendarTests.test_dayofweek_known_saturday
  PASS Z42TimeDateTimeCalendarTests.test_dayofyear_jan_1_is_1
  PASS Z42TimeDateTimeCalendarTests.test_dayofyear_dec_31_non_leap
  PASS Z42TimeDateTimeCalendarTests.test_dayofyear_dec_31_leap
  PASS Z42TimeDateTimeCalendarTests.test_dayofyear_after_leap_day
  PASS Z42TimeDateTimeCalendarTests.test_isleapyear_typical_cases
  PASS Z42TimeDateTimeCalendarTests.test_daysinmonth_january_31
  PASS Z42TimeDateTimeCalendarTests.test_daysinmonth_february_28_or_29
  PASS Z42TimeDateTimeCalendarTests.test_daysinmonth_april_30
  PASS Z42TimeDateTimeCalendarTests.test_daysinmonth_rejects_bad_month
  PASS Z42TimeDateTimeCalendarTests.test_utc_round_trip_through_decomposers
  PASS Z42TimeDateTimeCalendarTests.test_utc_rejects_february_31
  PASS Z42TimeDateTimeCalendarTests.test_utc_rejects_february_29_non_leap
  PASS Z42TimeDateTimeCalendarTests.test_utc_accepts_february_29_leap
  PASS Z42TimeDateTimeCalendarTests.test_utc_rejects_hour_24
  PASS Z42TimeDateTimeCalendarTests.test_adddays_simple
  PASS Z42TimeDateTimeCalendarTests.test_adddays_negative
  PASS Z42TimeDateTimeCalendarTests.test_adddays_across_leap_day
  PASS Z42TimeDateTimeCalendarTests.test_addhours_wraps_day
  PASS Z42TimeDateTimeCalendarTests.test_addmonths_simple
  PASS Z42TimeDateTimeCalendarTests.test_addmonths_clamps_march_31_to_april_30
  PASS Z42TimeDateTimeCalendarTests.test_addmonths_clamps_jan_31_to_feb_29_in_leap_year
  PASS Z42TimeDateTimeCalendarTests.test_addmonths_clamps_jan_31_to_feb_28_in_non_leap_year
  PASS Z42TimeDateTimeCalendarTests.test_addmonths_crosses_year_boundary
  PASS Z42TimeDateTimeCalendarTests.test_addmonths_negative
  PASS Z42TimeDateTimeCalendarTests.test_addmonths_preserves_time_of_day
  PASS Z42TimeDateTimeCalendarTests.test_addyears_simple
  PASS Z42TimeDateTimeCalendarTests.test_addyears_feb_29_to_non_leap_year_clamps_to_feb_28
  PASS Z42TimeDateTimeCalendarTests.test_addyears_feb_29_to_leap_year_preserves_29

  Result: 36 passed, 0 failed, 0 skipped

── test target: datetime_offset ──
compiled: /Users/d.s.qiu/Documents/codesigner-ui/z42-callarity/src/libraries/z42.core/artifacts/z42.core/debug/build/app.zpkg
compiled: /Users/d.s.qiu/Documents/codesigner-ui/z42-callarity/src/libraries/z42.core/artifacts/test-targets/datetime_offset/build/app.zpkg
  PASS Z42TimeDateTimeOffsetTests.test_construct_stores_utc_and_offset
  PASS Z42TimeDateTimeOffsetTests.test_construct_null_utc_throws
  PASS Z42TimeDateTimeOffsetTests.test_construct_null_tz_throws
  PASS Z42TimeDateTimeOffsetTests.test_local_datetime_applies_offset
  PASS Z42TimeDateTimeOffsetTests.test_local_field_accessors_match_offset
  PASS Z42TimeDateTimeOffsetTests.test_from_local_computes_utc
  PASS Z42TimeDateTimeOffsetTests.test_parse_utc_suffix_z
  PASS Z42TimeDateTimeOffsetTests.test_parse_positive_offset
  PASS Z42TimeDateTimeOffsetTests.test_parse_negative_offset
  PASS Z42TimeDateTimeOffsetTests.test_parse_offset_without_colon
  PASS Z42TimeDateTimeOffsetTests.test_parse_no_offset_throws
  PASS Z42TimeDateTimeOffsetTests.test_iso8601_round_trip_positive_offset
  PASS Z42TimeDateTimeOffsetTests.test_iso8601_round_trip_negative_offset
  PASS Z42TimeDateTimeOffsetTests.test_equals_same_utc_different_offset_true
  PASS Z42TimeDateTimeOffsetTests.test_equals_exact_same_utc_different_offset_false
  PASS Z42TimeDateTimeOffsetTests.test_equals_null_returns_false
  PASS Z42TimeDateTimeOffsetTests.test_is_after_by_utc
  PASS Z42TimeDateTimeOffsetTests.test_subtract_returns_timespan
  PASS Z42TimeDateTimeOffsetTests.test_add_timespan_preserves_offset
  PASS Z42TimeDateTimeOffsetTests.test_subtract_span_preserves_offset
  PASS Z42TimeDateTimeOffsetTests.test_now_returns_offset_zone

  Result: 21 passed, 0 failed, 0 skipped

── test target: datetime_parse_iso8601 ──
compiled: /Users/d.s.qiu/Documents/codesigner-ui/z42-callarity/src/libraries/z42.core/artifacts/z42.core/debug/build/app.zpkg
compiled: /Users/d.s.qiu/Documents/codesigner-ui/z42-callarity/src/libraries/z42.core/artifacts/test-targets/datetime_parse_iso8601/build/app.zpkg
  PASS Z42TimeDateTimeParseIso8601Tests.test_roundtrip_with_to_iso8601
  PASS Z42TimeDateTimeParseIso8601Tests.test_unix_epoch_roundtrip
  PASS Z42TimeDateTimeParseIso8601Tests.test_date_only_yields_midnight_utc
  PASS Z42TimeDateTimeParseIso8601Tests.test_basic_utc_z_suffix
  PASS Z42TimeDateTimeParseIso8601Tests.test_with_milliseconds
  PASS Z42TimeDateTimeParseIso8601Tests.test_truncates_fractional_below_ms
  PASS Z42TimeDateTimeParseIso8601Tests.test_pads_fractional_under_ms
  PASS Z42TimeDateTimeParseIso8601Tests.test_positive_offset_subtracts
  PASS Z42TimeDateTimeParseIso8601Tests.test_negative_offset_adds
  PASS Z42TimeDateTimeParseIso8601Tests.test_offset_without_colon
  PASS Z42TimeDateTimeParseIso8601Tests.test_no_suffix_treated_as_utc
  PASS Z42TimeDateTimeParseIso8601Tests.test_space_separator_accepted
  PASS Z42TimeDateTimeParseIso8601Tests.test_pre_epoch_negative_unix_ms
  PASS Z42TimeDateTimeParseIso8601Tests.test_rejects_too_short_input
  PASS Z42TimeDateTimeParseIso8601Tests.test_rejects_non_digit_in_year
  PASS Z42TimeDateTimeParseIso8601Tests.test_rejects_bad_separator
  PASS Z42TimeDateTimeParseIso8601Tests.test_rejects_out_of_range_month
  PASS Z42TimeDateTimeParseIso8601Tests.test_rejects_trailing_garbage_after_z
  PASS Z42TimeDateTimeParseIso8601Tests.test_rejects_dot_without_fractional_digits
  PASS Z42TimeDateTimeParseIso8601Tests.test_leap_second_60_buckets_to_59
  PASS Z42TimeDateTimeParseIso8601Tests.test_reject_feb_31
  PASS Z42TimeDateTimeParseIso8601Tests.test_reject_apr_31
  PASS Z42TimeDateTimeParseIso8601Tests.test_reject_nonleap_feb_29
  PASS Z42TimeDateTimeParseIso8601Tests.test_accept_leap_feb_29
  PASS Z42TimeDateTimeParseIso8601Tests.test_accept_valid_month_ends

  Result: 25 passed, 0 failed, 0 skipped

── test target: dictionary_enumerator ──
compiled: /Users/d.s.qiu/Documents/codesigner-ui/z42-callarity/src/libraries/z42.core/artifacts/z42.core/debug/build/app.zpkg
compiled: /Users/d.s.qiu/Documents/codesigner-ui/z42-callarity/src/libraries/z42.core/artifacts/test-targets/dictionary_enumerator/build/app.zpkg
  PASS Z42CoreDictionaryEnumeratorTests.test_enumerator_visits_all_entries
  PASS Z42CoreDictionaryEnumeratorTests.test_enumerator_empty_dict
  PASS Z42CoreDictionaryEnumeratorTests.test_enumerator_current_pair_matches

  Result: 3 passed, 0 failed, 0 skipped

── test target: dictionary_hash_edge ──
compiled: /Users/d.s.qiu/Documents/codesigner-ui/z42-callarity/src/libraries/z42.core/artifacts/z42.core/debug/build/app.zpkg
compiled: /Users/d.s.qiu/Documents/codesigner-ui/z42-callarity/src/libraries/z42.core/artifacts/test-targets/dictionary_hash_edge/build/app.zpkg
  PASS Z42CoreDictHashEdgeTests.test_dictionary_int_min_hash_no_trap

  Result: 1 passed, 0 failed, 0 skipped

── test target: dictionary_lookup ──
compiled: /Users/d.s.qiu/Documents/codesigner-ui/z42-callarity/src/libraries/z42.core/artifacts/z42.core/debug/build/app.zpkg
compiled: /Users/d.s.qiu/Documents/codesigner-ui/z42-callarity/src/libraries/z42.core/artifacts/test-targets/dictionary_lookup/build/app.zpkg
  PASS Z42CoreDictLookupTests.test_tryadd_inserts_when_absent
  PASS Z42CoreDictLookupTests.test_tryadd_grows
  PASS Z42CoreDictLookupTests.test_getvalueordefault_no_arg
  PASS Z42CoreDictLookupTests.test_getvalueordefault_with_default
  PASS Z42CoreDictLookupTests.test_getvalueordefault_string_values

  Result: 5 passed, 0 failed, 0 skipped

── test target: dictionary_ops ──
compiled: /Users/d.s.qiu/Documents/codesigner-ui/z42-callarity/src/libraries/z42.core/artifacts/z42.core/debug/build/app.zpkg
compiled: /Users/d.s.qiu/Documents/codesigner-ui/z42-callarity/src/libraries/z42.core/artifacts/test-targets/dictionary_ops/build/app.zpkg
  PASS Z42CoreDictOpsTests.test_is_empty_and_clear
  PASS Z42CoreDictOpsTests.test_indexer_set_overwrites_no_count_growth
  PASS Z42CoreDictOpsTests.test_keys_snapshot_order_independent
  PASS Z42CoreDictOpsTests.test_values_snapshot_order_independent
  PASS Z42CoreDictOpsTests.test_entries_pairs_keyvaluepair
  PASS Z42CoreDictOpsTests.test_keyvaluepair_value_equality
  PASS Z42CoreDictOpsTests.test_snapshots_empty_dict

  Result: 7 passed, 0 failed, 0 skipped

── test target: enum_parse_isdefined ──
compiled: /Users/d.s.qiu/Documents/codesigner-ui/z42-callarity/src/libraries/z42.core/artifacts/z42.core/debug/build/app.zpkg
compiled: /Users/d.s.qiu/Documents/codesigner-ui/z42-callarity/src/libraries/z42.core/artifacts/test-targets/enum_parse_isdefined/build/app.zpkg
  PASS Z42CoreEnumParseTests.test_parse_valid
  PASS Z42CoreEnumParseTests.test_parse_case_sensitive_and_missing_throws
  PASS Z42CoreEnumParseTests.test_is_defined
  PASS Z42CoreEnumParseTests.test_getname_parse_roundtrip

  Result: 4 passed, 0 failed, 0 skipped

── test target: exception_hierarchy ──
compiled: /Users/d.s.qiu/Documents/codesigner-ui/z42-callarity/src/libraries/z42.core/artifacts/z42.core/debug/build/app.zpkg
compiled: /Users/d.s.qiu/Documents/codesigner-ui/z42-callarity/src/libraries/z42.core/artifacts/test-targets/exception_hierarchy/build/app.zpkg
  PASS Z42CoreExceptionHierarchyTests.test_catch_derived_by_base_clause
  PASS Z42CoreExceptionHierarchyTests.test_catch_derived_by_root_exception
  PASS Z42CoreExceptionHierarchyTests.test_more_specific_clause_wins_over_base
  PASS Z42CoreExceptionHierarchyTests.test_wrapping_ctor_inner_exception
  PASS Z42CoreExceptionHierarchyTests.test_aggregate_exception_inners_and_tostring
  PASS Z42CoreExceptionHierarchyTests.test_aggregate_caught_as_base_exception
  PASS Z42CoreExceptionHierarchyTests.test_derived_tostring_override

  Result: 7 passed, 0 failed, 0 skipped

── test target: exception_types ──
compiled: /Users/d.s.qiu/Documents/codesigner-ui/z42-callarity/src/libraries/z42.core/artifacts/z42.core/debug/build/app.zpkg
compiled: /Users/d.s.qiu/Documents/codesigner-ui/z42-callarity/src/libraries/z42.core/artifacts/test-targets/exception_types/build/app.zpkg
  PASS Z42CoreExceptionTypesTests.test_leaf_construction_message_and_tostring
  PASS Z42CoreExceptionTypesTests.test_leaf_inner_exception_defaults_null
  PASS Z42CoreExceptionTypesTests.test_key_not_found_caught_as_base_and_narrowed
  PASS Z42CoreExceptionTypesTests.test_index_out_of_range_caught_as_base
  PASS Z42CoreExceptionTypesTests.test_overflow_caught_as_base
  PASS Z42CoreExceptionTypesTests.test_not_supported_caught_as_base
  PASS Z42CoreExceptionTypesTests.test_distinct_leaf_types_do_not_cross_narrow
  PASS Z42CoreExceptionTypesTests.test_multicast_fields_and_success_count
  PASS Z42CoreExceptionTypesTests.test_multicast_custom_tostring
  PASS Z42CoreExceptionTypesTests.test_multicast_inherits_aggregate_inner_exceptions
  PASS Z42CoreExceptionTypesTests.test_multicast_caught_as_aggregate_and_as_root

  Result: 11 passed, 0 failed, 0 skipped

── test target: gc_pause_histogram ──
compiled: /Users/d.s.qiu/Documents/codesigner-ui/z42-callarity/src/libraries/z42.core/artifacts/z42.core/debug/build/app.zpkg
compiled: /Users/d.s.qiu/Documents/codesigner-ui/z42-callarity/src/libraries/z42.core/artifacts/test-targets/gc_pause_histogram/build/app.zpkg
  PASS Z42CoreTests.Gc.test_pause_histogram_returns_8_elements
  PASS Z42CoreTests.Gc.test_pause_stats_raw_returns_4_elements

  Result: 2 passed, 0 failed, 0 skipped

── test target: generic_array_zero_init ──
compiled: /Users/d.s.qiu/Documents/codesigner-ui/z42-callarity/src/libraries/z42.core/artifacts/z42.core/debug/build/app.zpkg
compiled: /Users/d.s.qiu/Documents/codesigner-ui/z42-callarity/src/libraries/z42.core/artifacts/test-targets/generic_array_zero_init/build/app.zpkg
  PASS Z42CoreGenericArrayZeroInitTests.test_method_int_zero
  PASS Z42CoreGenericArrayZeroInitTests.test_method_bool_zero
  PASS Z42CoreGenericArrayZeroInitTests.test_method_char_zero
  PASS Z42CoreGenericArrayZeroInitTests.test_method_double_zero
  PASS Z42CoreGenericArrayZeroInitTests.test_class_field_int_zero
  PASS Z42CoreGenericArrayZeroInitTests.test_reference_type_still_null
  PASS Z42CoreGenericArrayZeroInitTests.test_resize_tail_zero_no_workaround

  Result: 7 passed, 0 failed, 0 skipped

── test target: guid ──
compiled: /Users/d.s.qiu/Documents/codesigner-ui/z42-callarity/src/libraries/z42.core/artifacts/z42.core/debug/build/app.zpkg
compiled: /Users/d.s.qiu/Documents/codesigner-ui/z42-callarity/src/libraries/z42.core/artifacts/test-targets/guid/build/app.zpkg
  PASS Z42GuidTests.test_empty
  PASS Z42GuidTests.test_parse_d_roundtrip
  PASS Z42GuidTests.test_parse_n_form
  PASS Z42GuidTests.test_equals_across_forms
  PASS Z42GuidTests.test_newguid_v4_layout
  PASS Z42GuidTests.test_newguid_unique
  PASS Z42GuidTests.test_tryparse
  PASS Z42GuidTests.test_parse_bad_throws

  Result: 8 passed, 0 failed, 0 skipped

── test target: hashset_ops ──
compiled: /Users/d.s.qiu/Documents/codesigner-ui/z42-callarity/src/libraries/z42.core/artifacts/z42.core/debug/build/app.zpkg
compiled: /Users/d.s.qiu/Documents/codesigner-ui/z42-callarity/src/libraries/z42.core/artifacts/test-targets/hashset_ops/build/app.zpkg
  PASS Z42CoreHashSetTests.test_add_dedup_and_count
  PASS Z42CoreHashSetTests.test_contains_and_remove
  PASS Z42CoreHashSetTests.test_string_elements
  PASS Z42CoreHashSetTests.test_grow_preserves_all
  PASS Z42CoreHashSetTests.test_clear_and_toarray
  PASS Z42CoreHashSetTests.test_union_with
  PASS Z42CoreHashSetTests.test_intersect_with
  PASS Z42CoreHashSetTests.test_except_with

  Result: 8 passed, 0 failed, 0 skipped

── test target: lazy ──
compiled: /Users/d.s.qiu/Documents/codesigner-ui/z42-callarity/src/libraries/z42.core/artifacts/z42.core/debug/build/app.zpkg
compiled: /Users/d.s.qiu/Documents/codesigner-ui/z42-callarity/src/libraries/z42.core/artifacts/test-targets/lazy/build/app.zpkg
  PASS Z42LazyTests.test_value_and_created_flag
  PASS Z42LazyTests.test_factory_runs_once
  PASS Z42LazyTests.test_reference_value

  Result: 3 passed, 0 failed, 0 skipped

── test target: list_enumerator ──
compiled: /Users/d.s.qiu/Documents/codesigner-ui/z42-callarity/src/libraries/z42.core/artifacts/z42.core/debug/build/app.zpkg
compiled: /Users/d.s.qiu/Documents/codesigner-ui/z42-callarity/src/libraries/z42.core/artifacts/test-targets/list_enumerator/build/app.zpkg
  PASS Z42CoreListEnumeratorTests.test_enumerator_iterates_in_order
  PASS Z42CoreListEnumeratorTests.test_enumerator_empty_list
  PASS Z42CoreListEnumeratorTests.test_enumerator_string_elements
  PASS Z42CoreListEnumeratorTests.test_enumerator_is_value_type_independent

  Result: 4 passed, 0 failed, 0 skipped

── test target: list_ops ──
compiled: /Users/d.s.qiu/Documents/codesigner-ui/z42-callarity/src/libraries/z42.core/artifacts/z42.core/debug/build/app.zpkg
compiled: /Users/d.s.qiu/Documents/codesigner-ui/z42-callarity/src/libraries/z42.core/artifacts/test-targets/list_ops/build/app.zpkg
  PASS Z42CoreListOpsTests.test_is_empty
  PASS Z42CoreListOpsTests.test_indexer_get_set
  PASS Z42CoreListOpsTests.test_insert_head_middle_tail
  PASS Z42CoreListOpsTests.test_insert_triggers_grow
  PASS Z42CoreListOpsTests.test_remove_at_head_middle_tail
  PASS Z42CoreListOpsTests.test_contains_and_index_of
  PASS Z42CoreListOpsTests.test_index_of_first_occurrence
  PASS Z42CoreListOpsTests.test_clear_resets_but_keeps_reusable
  PASS Z42CoreListOpsTests.test_reverse_even_and_odd
  PASS Z42CoreListOpsTests.test_reverse_empty_and_single
  PASS Z42CoreListOpsTests.test_to_array_is_snapshot_copy

  Result: 11 passed, 0 failed, 0 skipped

── test target: list_query ──
compiled: /Users/d.s.qiu/Documents/codesigner-ui/z42-callarity/src/libraries/z42.core/artifacts/z42.core/debug/build/app.zpkg
compiled: /Users/d.s.qiu/Documents/codesigner-ui/z42-callarity/src/libraries/z42.core/artifacts/test-targets/list_query/build/app.zpkg
  PASS Z42CoreListQueryTests.test_find_and_findindex
  PASS Z42CoreListQueryTests.test_findlast_and_findlastindex
  PASS Z42CoreListQueryTests.test_findall
  PASS Z42CoreListQueryTests.test_exists_and_trueforall
  PASS Z42CoreListQueryTests.test_removeall
  PASS Z42CoreListQueryTests.test_lastindexof
  PASS Z42CoreListQueryTests.test_getrange
  PASS Z42CoreListQueryTests.test_binarysearch
  PASS Z42CoreListQueryTests.test_find_on_strings

  Result: 9 passed, 0 failed, 0 skipped

── test target: list_sort ──
compiled: /Users/d.s.qiu/Documents/codesigner-ui/z42-callarity/src/libraries/z42.core/artifacts/z42.core/debug/build/app.zpkg
compiled: /Users/d.s.qiu/Documents/codesigner-ui/z42-callarity/src/libraries/z42.core/artifacts/test-targets/list_sort/build/app.zpkg
  PASS Z42CoreListSortTests.test_sort_empty_and_single
  PASS Z42CoreListSortTests.test_sort_reverse_and_sorted
  PASS Z42CoreListSortTests.test_sort_larger_with_duplicates
  PASS Z42CoreListSortTests.test_sort_is_stable
  PASS Z42CoreListSortTests.test_capacity_ctor_and_addrange
  PASS Z42CoreListSortTests.test_dict_remove_reinserts_probe_chain
  PASS Z42CoreListSortTests.test_sort_comparison_descending
  PASS Z42CoreListSortTests.test_sort_comparison_matches_default
  PASS Z42CoreListSortTests.test_sort_comparison_empty_and_single
  PASS Z42CoreListSortTests.test_sort_comparison_is_stable

  Result: 10 passed, 0 failed, 0 skipped

── test target: math_basics ──
compiled: /Users/d.s.qiu/Documents/codesigner-ui/z42-callarity/src/libraries/z42.core/artifacts/z42.core/debug/build/app.zpkg
compiled: /Users/d.s.qiu/Documents/codesigner-ui/z42-callarity/src/libraries/z42.core/artifacts/test-targets/math_basics/build/app.zpkg
  PASS Z42MathTests.test_abs_int_positive
  PASS Z42MathTests.test_abs_int_negative
  PASS Z42MathTests.test_abs_int_zero
  PASS Z42MathTests.test_abs_double
  PASS Z42MathTests.test_abs_double_negative_zero_stays_zero
  PASS Z42MathTests.test_max_int
  PASS Z42MathTests.test_max_double
  PASS Z42MathTests.test_min_int
  PASS Z42MathTests.test_min_double
  PASS Z42MathTests.test_abs_int_assignable_to_int_local
  PASS Z42MathTests.test_max_int_assignable_to_int_local
  PASS Z42MathTests.test_min_int_assignable_to_int_local
  PASS Z42MathTests.test_constants_pi
  PASS Z42MathTests.test_sign
  PASS Z42MathTests.test_clamp

  Result: 15 passed, 0 failed, 0 skipped

── test target: math_extra ──
compiled: /Users/d.s.qiu/Documents/codesigner-ui/z42-callarity/src/libraries/z42.core/artifacts/z42.core/debug/build/app.zpkg
compiled: /Users/d.s.qiu/Documents/codesigner-ui/z42-callarity/src/libraries/z42.core/artifacts/test-targets/math_extra/build/app.zpkg
  PASS Z42MathExtraTests.test_asin
  PASS Z42MathExtraTests.test_acos
  PASS Z42MathExtraTests.test_atan
  PASS Z42MathExtraTests.test_sinh
  PASS Z42MathExtraTests.test_cosh
  PASS Z42MathExtraTests.test_tanh
  PASS Z42MathExtraTests.test_cbrt
  PASS Z42MathExtraTests.test_log2
  PASS Z42MathExtraTests.test_truncate
  PASS Z42MathExtraTests.test_round_digits

  Result: 10 passed, 0 failed, 0 skipped

── test target: math_libm ──
compiled: /Users/d.s.qiu/Documents/codesigner-ui/z42-callarity/src/libraries/z42.core/artifacts/z42.core/debug/build/app.zpkg
compiled: /Users/d.s.qiu/Documents/codesigner-ui/z42-callarity/src/libraries/z42.core/artifacts/test-targets/math_libm/build/app.zpkg
  PASS Z42CoreMathLibmTests.test_sqrt
  PASS Z42CoreMathLibmTests.test_log
  PASS Z42CoreMathLibmTests.test_log10
  PASS Z42CoreMathLibmTests.test_exp
  PASS Z42CoreMathLibmTests.test_sin
  PASS Z42CoreMathLibmTests.test_cos
  PASS Z42CoreMathLibmTests.test_tan
  PASS Z42CoreMathLibmTests.test_atan2
  PASS Z42CoreMathLibmTests.test_sin_cos_pythagorean

  Result: 9 passed, 0 failed, 0 skipped

── test target: narrow_int_primitives ──
compiled: /Users/d.s.qiu/Documents/codesigner-ui/z42-callarity/src/libraries/z42.core/artifacts/z42.core/debug/build/app.zpkg
compiled: /Users/d.s.qiu/Documents/codesigner-ui/z42-callarity/src/libraries/z42.core/artifacts/test-targets/narrow_int_primitives/build/app.zpkg
  PASS Z42CoreNarrowIntTests.test_i8_parse_round_trip
  PASS Z42CoreNarrowIntTests.test_i8_compare_to
  PASS Z42CoreNarrowIntTests.test_i16_parse_round_trip
  PASS Z42CoreNarrowIntTests.test_u8_parse_round_trip
  PASS Z42CoreNarrowIntTests.test_u8_equals
  PASS Z42CoreNarrowIntTests.test_u16_parse_round_trip
  PASS Z42CoreNarrowIntTests.test_u32_parse_round_trip
  PASS Z42CoreNarrowIntTests.test_u64_parse_low_values_round_trip
  PASS Z42CoreNarrowIntTests.test_i8_parse_rejects_out_of_range
  PASS Z42CoreNarrowIntTests.test_i16_parse_rejects_out_of_range
  PASS Z42CoreNarrowIntTests.test_u8_parse_rejects_out_of_range
  PASS Z42CoreNarrowIntTests.test_u16_parse_rejects_out_of_range
  PASS Z42CoreNarrowIntTests.test_u32_parse_rejects_out_of_range
  PASS Z42CoreNarrowIntTests.test_u64_parse_rejects_negative
  PASS Z42CoreNarrowIntTests.test_int_parse_now_rejects_overflow
  PASS Z42CoreNarrowIntTests.test_parse_rejects_non_numeric

  Result: 16 passed, 0 failed, 0 skipped

── test target: op_edge_cases ──
compiled: /Users/d.s.qiu/Documents/codesigner-ui/z42-callarity/src/libraries/z42.core/artifacts/z42.core/debug/build/app.zpkg
compiled: /Users/d.s.qiu/Documents/codesigner-ui/z42-callarity/src/libraries/z42.core/artifacts/test-targets/op_edge_cases/build/app.zpkg
  PASS Z42CoreOpEdgeCasesTests.test_int_divide_by_zero_throws_specific_type
  PASS Z42CoreOpEdgeCasesTests.test_int_modulo_by_zero_throws_specific_type
  PASS Z42CoreOpEdgeCasesTests.test_double_divide_by_zero_gives_infinity
  PASS Z42CoreOpEdgeCasesTests.test_neg_int_min_overflow
  PASS Z42CoreOpEdgeCasesTests.test_bitwise_on_int_works
  PASS Z42CoreOpEdgeCasesTests.test_shift_ops_work
  PASS Z42CoreOpEdgeCasesTests.test_int_plus_long_widens
  PASS Z42CoreOpEdgeCasesTests.test_int_minus_double_widens
  PASS Z42CoreOpEdgeCasesTests.test_substring_negative_length_throws
  PASS Z42CoreOpEdgeCasesTests.test_substring_past_end_throws
  PASS Z42CoreOpEdgeCasesTests.test_substring_valid_ranges_ok
  PASS Z42CoreOpEdgeCasesTests.test_double_compareto_nan_total_order
  PASS Z42CoreOpEdgeCasesTests.test_double_compareto_normal_unaffected
  PASS Z42CoreOpEdgeCasesTests.test_char_is_digit
  PASS Z42CoreOpEdgeCasesTests.test_char_is_letter
  PASS Z42CoreOpEdgeCasesTests.test_string_to_char_array

  Result: 16 passed, 0 failed, 0 skipped

── test target: path_basics ──
compiled: /Users/d.s.qiu/Documents/codesigner-ui/z42-callarity/src/libraries/z42.core/artifacts/z42.core/debug/build/app.zpkg
compiled: /Users/d.s.qiu/Documents/codesigner-ui/z42-callarity/src/libraries/z42.core/artifacts/test-targets/path_basics/build/app.zpkg
  PASS Z42CorePathBasicsTests.test_separator
  PASS Z42CorePathBasicsTests.test_is_rooted_posix
  PASS Z42CorePathBasicsTests.test_is_rooted_windows
  PASS Z42CorePathBasicsTests.test_join_two
  PASS Z42CorePathBasicsTests.test_join_params
  PASS Z42CorePathBasicsTests.test_get_file_name
  PASS Z42CorePathBasicsTests.test_get_extension
  PASS Z42CorePathBasicsTests.test_get_file_name_without_extension
  PASS Z42CorePathBasicsTests.test_get_directory_name
  PASS Z42CorePathBasicsTests.test_glob_recursive_missing_dir

  Result: 10 passed, 0 failed, 0 skipped

── test target: platform_capabilities ──
compiled: /Users/d.s.qiu/Documents/codesigner-ui/z42-callarity/src/libraries/z42.core/artifacts/z42.core/debug/build/app.zpkg
compiled: /Users/d.s.qiu/Documents/codesigner-ui/z42-callarity/src/libraries/z42.core/artifacts/test-targets/platform_capabilities/build/app.zpkg
  PASS Z42CorePlatformCapabilitiesTests.test_exec_modes_always_has_interp
  PASS Z42CorePlatformCapabilitiesTests.test_has_threads_matches_capabilities
  PASS Z42CorePlatformCapabilitiesTests.test_has_jit_matches_capabilities
  PASS Z42CorePlatformCapabilitiesTests.test_has_native_interop_matches_capabilities
  PASS Z42CorePlatformCapabilitiesTests.test_has_aot_matches_exec_modes

  Result: 5 passed, 0 failed, 0 skipped

── test target: primitive_minmax ──
compiled: /Users/d.s.qiu/Documents/codesigner-ui/z42-callarity/src/libraries/z42.core/artifacts/z42.core/debug/build/app.zpkg
compiled: /Users/d.s.qiu/Documents/codesigner-ui/z42-callarity/src/libraries/z42.core/artifacts/test-targets/primitive_minmax/build/app.zpkg
  PASS Z42CorePrimitiveMinMaxTests.test_int32
  PASS Z42CorePrimitiveMinMaxTests.test_int16
  PASS Z42CorePrimitiveMinMaxTests.test_int64
  PASS Z42CorePrimitiveMinMaxTests.test_sbyte
  PASS Z42CorePrimitiveMinMaxTests.test_byte
  PASS Z42CorePrimitiveMinMaxTests.test_uint16
  PASS Z42CorePrimitiveMinMaxTests.test_uint32
  PASS Z42CorePrimitiveMinMaxTests.test_uint64
  PASS Z42CorePrimitiveMinMaxTests.test_double
  PASS Z42CorePrimitiveMinMaxTests.test_double_special
  PASS Z42CorePrimitiveMinMaxTests.test_single

  Result: 11 passed, 0 failed, 0 skipped

── test target: primitive_protocol_script ──
compiled: /Users/d.s.qiu/Documents/codesigner-ui/z42-callarity/src/libraries/z42.core/artifacts/z42.core/debug/build/app.zpkg
compiled: /Users/d.s.qiu/Documents/codesigner-ui/z42-callarity/src/libraries/z42.core/artifacts/test-targets/primitive_protocol_script/build/app.zpkg
  PASS Z42CorePrimitiveProtocolTests.test_int_equals_and_identity_hash
  PASS Z42CorePrimitiveProtocolTests.test_narrow_int_hash_is_value
  PASS Z42CorePrimitiveProtocolTests.test_long_equals_and_hash_contract
  PASS Z42CorePrimitiveProtocolTests.test_char_equals_and_hash
  PASS Z42CorePrimitiveProtocolTests.test_char_ascii_casing
  PASS Z42CorePrimitiveProtocolTests.test_double_equals_and_hash_consistency
  PASS Z42CorePrimitiveProtocolTests.test_single_equals_and_hash_consistency
  PASS Z42CorePrimitiveProtocolTests.test_string_to_string_is_self

  Result: 8 passed, 0 failed, 0 skipped

── test target: readonly_collection ──
compiled: /Users/d.s.qiu/Documents/codesigner-ui/z42-callarity/src/libraries/z42.core/artifacts/z42.core/debug/build/app.zpkg
compiled: /Users/d.s.qiu/Documents/codesigner-ui/z42-callarity/src/libraries/z42.core/artifacts/test-targets/readonly_collection/build/app.zpkg
  PASS Z42CoreReadOnlyCollectionTests.test_asreadonly_count_and_index
  PASS Z42CoreReadOnlyCollectionTests.test_contains
  PASS Z42CoreReadOnlyCollectionTests.test_indexof
  PASS Z42CoreReadOnlyCollectionTests.test_copyto
  PASS Z42CoreReadOnlyCollectionTests.test_toarray_is_copy
  PASS Z42CoreReadOnlyCollectionTests.test_view_reflects_underlying_mutation
  PASS Z42CoreReadOnlyCollectionTests.test_foreach
  PASS Z42CoreReadOnlyCollectionTests.test_string_elements

  Result: 8 passed, 0 failed, 0 skipped

── test target: reflection ──
compiled: /Users/d.s.qiu/Documents/codesigner-ui/z42-callarity/src/libraries/z42.core/artifacts/z42.core/debug/build/app.zpkg
compiled: /Users/d.s.qiu/Documents/codesigner-ui/z42-callarity/src/libraries/z42.core/artifacts/test-targets/reflection/build/app.zpkg
  PASS Z42CoreReflectionTests.test_gettype_name_and_fullname
  PASS Z42CoreReflectionTests.test_type_is_memberinfo
  PASS Z42CoreReflectionTests.test_getfields_includes_inherited
  PASS Z42CoreReflectionTests.test_field_type_is_type_object
  PASS Z42CoreReflectionTests.test_basetype
  PASS Z42CoreReflectionTests.test_getmethods_add_signature
  PASS Z42CoreReflectionTests.test_method_is_static_flag
  PASS Z42CoreReflectionTests.test_getmembers_combines_fields_and_methods
  PASS Z42CoreReflectionTests.test_getmembers_includes_properties
  PASS Z42CoreReflectionTests.test_interface_getmethods_declared
  PASS Z42CoreReflectionTests.test_interface_getmethods_includes_transitive
  PASS Z42CoreReflectionTests.test_make_generic_type_roundtrip
  PASS Z42CoreReflectionTests.test_make_generic_constraint_satisfied
  PASS Z42CoreReflectionTests.test_make_generic_constraint_violated_throws
  PASS Z42CoreReflectionTests.test_make_generic_wrong_arg_count_throws
  PASS Z42CoreReflectionTests.test_activator_constructed_carries_type_args
  PASS Z42CoreReflectionTests.test_generic_activator_createinstance
  PASS Z42CoreReflectionTests.test_generic_activator_type_correct
  PASS Z42CoreReflectionTests.test_generic_activator_forwarded_through_generic_method
  PASS Z42CoreReflectionTests.test_generic_arguments_best_effort
  PASS Z42CoreReflectionTests.test_getproperties_readwrite
  PASS Z42CoreReflectionTests.test_getproperties_readonly
  PASS Z42CoreReflectionTests.test_getproperties_includes_inherited
  PASS Z42CoreReflectionTests.test_property_getvalue_setvalue_roundtrip
  PASS Z42CoreReflectionTests.test_property_setvalue_readonly_throws
  PASS Z42CoreReflectionTests.test_property_getvalue_setvalue_inherited
  PASS Z42CoreReflectionTests.test_getproperties_empty_for_no_props
  PASS Z42CoreReflectionTests.test_type_is_abstract
  PASS Z42CoreReflectionTests.test_type_is_sealed
  PASS Z42CoreReflectionTests.test_type_is_value_type
  PASS Z42CoreReflectionTests.test_type_is_record
  PASS Z42CoreReflectionTests.test_getfields_includes_static
  PASS Z42CoreReflectionTests.test_field_getvalue_setvalue
  PASS Z42CoreReflectionTests.test_getfields_hides_autoprop_backing
  PASS Z42CoreReflectionTests.test_field_custom_attributes
  PASS Z42CoreReflectionTests.test_param_custom_attributes
  PASS Z42CoreReflectionTests.test_enum_is_enum
  PASS Z42CoreReflectionTests.test_enum_get_names_values
  PASS Z42CoreReflectionTests.test_enum_get_name
  PASS Z42CoreReflectionTests.test_field_visibility
  PASS Z42CoreReflectionTests.test_method_visibility
  PASS Z42CoreReflectionTests.test_method_modifiers
  PASS Z42CoreReflectionTests.test_override_is_virtual_not_abstract
  PASS Z42CoreReflectionTests.test_param_metadata_optional_and_names
  PASS Z42CoreReflectionTests.test_param_metadata_default_values
  PASS Z42CoreReflectionTests.test_param_metadata_is_params
  PASS Z42CoreReflectionTests.test_delegate_metadata

  Result: 47 passed, 0 failed, 0 skipped

── test target: reflection_api_downsink ──
compiled: /Users/d.s.qiu/Documents/codesigner-ui/z42-callarity/src/libraries/z42.core/artifacts/z42.core/debug/build/app.zpkg
compiled: /Users/d.s.qiu/Documents/codesigner-ui/z42-callarity/src/libraries/z42.core/artifacts/test-targets/reflection_api_downsink/build/app.zpkg
  PASS Z42CoreReflApiDownsinkTests.test_array_create_setvalue_getvalue_int
  PASS Z42CoreReflApiDownsinkTests.test_array_create_reference_type_with_null_slot
  PASS Z42CoreReflApiDownsinkTests.test_array_downcast_from_object_reads_compiletime_array
  PASS Z42CoreReflApiDownsinkTests.test_property_getattribute_hit
  PASS Z42CoreReflApiDownsinkTests.test_property_getattribute_absent_null
  PASS Z42CoreReflApiDownsinkTests.test_property_getcustomattributes_computed_empty
  PASS Z42CoreReflApiDownsinkTests.test_property_getcustomattributes_returns_all

  Result: 7 passed, 0 failed, 0 skipped

── test target: scalar_tryparse_classify ──
compiled: /Users/d.s.qiu/Documents/codesigner-ui/z42-callarity/src/libraries/z42.core/artifacts/z42.core/debug/build/app.zpkg
compiled: /Users/d.s.qiu/Documents/codesigner-ui/z42-callarity/src/libraries/z42.core/artifacts/test-targets/scalar_tryparse_classify/build/app.zpkg
  PASS Z42CoreScalarTryParseClassifyTests.test_int32_tryparse_ok
  PASS Z42CoreScalarTryParseClassifyTests.test_int32_tryparse_fail
  PASS Z42CoreScalarTryParseClassifyTests.test_int64_tryparse
  PASS Z42CoreScalarTryParseClassifyTests.test_double_tryparse
  PASS Z42CoreScalarTryParseClassifyTests.test_isnan
  PASS Z42CoreScalarTryParseClassifyTests.test_isinfinity
  PASS Z42CoreScalarTryParseClassifyTests.test_infinity_sign_and_finite

  Result: 7 passed, 0 failed, 0 skipped

── test target: split_options ──
compiled: /Users/d.s.qiu/Documents/codesigner-ui/z42-callarity/src/libraries/z42.core/artifacts/z42.core/debug/build/app.zpkg
compiled: /Users/d.s.qiu/Documents/codesigner-ui/z42-callarity/src/libraries/z42.core/artifacts/test-targets/split_options/build/app.zpkg
  PASS Z42CoreStringSplitOptionsTests.test_split_none_equals_single_arg
  PASS Z42CoreStringSplitOptionsTests.test_split_remove_empty_entries_drops_blanks
  PASS Z42CoreStringSplitOptionsTests.test_split_trim_entries_trims_each
  PASS Z42CoreStringSplitOptionsTests.test_split_trim_plus_remove_empty_handles_whitespace_only_segments
  PASS Z42CoreStringSplitOptionsTests.test_split_remove_empty_on_all_empty_yields_empty_array
  PASS Z42CoreStringSplitOptionsTests.test_split_multi_char_separator_with_trim
  PASS Z42CoreStringSplitOptionsTests.test_split_remove_empty_keeps_single_nonempty_segment

  Result: 7 passed, 0 failed, 0 skipped

── test target: stopwatch ──
compiled: /Users/d.s.qiu/Documents/codesigner-ui/z42-callarity/src/libraries/z42.core/artifacts/z42.core/debug/build/app.zpkg
compiled: /Users/d.s.qiu/Documents/codesigner-ui/z42-callarity/src/libraries/z42.core/artifacts/test-targets/stopwatch/build/app.zpkg
  PASS Z42StopwatchTests.test_default_not_running
  PASS Z42StopwatchTests.test_start_new_is_running
  PASS Z42StopwatchTests.test_elapsed_after_stop_is_stable
  PASS Z42StopwatchTests.test_restart_resets_elapsed
  PASS Z42StopwatchTests.test_elapsed_monotonic_while_running

  Result: 5 passed, 0 failed, 0 skipped

── test target: string_bcl_augment ──
compiled: /Users/d.s.qiu/Documents/codesigner-ui/z42-callarity/src/libraries/z42.core/artifacts/z42.core/debug/build/app.zpkg
compiled: /Users/d.s.qiu/Documents/codesigner-ui/z42-callarity/src/libraries/z42.core/artifacts/test-targets/string_bcl_augment/build/app.zpkg
  PASS Z42CoreStringBclAugmentTests.test_indexof_char
  PASS Z42CoreStringBclAugmentTests.test_indexof_string_vs_char_overloads_are_distinct
  PASS Z42CoreStringBclAugmentTests.test_lastindexof_string
  PASS Z42CoreStringBclAugmentTests.test_lastindexof_char
  PASS Z42CoreStringBclAugmentTests.test_indexof_lastindexof_multibyte_scalar_indices
  PASS Z42CoreStringBclAugmentTests.test_split_char_array_single_separator
  PASS Z42CoreStringBclAugmentTests.test_split_char_array_multiple_separators
  PASS Z42CoreStringBclAugmentTests.test_split_char_array_keeps_empty_segments
  PASS Z42CoreStringBclAugmentTests.test_split_char_array_empty_set_splits_on_whitespace
  PASS Z42CoreStringBclAugmentTests.test_split_string_vs_char_array_overloads_are_distinct
  PASS Z42CoreStringBclAugmentTests.test_trim_char
  PASS Z42CoreStringBclAugmentTests.test_trim_char_array
  PASS Z42CoreStringBclAugmentTests.test_trim_char_array_empty_set_falls_back_to_whitespace
  PASS Z42CoreStringBclAugmentTests.test_trim_overloads_are_distinct_from_zero_arg
  PASS Z42CoreStringBclAugmentTests.test_insert
  PASS Z42CoreStringBclAugmentTests.test_insert_out_of_range_throws
  PASS Z42CoreStringBclAugmentTests.test_remove_from_index
  PASS Z42CoreStringBclAugmentTests.test_remove_range
  PASS Z42CoreStringBclAugmentTests.test_remove_out_of_range_throws
  PASS Z42CoreStringBclAugmentTests.test_pad_left
  PASS Z42CoreStringBclAugmentTests.test_pad_right
  PASS Z42CoreStringBclAugmentTests.test_pad_negative_width_throws
  PASS Z42CoreStringBclAugmentTests.test_pad_multibyte_counts_scalars

  Result: 23 passed, 0 failed, 0 skipped

── test target: string_methods ──
compiled: /Users/d.s.qiu/Documents/codesigner-ui/z42-callarity/src/libraries/z42.core/artifacts/z42.core/debug/build/app.zpkg
compiled: /Users/d.s.qiu/Documents/codesigner-ui/z42-callarity/src/libraries/z42.core/artifacts/test-targets/string_methods/build/app.zpkg
  PASS Z42CoreStringMethodsTests.test_length_ascii
  PASS Z42CoreStringMethodsTests.test_length_vs_bytelength_multibyte
  PASS Z42CoreStringMethodsTests.test_char_at
  PASS Z42CoreStringMethodsTests.test_is_empty
  PASS Z42CoreStringMethodsTests.test_is_null_or_empty
  PASS Z42CoreStringMethodsTests.test_is_null_or_whitespace
  PASS Z42CoreStringMethodsTests.test_contains
  PASS Z42CoreStringMethodsTests.test_starts_with
  PASS Z42CoreStringMethodsTests.test_ends_with
  PASS Z42CoreStringMethodsTests.test_index_of
  PASS Z42CoreStringMethodsTests.test_replace_basic
  PASS Z42CoreStringMethodsTests.test_replace_multichar_and_growth
  PASS Z42CoreStringMethodsTests.test_replace_empty_old_throws
  PASS Z42CoreStringMethodsTests.test_substring_from
  PASS Z42CoreStringMethodsTests.test_substring_range
  PASS Z42CoreStringMethodsTests.test_substring_out_of_range_throws
  PASS Z42CoreStringMethodsTests.test_to_lower_upper
  PASS Z42CoreStringMethodsTests.test_trim
  PASS Z42CoreStringMethodsTests.test_trim_start_end
  PASS Z42CoreStringMethodsTests.test_to_char_array_roundtrip
  PASS Z42CoreStringMethodsTests.test_split_single_arg
  PASS Z42CoreStringMethodsTests.test_split_empty_separator_throws
  PASS Z42CoreStringMethodsTests.test_join_array_and_expanded
  PASS Z42CoreStringMethodsTests.test_concat
  PASS Z42CoreStringMethodsTests.test_format_basic
  PASS Z42CoreStringMethodsTests.test_format_edge_tokens
  PASS Z42CoreStringMethodsTests.test_equals_and_compareto
  PASS Z42CoreStringMethodsTests.test_hashcode_stable_for_equal_strings

  Result: 28 passed, 0 failed, 0 skipped

── test target: timespan ──
compiled: /Users/d.s.qiu/Documents/codesigner-ui/z42-callarity/src/libraries/z42.core/artifacts/z42.core/debug/build/app.zpkg
compiled: /Users/d.s.qiu/Documents/codesigner-ui/z42-callarity/src/libraries/z42.core/artifacts/test-targets/timespan/build/app.zpkg
  PASS Z42TimeSpanTests.test_from_nanoseconds
  PASS Z42TimeSpanTests.test_from_milliseconds
  PASS Z42TimeSpanTests.test_from_seconds
  PASS Z42TimeSpanTests.test_from_minutes
  PASS Z42TimeSpanTests.test_from_hours
  PASS Z42TimeSpanTests.test_zero
  PASS Z42TimeSpanTests.test_add
  PASS Z42TimeSpanTests.test_subtract
  PASS Z42TimeSpanTests.test_compare
  PASS Z42TimeSpanTests.test_negative

  Result: 10 passed, 0 failed, 0 skipped

── test target: timezone ──
compiled: /Users/d.s.qiu/Documents/codesigner-ui/z42-callarity/src/libraries/z42.core/artifacts/z42.core/debug/build/app.zpkg
compiled: /Users/d.s.qiu/Documents/codesigner-ui/z42-callarity/src/libraries/z42.core/artifacts/test-targets/timezone/build/app.zpkg
  PASS Z42TimeTimeZoneTests.test_utc_factory_zero_offset
  PASS Z42TimeTimeZoneTests.test_fromname_jst
  PASS Z42TimeTimeZoneTests.test_fromname_case_insensitive
  PASS Z42TimeTimeZoneTests.test_fromname_pst_negative_offset
  PASS Z42TimeTimeZoneTests.test_fromname_ist_half_hour_offset
  PASS Z42TimeTimeZoneTests.test_fromname_unknown_returns_null
  PASS Z42TimeTimeZoneTests.test_fromoffsetminutes_custom
  PASS Z42TimeTimeZoneTests.test_fromoffsetminutes_zero_renders_z
  PASS Z42TimeTimeZoneTests.test_fromoffsetminutes_out_of_range_throws
  PASS Z42TimeTimeZoneTests.test_iso8601_with_utc
  PASS Z42TimeTimeZoneTests.test_iso8601_with_jst_advances_nine_hours
  PASS Z42TimeTimeZoneTests.test_iso8601_with_pst_retreats_eight_hours
  PASS Z42TimeTimeZoneTests.test_iso8601_with_ist_handles_half_hour_offset
  PASS Z42TimeTimeZoneTests.test_iso8601_with_custom_offset_renders_signed_hhmm
  PASS Z42TimeTimeZoneTests.test_iso8601_with_crosses_day_boundary
  PASS Z42TimeTimeZoneTests.test_iso8601_with_negative_offset_crosses_back_a_day
  PASS Z42TimeTimeZoneTests.test_iso8601_with_zero_offset_renders_z_suffix

  Result: 17 passed, 0 failed, 0 skipped

── test target: value_tuple ──
compiled: /Users/d.s.qiu/Documents/codesigner-ui/z42-callarity/src/libraries/z42.core/artifacts/z42.core/debug/build/app.zpkg
compiled: /Users/d.s.qiu/Documents/codesigner-ui/z42-callarity/src/libraries/z42.core/artifacts/test-targets/value_tuple/build/app.zpkg
  PASS Z42CoreValueTupleTests.test_tuple2_value_equality
  PASS Z42CoreValueTupleTests.test_tuple_mixed_types_equality
  PASS Z42CoreValueTupleTests.test_tuple2_items
  PASS Z42CoreValueTupleTests.test_tuple3_items
  PASS Z42CoreValueTupleTests.test_tuple4_items
  PASS Z42CoreValueTupleTests.test_tuple5_items
  PASS Z42CoreValueTupleTests.test_tuple8_items
  PASS Z42CoreValueTupleTests.test_tuple4_equality

  Result: 8 passed, 0 failed, 0 skipped

── test target: version ──
compiled: /Users/d.s.qiu/Documents/codesigner-ui/z42-callarity/src/libraries/z42.core/artifacts/z42.core/debug/build/app.zpkg
compiled: /Users/d.s.qiu/Documents/codesigner-ui/z42-callarity/src/libraries/z42.core/artifacts/test-targets/version/build/app.zpkg
  PASS Z42VersionTests.test_two_component
  PASS Z42VersionTests.test_four_component
  PASS Z42VersionTests.test_parse_three
  PASS Z42VersionTests.test_compare_ordering
  PASS Z42VersionTests.test_equals
  PASS Z42VersionTests.test_tryparse_bad_returns_null
  PASS Z42VersionTests.test_ctor_negative_throws

  Result: 7 passed, 0 failed, 0 skipped

── z42.crypto (test, z42b) : 28 unit(s) ──

── test target: aes_vectors ──
compiled: /Users/d.s.qiu/Documents/codesigner-ui/z42-callarity/src/libraries/z42.crypto/artifacts/z42.crypto/debug/build/app.zpkg
compiled: /Users/d.s.qiu/Documents/codesigner-ui/z42-callarity/src/libraries/z42.crypto/artifacts/test-targets/aes_vectors/build/app.zpkg
  PASS Z42CryptoAesVectorsTests.test_aes128_fips197_c1_encrypt
  PASS Z42CryptoAesVectorsTests.test_aes128_fips197_c1_decrypt
  PASS Z42CryptoAesVectorsTests.test_aes192_fips197_c2_encrypt
  PASS Z42CryptoAesVectorsTests.test_aes192_fips197_c2_decrypt
  PASS Z42CryptoAesVectorsTests.test_aes256_fips197_c3_encrypt
  PASS Z42CryptoAesVectorsTests.test_aes256_fips197_c3_decrypt
  PASS Z42CryptoAesVectorsTests.test_encrypt_rejects_wrong_key_length
  PASS Z42CryptoAesVectorsTests.test_encrypt_rejects_wrong_plaintext_length
  PASS Z42CryptoAesVectorsTests.test_aes128_ctr_round_trip
  PASS Z42CryptoAesVectorsTests.test_ctr_handles_partial_block
  PASS Z42CryptoAesVectorsTests.test_ctr_rejects_wrong_nonce_length
  PASS Z42CryptoAesVectorsTests.test_ctr_empty_input_returns_empty
  PASS Z42CryptoAesVectorsTests.test_aes128_cbc_pkcs7_matches_nist_f21_ciphertext_blocks
  PASS Z42CryptoAesVectorsTests.test_aes128_cbc_pkcs7_round_trip
  PASS Z42CryptoAesVectorsTests.test_aes256_cbc_pkcs7_round_trip_partial_block
  PASS Z42CryptoAesVectorsTests.test_cbc_pkcs7_empty_input_produces_padding_block
  PASS Z42CryptoAesVectorsTests.test_cbc_decrypt_rejects_truncated_ciphertext
  PASS Z42CryptoAesVectorsTests.test_cbc_decrypt_rejects_wrong_iv_length
  PASS Z42CryptoAesVectorsTests.test_aes128_gcm_case1_empty_plaintext_empty_aad
  PASS Z42CryptoAesVectorsTests.test_aes128_gcm_case2_block_plaintext
  PASS Z42CryptoAesVectorsTests.test_aes128_gcm_case3_multi_block
  PASS Z42CryptoAesVectorsTests.test_aes128_gcm_case4_with_aad
  PASS Z42CryptoAesVectorsTests.test_aes256_gcm_case15_empty
  PASS Z42CryptoAesVectorsTests.test_gcm_round_trip_aes128
  PASS Z42CryptoAesVectorsTests.test_gcm_round_trip_aes256
  PASS Z42CryptoAesVectorsTests.test_gcm_detects_ciphertext_tampering
  PASS Z42CryptoAesVectorsTests.test_gcm_detects_aad_tampering
  PASS Z42CryptoAesVectorsTests.test_gcm_rejects_empty_iv
  PASS Z42CryptoAesVectorsTests.test_aes128_gcm_case5_64bit_iv
  PASS Z42CryptoAesVectorsTests.test_aes128_gcm_case5_decrypt_round_trip
  PASS Z42CryptoAesVectorsTests.test_gcm_non96_iv_round_trip_arbitrary_length
  PASS Z42CryptoAesVectorsTests.test_gcm_empty_aad_and_plaintext_round_trip
  PASS Z42CryptoAesVectorsTests.test_aes128_ccm_rfc3610_packet1
  PASS Z42CryptoAesVectorsTests.test_aes128_ccm_rfc3610_packet1_decrypt
  PASS Z42CryptoAesVectorsTests.test_aes128_ccm_rfc3610_packet2
  PASS Z42CryptoAesVectorsTests.test_aes128_ccm_round_trip_tag16
  PASS Z42CryptoAesVectorsTests.test_aes128_ccm_round_trip_empty_aad
  PASS Z42CryptoAesVectorsTests.test_aes128_ccm_detects_tampering
  PASS Z42CryptoAesVectorsTests.test_aes128_ccm_rejects_short_nonce
  PASS Z42CryptoAesVectorsTests.test_aes128_ccm_rejects_odd_tag_length
  PASS Z42CryptoAesVectorsTests.test_cbc_decrypt_detects_corrupted_padding

  Result: 41 passed, 0 failed, 0 skipped

── test target: blake2b_vectors ──
compiled: /Users/d.s.qiu/Documents/codesigner-ui/z42-callarity/src/libraries/z42.crypto/artifacts/z42.crypto/debug/build/app.zpkg
compiled: /Users/d.s.qiu/Documents/codesigner-ui/z42-callarity/src/libraries/z42.crypto/artifacts/test-targets/blake2b_vectors/build/app.zpkg
  PASS Z42CryptoBlake2bVectorsTests.test_blake2b_rfc7693_abc
  PASS Z42CryptoBlake2bVectorsTests.test_blake2b_empty
  PASS Z42CryptoBlake2bVectorsTests.test_blake2b_256_abc
  PASS Z42CryptoBlake2bVectorsTests.test_blake2b_256_empty
  PASS Z42CryptoBlake2bVectorsTests.test_blake2b_output_length_affects_digest
  PASS Z42CryptoBlake2bVectorsTests.test_blake2b_keyed_zero_key
  PASS Z42CryptoBlake2bVectorsTests.test_blake2b_keyed_rfc7693_a1_1
  PASS Z42CryptoBlake2bVectorsTests.test_blake2b_one_byte_below_block
  PASS Z42CryptoBlake2bVectorsTests.test_blake2b_exactly_one_block
  PASS Z42CryptoBlake2bVectorsTests.test_blake2b_one_byte_above_block
  PASS Z42CryptoBlake2bVectorsTests.test_blake2b_rejects_zero_outlen
  PASS Z42CryptoBlake2bVectorsTests.test_blake2b_rejects_oversized_outlen
  PASS Z42CryptoBlake2bVectorsTests.test_blake2b_rejects_oversized_key

  Result: 13 passed, 0 failed, 0 skipped

── test target: blake2s_vectors ──
compiled: /Users/d.s.qiu/Documents/codesigner-ui/z42-callarity/src/libraries/z42.crypto/artifacts/z42.crypto/debug/build/app.zpkg
compiled: /Users/d.s.qiu/Documents/codesigner-ui/z42-callarity/src/libraries/z42.crypto/artifacts/test-targets/blake2s_vectors/build/app.zpkg
  PASS Z42CryptoBlake2sVectorsTests.test_blake2s_rfc7693_abc
  PASS Z42CryptoBlake2sVectorsTests.test_blake2s_empty
  PASS Z42CryptoBlake2sVectorsTests.test_blake2s_output_length_affects_digest
  PASS Z42CryptoBlake2sVectorsTests.test_blake2s_keyed_zero_key
  PASS Z42CryptoBlake2sVectorsTests.test_blake2s_keyed_rfc7693_b1
  PASS Z42CryptoBlake2sVectorsTests.test_blake2s_one_byte_below_block
  PASS Z42CryptoBlake2sVectorsTests.test_blake2s_exactly_one_block
  PASS Z42CryptoBlake2sVectorsTests.test_blake2s_one_byte_above_block
  PASS Z42CryptoBlake2sVectorsTests.test_blake2s_differs_from_blake2b_256
  PASS Z42CryptoBlake2sVectorsTests.test_blake2s_rejects_zero_outlen
  PASS Z42CryptoBlake2sVectorsTests.test_blake2s_rejects_oversized_outlen
  PASS Z42CryptoBlake2sVectorsTests.test_blake2s_rejects_oversized_key

  Result: 12 passed, 0 failed, 0 skipped

── test target: blake3_vectors ──
compiled: /Users/d.s.qiu/Documents/codesigner-ui/z42-callarity/src/libraries/z42.crypto/artifacts/z42.crypto/debug/build/app.zpkg
compiled: /Users/d.s.qiu/Documents/codesigner-ui/z42-callarity/src/libraries/z42.crypto/artifacts/test-targets/blake3_vectors/build/app.zpkg
  PASS Z42CryptoBlake3VectorsTests.test_blake3_empty
  PASS Z42CryptoBlake3VectorsTests.test_blake3_abc
  PASS Z42CryptoBlake3VectorsTests.test_blake3_single_byte_a
  PASS Z42CryptoBlake3VectorsTests.test_blake3_quick_brown_fox
  PASS Z42CryptoBlake3VectorsTests.test_blake3_64_bytes_produces_32_byte_output
  PASS Z42CryptoBlake3VectorsTests.test_blake3_1024_bytes_single_chunk_path
  PASS Z42CryptoBlake3VectorsTests.test_blake3_multi_chunk_distinct_from_short_input
  PASS Z42CryptoBlake3VectorsTests.test_blake3_multi_chunk_reference_vector
  PASS Z42CryptoBlake3VectorsTests.test_blake3_xof_first_32_bytes_match_default_hash
  PASS Z42CryptoBlake3VectorsTests.test_blake3_xof_extended_bytes_differ_from_first_block
  PASS Z42CryptoBlake3VectorsTests.test_blake3_xof_zero_output_returns_empty
  PASS Z42CryptoBlake3VectorsTests.test_blake3_rejects_negative_length
  PASS Z42CryptoBlake3VectorsTests.test_blake3_differs_from_blake2b_and_sha256

  Result: 13 passed, 0 failed, 0 skipped

── test target: chacha20_poly1305_vectors ──
compiled: /Users/d.s.qiu/Documents/codesigner-ui/z42-callarity/src/libraries/z42.crypto/artifacts/z42.crypto/debug/build/app.zpkg
compiled: /Users/d.s.qiu/Documents/codesigner-ui/z42-callarity/src/libraries/z42.crypto/artifacts/test-targets/chacha20_poly1305_vectors/build/app.zpkg
  PASS Z42CryptoChaCha20Poly1305VectorsTests.test_chacha20_poly1305_rfc8439_section2_8_2
  PASS Z42CryptoChaCha20Poly1305VectorsTests.test_chacha20_poly1305_round_trip
  PASS Z42CryptoChaCha20Poly1305VectorsTests.test_chacha20_poly1305_empty_aad_round_trip
  PASS Z42CryptoChaCha20Poly1305VectorsTests.test_chacha20_poly1305_empty_pt_with_aad
  PASS Z42CryptoChaCha20Poly1305VectorsTests.test_chacha20_poly1305_detects_ciphertext_tampering
  PASS Z42CryptoChaCha20Poly1305VectorsTests.test_chacha20_poly1305_detects_aad_tampering
  PASS Z42CryptoChaCha20Poly1305VectorsTests.test_chacha20_poly1305_detects_tag_tampering
  PASS Z42CryptoChaCha20Poly1305VectorsTests.test_chacha20_poly1305_rejects_wrong_key_length
  PASS Z42CryptoChaCha20Poly1305VectorsTests.test_chacha20_poly1305_rejects_short_input

  Result: 9 passed, 0 failed, 0 skipped

── test target: chacha20_vectors ──
compiled: /Users/d.s.qiu/Documents/codesigner-ui/z42-callarity/src/libraries/z42.crypto/artifacts/z42.crypto/debug/build/app.zpkg
compiled: /Users/d.s.qiu/Documents/codesigner-ui/z42-callarity/src/libraries/z42.crypto/artifacts/test-targets/chacha20_vectors/build/app.zpkg
  PASS Z42CryptoChaCha20VectorsTests.test_chacha20_block_rfc8439_section2_3_2
  PASS Z42CryptoChaCha20VectorsTests.test_chacha20_encrypt_rfc8439_section2_4_2
  PASS Z42CryptoChaCha20VectorsTests.test_chacha20_round_trip
  PASS Z42CryptoChaCha20VectorsTests.test_chacha20_short_input_round_trip
  PASS Z42CryptoChaCha20VectorsTests.test_chacha20_empty_input
  PASS Z42CryptoChaCha20VectorsTests.test_chacha20_multi_block_round_trip
  PASS Z42CryptoChaCha20VectorsTests.test_chacha20_rejects_short_key
  PASS Z42CryptoChaCha20VectorsTests.test_chacha20_rejects_short_nonce
  PASS Z42CryptoChaCha20VectorsTests.test_chacha20_counter_zero_block_for_poly1305_key

  Result: 9 passed, 0 failed, 0 skipped

── test target: constant_time ──
compiled: /Users/d.s.qiu/Documents/codesigner-ui/z42-callarity/src/libraries/z42.crypto/artifacts/z42.crypto/debug/build/app.zpkg
compiled: /Users/d.s.qiu/Documents/codesigner-ui/z42-callarity/src/libraries/z42.crypto/artifacts/test-targets/constant_time/build/app.zpkg
  PASS Z42CryptoConstantTimeTests.test_equal_arrays
  PASS Z42CryptoConstantTimeTests.test_differ_first_byte
  PASS Z42CryptoConstantTimeTests.test_differ_last_byte
  PASS Z42CryptoConstantTimeTests.test_different_lengths_false
  PASS Z42CryptoConstantTimeTests.test_empty_arrays_equal
  PASS Z42CryptoConstantTimeTests.test_high_bytes_no_sign_extension

  Result: 6 passed, 0 failed, 0 skipped

── test target: ecdsa_p256_vectors ──
compiled: /Users/d.s.qiu/Documents/codesigner-ui/z42-callarity/src/libraries/z42.crypto/artifacts/z42.crypto/debug/build/app.zpkg
compiled: /Users/d.s.qiu/Documents/codesigner-ui/z42-callarity/src/libraries/z42.crypto/artifacts/test-targets/ecdsa_p256_vectors/build/app.zpkg
  PASS Z42CryptoEcdsaP256VectorsTests.test_ecdsa_p256_rfc6979_public_key_from_d
  PASS Z42CryptoEcdsaP256VectorsTests.test_ecdsa_p256_rfc6979_sample_signature
  PASS Z42CryptoEcdsaP256VectorsTests.test_ecdsa_p256_rfc6979_sample_verify
  PASS Z42CryptoEcdsaP256VectorsTests.test_ecdsa_p256_rfc6979_test_signature
  PASS Z42CryptoEcdsaP256VectorsTests.test_ecdsa_p256_rfc6979_test_verify
  PASS Z42CryptoEcdsaP256VectorsTests.test_ecdsa_p256_rejects_tampered_signature
  PASS Z42CryptoEcdsaP256VectorsTests.test_ecdsa_p256_rejects_tampered_message
  PASS Z42CryptoEcdsaP256VectorsTests.test_ecdsa_p256_rejects_off_curve_public_key
  PASS Z42CryptoEcdsaP256VectorsTests.test_ecdsa_p256_rejects_zero_signature_component
  PASS Z42CryptoEcdsaP256VectorsTests.test_ecdsa_p256_round_trip_with_different_key
  PASS Z42CryptoEcdsaP256VectorsTests.test_ecdsa_p256_sign_is_deterministic
  PASS Z42CryptoEcdsaP256VectorsTests.test_ecdsa_p256_rejects_wrong_signature_length
  PASS Z42CryptoEcdsaP256VectorsTests.test_ecdsa_p256_rejects_wrong_scalar_length

  Result: 13 passed, 0 failed, 0 skipped

── test target: ed25519_vectors ──
compiled: /Users/d.s.qiu/Documents/codesigner-ui/z42-callarity/src/libraries/z42.crypto/artifacts/z42.crypto/debug/build/app.zpkg
compiled: /Users/d.s.qiu/Documents/codesigner-ui/z42-callarity/src/libraries/z42.crypto/artifacts/test-targets/ed25519_vectors/build/app.zpkg
  PASS Z42CryptoEd25519VectorsTests.test_ed25519_rfc8032_test1_public_key
  PASS Z42CryptoEd25519VectorsTests.test_ed25519_rfc8032_test1_sign_empty
  PASS Z42CryptoEd25519VectorsTests.test_ed25519_rfc8032_test1_verify
  PASS Z42CryptoEd25519VectorsTests.test_ed25519_rfc8032_test2_public_key
  PASS Z42CryptoEd25519VectorsTests.test_ed25519_rfc8032_test2_sign
  PASS Z42CryptoEd25519VectorsTests.test_ed25519_rfc8032_test2_verify
  PASS Z42CryptoEd25519VectorsTests.test_ed25519_rfc8032_test3_sign
  PASS Z42CryptoEd25519VectorsTests.test_ed25519_rejects_tampered_signature
  PASS Z42CryptoEd25519VectorsTests.test_ed25519_rejects_tampered_message
  PASS Z42CryptoEd25519VectorsTests.test_ed25519_rejects_wrong_public_key
  PASS Z42CryptoEd25519VectorsTests.test_ed25519_rejects_wrong_secret_length
  PASS Z42CryptoEd25519VectorsTests.test_ed25519_rejects_wrong_signature_length

  Result: 12 passed, 0 failed, 0 skipped

── test target: hkdf_vectors ──
compiled: /Users/d.s.qiu/Documents/codesigner-ui/z42-callarity/src/libraries/z42.crypto/artifacts/z42.crypto/debug/build/app.zpkg
compiled: /Users/d.s.qiu/Documents/codesigner-ui/z42-callarity/src/libraries/z42.crypto/artifacts/test-targets/hkdf_vectors/build/app.zpkg
  PASS Z42CryptoHkdfVectorsTests.test_hkdf_sha256_rfc5869_a1_extract
  PASS Z42CryptoHkdfVectorsTests.test_hkdf_sha256_rfc5869_a1_expand
  PASS Z42CryptoHkdfVectorsTests.test_hkdf_sha256_rfc5869_a1_derive
  PASS Z42CryptoHkdfVectorsTests.test_hkdf_sha256_rfc5869_a2_derive
  PASS Z42CryptoHkdfVectorsTests.test_hkdf_sha256_rfc5869_a3_zero_salt
  PASS Z42CryptoHkdfVectorsTests.test_hkdf_sha256_null_salt_equiv_zero_salt
  PASS Z42CryptoHkdfVectorsTests.test_hkdf_sha256_zero_length_output
  PASS Z42CryptoHkdfVectorsTests.test_hkdf_sha256_one_byte_output
  PASS Z42CryptoHkdfVectorsTests.test_hkdf_sha256_max_length_8160
  PASS Z42CryptoHkdfVectorsTests.test_hkdf_sha256_over_max_length_throws
  PASS Z42CryptoHkdfVectorsTests.test_hkdf_sha512_extract_matches_pycryptography
  PASS Z42CryptoHkdfVectorsTests.test_hkdf_sha512_derive_42_bytes
  PASS Z42CryptoHkdfVectorsTests.test_hkdf_sha512_zero_length_output
  PASS Z42CryptoHkdfVectorsTests.test_hkdf_sha512_max_length_16320
  PASS Z42CryptoHkdfVectorsTests.test_hkdf_sha512_over_max_length_throws
  PASS Z42CryptoHkdfVectorsTests.test_hkdf_sha1_rfc5869_a4_derive
  PASS Z42CryptoHkdfVectorsTests.test_hkdf_sha1_rfc5869_a4_extract
  PASS Z42CryptoHkdfVectorsTests.test_hkdf_sha1_rfc5869_a5_derive
  PASS Z42CryptoHkdfVectorsTests.test_hkdf_sha1_rfc5869_a6_derive_empty_salt
  PASS Z42CryptoHkdfVectorsTests.test_hkdf_sha1_rfc5869_a7_derive_zero_ikm
  PASS Z42CryptoHkdfVectorsTests.test_hkdf_sha1_rejects_oversized_length

  Result: 21 passed, 0 failed, 0 skipped

── test target: hmac_md5_vectors ──
compiled: /Users/d.s.qiu/Documents/codesigner-ui/z42-callarity/src/libraries/z42.crypto/artifacts/z42.crypto/debug/build/app.zpkg
compiled: /Users/d.s.qiu/Documents/codesigner-ui/z42-callarity/src/libraries/z42.crypto/artifacts/test-targets/hmac_md5_vectors/build/app.zpkg
  PASS Z42CryptoHmacMd5VectorsTests.test_hmac_md5_rfc2202_case_1
  PASS Z42CryptoHmacMd5VectorsTests.test_hmac_md5_rfc2202_case_2
  PASS Z42CryptoHmacMd5VectorsTests.test_hmac_md5_rfc2202_case_3
  PASS Z42CryptoHmacMd5VectorsTests.test_hmac_md5_rfc2202_case_4
  PASS Z42CryptoHmacMd5VectorsTests.test_hmac_md5_rfc2202_case_5
  PASS Z42CryptoHmacMd5VectorsTests.test_hmac_md5_rfc2202_case_6_long_key
  PASS Z42CryptoHmacMd5VectorsTests.test_hmac_md5_rfc2202_case_7_long_key_long_data
  PASS Z42CryptoHmacMd5VectorsTests.test_hmac_md5_compute_string_hex_round_trip

  Result: 8 passed, 0 failed, 0 skipped

── test target: hmac_sha1_vectors ──
compiled: /Users/d.s.qiu/Documents/codesigner-ui/z42-callarity/src/libraries/z42.crypto/artifacts/z42.crypto/debug/build/app.zpkg
compiled: /Users/d.s.qiu/Documents/codesigner-ui/z42-callarity/src/libraries/z42.crypto/artifacts/test-targets/hmac_sha1_vectors/build/app.zpkg
  PASS Z42CryptoHmacSha1VectorsTests.test_rfc2202_case1
  PASS Z42CryptoHmacSha1VectorsTests.test_rfc2202_case2
  PASS Z42CryptoHmacSha1VectorsTests.test_rfc2202_case3
  PASS Z42CryptoHmacSha1VectorsTests.test_rfc2202_case4
  PASS Z42CryptoHmacSha1VectorsTests.test_rfc2202_case6_key_longer_than_block
  PASS Z42CryptoHmacSha1VectorsTests.test_rfc2202_case7_key_and_data_longer_than_block
  PASS Z42CryptoHmacSha1VectorsTests.test_byte_array_overload_returns_20_bytes
  PASS Z42CryptoHmacSha1VectorsTests.test_empty_key_empty_msg

  Result: 8 passed, 0 failed, 0 skipped

── test target: hmac_sha256_vectors ──
compiled: /Users/d.s.qiu/Documents/codesigner-ui/z42-callarity/src/libraries/z42.crypto/artifacts/z42.crypto/debug/build/app.zpkg
compiled: /Users/d.s.qiu/Documents/codesigner-ui/z42-callarity/src/libraries/z42.crypto/artifacts/test-targets/hmac_sha256_vectors/build/app.zpkg
  PASS Z42CryptoHmacSha256VectorsTests.test_rfc4231_case1
  PASS Z42CryptoHmacSha256VectorsTests.test_rfc4231_case2
  PASS Z42CryptoHmacSha256VectorsTests.test_rfc4231_case3
  PASS Z42CryptoHmacSha256VectorsTests.test_rfc4231_case4
  PASS Z42CryptoHmacSha256VectorsTests.test_rfc4231_case6_key_longer_than_block
  PASS Z42CryptoHmacSha256VectorsTests.test_rfc4231_case7_key_and_data_longer_than_block
  PASS Z42CryptoHmacSha256VectorsTests.test_byte_array_overload_returns_32_bytes
  PASS Z42CryptoHmacSha256VectorsTests.test_string_string_overload_byte_form
  PASS Z42CryptoHmacSha256VectorsTests.test_empty_key_empty_msg
  PASS Z42CryptoHmacSha256VectorsTests.test_byte_key_string_msg_via_utf8

  Result: 10 passed, 0 failed, 0 skipped

── test target: hmac_sha512_384 ──
compiled: /Users/d.s.qiu/Documents/codesigner-ui/z42-callarity/src/libraries/z42.crypto/artifacts/z42.crypto/debug/build/app.zpkg
compiled: /Users/d.s.qiu/Documents/codesigner-ui/z42-callarity/src/libraries/z42.crypto/artifacts/test-targets/hmac_sha512_384/build/app.zpkg
  PASS Z42CryptoHmacSha512Sha384Tests.test_hmacsha512_rfc4231_case1
  PASS Z42CryptoHmacSha512Sha384Tests.test_hmacsha512_rfc4231_case2
  PASS Z42CryptoHmacSha512Sha384Tests.test_hmacsha512_rfc4231_case3
  PASS Z42CryptoHmacSha512Sha384Tests.test_hmacsha512_rfc4231_case4
  PASS Z42CryptoHmacSha512Sha384Tests.test_hmacsha512_rfc4231_case6_long_key
  PASS Z42CryptoHmacSha512Sha384Tests.test_hmacsha512_rfc4231_case7_long_key_long_message
  PASS Z42CryptoHmacSha512Sha384Tests.test_hmacsha384_rfc4231_case1
  PASS Z42CryptoHmacSha512Sha384Tests.test_hmacsha384_rfc4231_case2
  PASS Z42CryptoHmacSha512Sha384Tests.test_hmacsha384_rfc4231_case3
  PASS Z42CryptoHmacSha512Sha384Tests.test_hmacsha384_rfc4231_case4
  PASS Z42CryptoHmacSha512Sha384Tests.test_hmacsha384_rfc4231_case6_long_key
  PASS Z42CryptoHmacSha512Sha384Tests.test_hmacsha384_rfc4231_case7_long_key_long_message
  PASS Z42CryptoHmacSha512Sha384Tests.test_hmacsha512_output_length_64
  PASS Z42CryptoHmacSha512Sha384Tests.test_hmacsha384_output_length_48
  PASS Z42CryptoHmacSha512Sha384Tests.test_hmacsha512_differs_from_hmacsha384_first_48_bytes

  Result: 15 passed, 0 failed, 0 skipped

── test target: md5_vectors ──
compiled: /Users/d.s.qiu/Documents/codesigner-ui/z42-callarity/src/libraries/z42.crypto/artifacts/z42.crypto/debug/build/app.zpkg
compiled: /Users/d.s.qiu/Documents/codesigner-ui/z42-callarity/src/libraries/z42.crypto/artifacts/test-targets/md5_vectors/build/app.zpkg
  PASS Z42CryptoMd5VectorsTests.test_md5_empty_input
  PASS Z42CryptoMd5VectorsTests.test_md5_single_char_a
  PASS Z42CryptoMd5VectorsTests.test_md5_abc
  PASS Z42CryptoMd5VectorsTests.test_md5_message_digest_phrase
  PASS Z42CryptoMd5VectorsTests.test_md5_alphabet
  PASS Z42CryptoMd5VectorsTests.test_md5_alphanum_mixed_case
  PASS Z42CryptoMd5VectorsTests.test_md5_eighty_digit_message
  PASS Z42CryptoMd5VectorsTests.test_md5_55_byte_input
  PASS Z42CryptoMd5VectorsTests.test_md5_56_byte_input
  PASS Z42CryptoMd5VectorsTests.test_md5_64_byte_input_exact_block
  PASS Z42CryptoMd5VectorsTests.test_md5_one_million_a_bytes
  PASS Z42CryptoMd5VectorsTests.test_hash_hex_is_32_lowercase_chars
  PASS Z42CryptoMd5VectorsTests.test_hash_bytes_matches_hash_string_for_ascii
  PASS Z42CryptoMd5VectorsTests.test_md5_utf8_multibyte_input

  Result: 14 passed, 0 failed, 0 skipped

── test target: pbkdf2 ──
compiled: /Users/d.s.qiu/Documents/codesigner-ui/z42-callarity/src/libraries/z42.crypto/artifacts/z42.crypto/debug/build/app.zpkg
compiled: /Users/d.s.qiu/Documents/codesigner-ui/z42-callarity/src/libraries/z42.crypto/artifacts/test-targets/pbkdf2/build/app.zpkg
  PASS Z42CryptoPbkdf2Tests.test_rfc7914_passwd_salt_c1_dk64
  PASS Z42CryptoPbkdf2Tests.test_iterations_change_output
  PASS Z42CryptoPbkdf2Tests.test_salt_change_changes_output
  PASS Z42CryptoPbkdf2Tests.test_password_change_changes_output
  PASS Z42CryptoPbkdf2Tests.test_dklen_partial_block
  PASS Z42CryptoPbkdf2Tests.test_dklen_multi_block
  PASS Z42CryptoPbkdf2Tests.test_zero_iterations_throws
  PASS Z42CryptoPbkdf2Tests.test_zero_dklen_throws
  PASS Z42CryptoPbkdf2Tests.test_negative_iterations_throws
  PASS Z42CryptoPbkdf2Tests.test_empty_salt_is_allowed

  Result: 10 passed, 0 failed, 0 skipped

── test target: poly1305_vectors ──
compiled: /Users/d.s.qiu/Documents/codesigner-ui/z42-callarity/src/libraries/z42.crypto/artifacts/z42.crypto/debug/build/app.zpkg
compiled: /Users/d.s.qiu/Documents/codesigner-ui/z42-callarity/src/libraries/z42.crypto/artifacts/test-targets/poly1305_vectors/build/app.zpkg
  PASS Z42CryptoPoly1305VectorsTests.test_poly1305_rfc8439_section2_5_2
  PASS Z42CryptoPoly1305VectorsTests.test_poly1305_rfc8439_a3_v1_empty_zero_key
  PASS Z42CryptoPoly1305VectorsTests.test_poly1305_rfc8439_a3_v2_zero_r_clamp
  PASS Z42CryptoPoly1305VectorsTests.test_poly1305_rfc8439_a3_v3_zero_s
  PASS Z42CryptoPoly1305VectorsTests.test_poly1305_empty_message_returns_s
  PASS Z42CryptoPoly1305VectorsTests.test_poly1305_single_block
  PASS Z42CryptoPoly1305VectorsTests.test_poly1305_rejects_wrong_key_length

  Result: 7 passed, 0 failed, 0 skipped

── test target: rsa_vectors ──
compiled: /Users/d.s.qiu/Documents/codesigner-ui/z42-callarity/src/libraries/z42.crypto/artifacts/z42.crypto/debug/build/app.zpkg
compiled: /Users/d.s.qiu/Documents/codesigner-ui/z42-callarity/src/libraries/z42.crypto/artifacts/test-targets/rsa_vectors/build/app.zpkg
  PASS Z42CryptoRsaVectorsTests.test_rsa_pkcs1_sign_verify_round_trip
  PASS Z42CryptoRsaVectorsTests.test_rsa_pkcs1_sign_is_deterministic
  PASS Z42CryptoRsaVectorsTests.test_rsa_pkcs1_verify_rejects_tampered_signature
  PASS Z42CryptoRsaVectorsTests.test_rsa_pkcs1_verify_rejects_tampered_message
  PASS Z42CryptoRsaVectorsTests.test_rsa_pkcs1_verify_rejects_wrong_length_signature
  PASS Z42CryptoRsaVectorsTests.test_rsa_raw_public_private_round_trip
  PASS Z42CryptoRsaVectorsTests.test_rsa_raw_rejects_message_geq_modulus
  PASS Z42CryptoRsaVectorsTests.test_rsa_pss_sign_verify_round_trip
  PASS Z42CryptoRsaVectorsTests.test_rsa_pss_empty_salt_round_trip
  PASS Z42CryptoRsaVectorsTests.test_rsa_pss_rejects_tampered_signature
  PASS Z42CryptoRsaVectorsTests.test_rsa_pss_rejects_wrong_saltlen
  PASS Z42CryptoRsaVectorsTests.test_rsa_oaep_round_trip
  PASS Z42CryptoRsaVectorsTests.test_rsa_oaep_with_label_round_trip
  PASS Z42CryptoRsaVectorsTests.test_rsa_oaep_rejects_wrong_label
  PASS Z42CryptoRsaVectorsTests.test_rsa_oaep_rejects_tampered_ciphertext
  PASS Z42CryptoRsaVectorsTests.test_rsa_oaep_rejects_too_long_message
  PASS Z42CryptoRsaVectorsTests.test_rsa_verify_rejects_random_garbage_as_signature

  Result: 17 passed, 0 failed, 0 skipped

── test target: scrypt_vectors ──
compiled: /Users/d.s.qiu/Documents/codesigner-ui/z42-callarity/src/libraries/z42.crypto/artifacts/z42.crypto/debug/build/app.zpkg
compiled: /Users/d.s.qiu/Documents/codesigner-ui/z42-callarity/src/libraries/z42.crypto/artifacts/test-targets/scrypt_vectors/build/app.zpkg
  PASS Z42CryptoScryptVectorsTests.test_scrypt_rfc7914_vector_1
  PASS Z42CryptoScryptVectorsTests.test_scrypt_dklen_output_size
  PASS Z42CryptoScryptVectorsTests.test_scrypt_different_dklen_different_prefix_when_short
  PASS Z42CryptoScryptVectorsTests.test_scrypt_different_salt_different_output
  PASS Z42CryptoScryptVectorsTests.test_scrypt_different_password_different_output
  PASS Z42CryptoScryptVectorsTests.test_scrypt_n_not_power_of_2_throws
  PASS Z42CryptoScryptVectorsTests.test_scrypt_n_less_than_2_throws
  PASS Z42CryptoScryptVectorsTests.test_scrypt_r_zero_throws
  PASS Z42CryptoScryptVectorsTests.test_scrypt_p_zero_throws
  PASS Z42CryptoScryptVectorsTests.test_scrypt_p_greater_than_1_works
  PASS Z42CryptoScryptVectorsTests.test_scrypt_r_greater_than_1_works

  Result: 11 passed, 0 failed, 0 skipped

── test target: secp256k1 ──
compiled: /Users/d.s.qiu/Documents/codesigner-ui/z42-callarity/src/libraries/z42.crypto/artifacts/z42.crypto/debug/build/app.zpkg
compiled: /Users/d.s.qiu/Documents/codesigner-ui/z42-callarity/src/libraries/z42.crypto/artifacts/test-targets/secp256k1/build/app.zpkg
  PASS Z42CryptoEcdsaSecp256k1VectorsTests.test_secp256k1_scalar_1_yields_generator
  PASS Z42CryptoEcdsaSecp256k1VectorsTests.test_secp256k1_scalar_2_yields_2g
  PASS Z42CryptoEcdsaSecp256k1VectorsTests.test_secp256k1_sign_verify_round_trip
  PASS Z42CryptoEcdsaSecp256k1VectorsTests.test_secp256k1_sign_is_deterministic
  PASS Z42CryptoEcdsaSecp256k1VectorsTests.test_secp256k1_rejects_tampered_signature
  PASS Z42CryptoEcdsaSecp256k1VectorsTests.test_secp256k1_rejects_tampered_message
  PASS Z42CryptoEcdsaSecp256k1VectorsTests.test_secp256k1_rejects_p256_signature_under_secp256k1_curve
  PASS Z42CryptoEcdsaSecp256k1VectorsTests.test_secp256k1_rejects_off_curve_public_key
  PASS Z42CryptoEcdsaSecp256k1VectorsTests.test_secp256k1_rejects_wrong_signature_length
  PASS Z42CryptoEcdsaSecp256k1VectorsTests.test_secp256k1_rejects_wrong_scalar_length

  Result: 10 passed, 0 failed, 0 skipped

── test target: secure_random_basic ──
compiled: /Users/d.s.qiu/Documents/codesigner-ui/z42-callarity/src/libraries/z42.crypto/artifacts/z42.crypto/debug/build/app.zpkg
compiled: /Users/d.s.qiu/Documents/codesigner-ui/z42-callarity/src/libraries/z42.crypto/artifacts/test-targets/secure_random_basic/build/app.zpkg
  PASS Z42CryptoSecureRandomBasicTests.test_get_bytes_returns_requested_length
  PASS Z42CryptoSecureRandomBasicTests.test_get_bytes_zero_returns_empty
  PASS Z42CryptoSecureRandomBasicTests.test_get_bytes_negative_throws
  PASS Z42CryptoSecureRandomBasicTests.test_get_bytes_large_buffer
  PASS Z42CryptoSecureRandomBasicTests.test_two_calls_differ
  PASS Z42CryptoSecureRandomBasicTests.test_next_int_produces_value
  PASS Z42CryptoSecureRandomBasicTests.test_next_long_produces_value
  PASS Z42CryptoSecureRandomBasicTests.test_next_u32_bounded_one_returns_zero
  PASS Z42CryptoSecureRandomBasicTests.test_next_u32_bounded_range
  PASS Z42CryptoSecureRandomBasicTests.test_next_u32_bounded_zero_throws
  PASS Z42CryptoSecureRandomBasicTests.test_next_u32_bounded_negative_throws

  Result: 11 passed, 0 failed, 0 skipped

── test target: secure_random_distribution ──
compiled: /Users/d.s.qiu/Documents/codesigner-ui/z42-callarity/src/libraries/z42.crypto/artifacts/z42.crypto/debug/build/app.zpkg
compiled: /Users/d.s.qiu/Documents/codesigner-ui/z42-callarity/src/libraries/z42.crypto/artifacts/test-targets/secure_random_distribution/build/app.zpkg
  PASS Z42CryptoSecureRandomDistributionTests.test_next_u32_bounded_uniform_buckets
  PASS Z42CryptoSecureRandomDistributionTests.test_get_bytes_no_dominant_zero

  Result: 2 passed, 0 failed, 0 skipped

── test target: sha1_vectors ──
compiled: /Users/d.s.qiu/Documents/codesigner-ui/z42-callarity/src/libraries/z42.crypto/artifacts/z42.crypto/debug/build/app.zpkg
compiled: /Users/d.s.qiu/Documents/codesigner-ui/z42-callarity/src/libraries/z42.crypto/artifacts/test-targets/sha1_vectors/build/app.zpkg
  PASS Z42CryptoSha1VectorsTests.test_empty_string
  PASS Z42CryptoSha1VectorsTests.test_abc
  PASS Z42CryptoSha1VectorsTests.test_56_byte_message
  PASS Z42CryptoSha1VectorsTests.test_single_char_a
  PASS Z42CryptoSha1VectorsTests.test_hash_returns_20_bytes
  PASS Z42CryptoSha1VectorsTests.test_long_input_multi_block
  PASS Z42CryptoSha1VectorsTests.test_known_block_boundary

  Result: 7 passed, 0 failed, 0 skipped

── test target: sha256_vectors ──
compiled: /Users/d.s.qiu/Documents/codesigner-ui/z42-callarity/src/libraries/z42.crypto/artifacts/z42.crypto/debug/build/app.zpkg
compiled: /Users/d.s.qiu/Documents/codesigner-ui/z42-callarity/src/libraries/z42.crypto/artifacts/test-targets/sha256_vectors/build/app.zpkg
  PASS Z42CryptoSha256VectorsTests.test_empty_string
  PASS Z42CryptoSha256VectorsTests.test_abc
  PASS Z42CryptoSha256VectorsTests.test_two_block_message
  PASS Z42CryptoSha256VectorsTests.test_single_char_a
  PASS Z42CryptoSha256VectorsTests.test_hash_returns_32_bytes
  PASS Z42CryptoSha256VectorsTests.test_long_input_multi_block

  Result: 6 passed, 0 failed, 0 skipped

── test target: sha384_vectors ──
compiled: /Users/d.s.qiu/Documents/codesigner-ui/z42-callarity/src/libraries/z42.crypto/artifacts/z42.crypto/debug/build/app.zpkg
compiled: /Users/d.s.qiu/Documents/codesigner-ui/z42-callarity/src/libraries/z42.crypto/artifacts/test-targets/sha384_vectors/build/app.zpkg
  PASS Z42CryptoSha384VectorsTests.test_sha384_empty
  PASS Z42CryptoSha384VectorsTests.test_sha384_abc
  PASS Z42CryptoSha384VectorsTests.test_sha384_alphabet_segments
  PASS Z42CryptoSha384VectorsTests.test_sha384_output_length_48
  PASS Z42CryptoSha384VectorsTests.test_sha384_differs_from_sha512_truncated

  Result: 5 passed, 0 failed, 0 skipped

── test target: sha3_vectors ──
compiled: /Users/d.s.qiu/Documents/codesigner-ui/z42-callarity/src/libraries/z42.crypto/artifacts/z42.crypto/debug/build/app.zpkg
compiled: /Users/d.s.qiu/Documents/codesigner-ui/z42-callarity/src/libraries/z42.crypto/artifacts/test-targets/sha3_vectors/build/app.zpkg
  PASS Z42CryptoSha3VectorsTests.test_sha3_224_empty
  PASS Z42CryptoSha3VectorsTests.test_sha3_256_empty
  PASS Z42CryptoSha3VectorsTests.test_sha3_384_empty
  PASS Z42CryptoSha3VectorsTests.test_sha3_512_empty
  PASS Z42CryptoSha3VectorsTests.test_sha3_224_abc
  PASS Z42CryptoSha3VectorsTests.test_sha3_256_abc
  PASS Z42CryptoSha3VectorsTests.test_sha3_384_abc
  PASS Z42CryptoSha3VectorsTests.test_sha3_512_abc
  PASS Z42CryptoSha3VectorsTests.test_sha3_256_56_byte_message
  PASS Z42CryptoSha3VectorsTests.test_sha3_512_56_byte_message
  PASS Z42CryptoSha3VectorsTests.test_sha3_256_one_byte_below_rate
  PASS Z42CryptoSha3VectorsTests.test_sha3_256_exactly_rate
  PASS Z42CryptoSha3VectorsTests.test_sha3_256_one_byte_above_rate
  PASS Z42CryptoSha3VectorsTests.test_output_lengths
  PASS Z42CryptoSha3VectorsTests.test_keccak_legacy_256_empty
  PASS Z42CryptoSha3VectorsTests.test_keccak_legacy_256_abc
  PASS Z42CryptoSha3VectorsTests.test_keccak_legacy_distinct_from_sha3
  PASS Z42CryptoSha3VectorsTests.test_keccak_legacy_512_empty
  PASS Z42CryptoSha3VectorsTests.test_shake128_empty_32_bytes
  PASS Z42CryptoSha3VectorsTests.test_shake256_empty_32_bytes
  PASS Z42CryptoSha3VectorsTests.test_shake128_abc_32_bytes
  PASS Z42CryptoSha3VectorsTests.test_shake256_abc_32_bytes
  PASS Z42CryptoSha3VectorsTests.test_shake128_multi_block_squeeze
  PASS Z42CryptoSha3VectorsTests.test_shake_zero_output_returns_empty
  PASS Z42CryptoSha3VectorsTests.test_shake_rejects_negative_length
  PASS Z42CryptoSha3VectorsTests.test_sha3_256_differs_from_sha2_256

  Result: 26 passed, 0 failed, 0 skipped

── test target: sha512_vectors ──
compiled: /Users/d.s.qiu/Documents/codesigner-ui/z42-callarity/src/libraries/z42.crypto/artifacts/z42.crypto/debug/build/app.zpkg
compiled: /Users/d.s.qiu/Documents/codesigner-ui/z42-callarity/src/libraries/z42.crypto/artifacts/test-targets/sha512_vectors/build/app.zpkg
  PASS Z42CryptoSha512VectorsTests.test_sha512_empty
  PASS Z42CryptoSha512VectorsTests.test_sha512_abc
  PASS Z42CryptoSha512VectorsTests.test_sha512_alphabet_segments
  PASS Z42CryptoSha512VectorsTests.test_sha512_output_length_64
  PASS Z42CryptoSha512VectorsTests.test_sha512_distinct_short_inputs
  PASS Z42CryptoSha512VectorsTests.test_sha512_block_boundary_55_bytes
  PASS Z42CryptoSha512VectorsTests.test_sha512_block_boundary_112_bytes

  Result: 7 passed, 0 failed, 0 skipped

── test target: x25519_vectors ──
compiled: /Users/d.s.qiu/Documents/codesigner-ui/z42-callarity/src/libraries/z42.crypto/artifacts/z42.crypto/debug/build/app.zpkg
compiled: /Users/d.s.qiu/Documents/codesigner-ui/z42-callarity/src/libraries/z42.crypto/artifacts/test-targets/x25519_vectors/build/app.zpkg
  PASS Z42CryptoX25519VectorsTests.test_x25519_rfc7748_section5_2_vec1
  PASS Z42CryptoX25519VectorsTests.test_x25519_rfc7748_section5_2_vec2
  PASS Z42CryptoX25519VectorsTests.test_x25519_rfc7748_section6_1_alice_public_key
  PASS Z42CryptoX25519VectorsTests.test_x25519_rfc7748_section6_1_bob_public_key
  PASS Z42CryptoX25519VectorsTests.test_x25519_rfc7748_section6_1_shared_secret_from_alice
  PASS Z42CryptoX25519VectorsTests.test_x25519_rfc7748_section6_1_shared_secret_from_bob
  PASS Z42CryptoX25519VectorsTests.test_x25519_clamp_clears_low_3_bits_of_byte_0
  PASS Z42CryptoX25519VectorsTests.test_x25519_clamp_sets_bit_6_of_byte_31
  PASS Z42CryptoX25519VectorsTests.test_x25519_clamp_does_not_mutate_input
  PASS Z42CryptoX25519VectorsTests.test_x25519_rejects_wrong_scalar_length
  PASS Z42CryptoX25519VectorsTests.test_x25519_rejects_wrong_point_length

  Result: 11 passed, 0 failed, 0 skipped

── z42.diagnostics (test, z42b) : 5 unit(s) ──

── test target: log_basic ──
compiled: /Users/d.s.qiu/Documents/codesigner-ui/z42-callarity/src/libraries/z42.diagnostics/artifacts/z42.diagnostics/debug/build/app.zpkg
compiled: /Users/d.s.qiu/Documents/codesigner-ui/z42-callarity/src/libraries/z42.diagnostics/artifacts/test-targets/log_basic/build/app.zpkg
  PASS Z42DiagnosticsBasicTests.test_level_constants_are_ordered
  PASS Z42DiagnosticsBasicTests.test_level_name_lookup
  PASS Z42DiagnosticsBasicTests.test_level_name_unknown
  PASS Z42DiagnosticsBasicTests.test_default_min_level_is_info
  PASS Z42DiagnosticsBasicTests.test_log_methods_do_not_throw

  Result: 5 passed, 0 failed, 0 skipped
[ERROR 2026-09-14T15:47:37.192Z] error msg

── test target: log_fields ──
compiled: /Users/d.s.qiu/Documents/codesigner-ui/z42-callarity/src/libraries/z42.diagnostics/artifacts/z42.diagnostics/debug/build/app.zpkg
compiled: /Users/d.s.qiu/Documents/codesigner-ui/z42-callarity/src/libraries/z42.diagnostics/artifacts/test-targets/log_fields/build/app.zpkg
  PASS Z42DiagnosticsLogFieldsTests.test_empty_fields_format
  PASS Z42DiagnosticsLogFieldsTests.test_single_field_format
  PASS Z42DiagnosticsLogFieldsTests.test_multiple_fields_chain
  PASS Z42DiagnosticsLogFieldsTests.test_value_quote_escape
  PASS Z42DiagnosticsLogFieldsTests.test_value_backslash_escape
  PASS Z42DiagnosticsLogFieldsTests.test_empty_value_still_emits_pair
  PASS Z42DiagnosticsLogFieldsTests.test_value_with_spaces_quoted_as_is
  PASS Z42DiagnosticsLogFieldsTests.test_grow_beyond_initial_capacity
  PASS Z42DiagnosticsLogFieldsTests.test_log_info_with_fields_does_not_crash
  PASS Z42DiagnosticsLogFieldsTests.test_log_info_with_null_fields_does_not_crash
  PASS Z42DiagnosticsLogFieldsTests.test_log_all_levels_have_fields_overload

  Result: 11 passed, 0 failed, 0 skipped
[INFO 2026-09-14T15:47:37.199Z] startup port="8080"
[INFO 2026-09-14T15:47:37.199Z] safe
[INFO 2026-09-14T15:47:37.199Z] i k="v"
[WARN 2026-09-14T15:47:37.199Z] w k="v"
[ERROR 2026-09-14T15:47:37.199Z] e k="v"

── test target: log_filter ──
compiled: /Users/d.s.qiu/Documents/codesigner-ui/z42-callarity/src/libraries/z42.diagnostics/artifacts/z42.diagnostics/debug/build/app.zpkg
compiled: /Users/d.s.qiu/Documents/codesigner-ui/z42-callarity/src/libraries/z42.diagnostics/artifacts/test-targets/log_filter/build/app.zpkg
  PASS Z42DiagnosticsFilterTests.test_set_min_level_changes_gate
  PASS Z42DiagnosticsFilterTests.test_min_level_trace_allows_all
  PASS Z42DiagnosticsFilterTests.test_min_level_error_silences_lower
  PASS Z42DiagnosticsFilterTests.test_min_level_round_trip

  Result: 4 passed, 0 failed, 0 skipped

── test target: log_format ──
compiled: /Users/d.s.qiu/Documents/codesigner-ui/z42-callarity/src/libraries/z42.diagnostics/artifacts/z42.diagnostics/debug/build/app.zpkg
compiled: /Users/d.s.qiu/Documents/codesigner-ui/z42-callarity/src/libraries/z42.diagnostics/artifacts/test-targets/log_format/build/app.zpkg
  PASS Z42DiagnosticsLogFormatTests.test_header_uses_iso8601_when_colour_disabled
  PASS Z42DiagnosticsLogFormatTests.test_header_iso8601_for_all_levels
  PASS Z42DiagnosticsLogFormatTests.test_error_is_red_and_bold_when_enabled
  PASS Z42DiagnosticsLogFormatTests.test_warn_is_yellow_when_enabled
  PASS Z42DiagnosticsLogFormatTests.test_info_is_green_when_enabled
  PASS Z42DiagnosticsLogFormatTests.test_debug_is_cyan_when_enabled
  PASS Z42DiagnosticsLogFormatTests.test_trace_is_dim_when_enabled
  PASS Z42DiagnosticsLogFormatTests.test_iso8601_timestamp_still_present_when_coloured
  PASS Z42DiagnosticsLogFormatTests.test_disable_strips_all_colour
  PASS Z42DiagnosticsLogFormatTests.test_log_methods_still_callable

  Result: 10 passed, 0 failed, 0 skipped
[ERROR 2026-09-14T15:47:37.251Z] emitted but harmless in test

── test target: runtime_counters ──
compiled: /Users/d.s.qiu/Documents/codesigner-ui/z42-callarity/src/libraries/z42.diagnostics/artifacts/z42.diagnostics/debug/build/app.zpkg
compiled: /Users/d.s.qiu/Documents/codesigner-ui/z42-callarity/src/libraries/z42.diagnostics/artifacts/test-targets/runtime_counters/build/app.zpkg
  PASS Z42DiagnosticsRuntimeCountersTests.test_counters_all_fields_readable
  PASS Z42DiagnosticsRuntimeCountersTests.test_allocations_increase_after_alloc
  PASS Z42DiagnosticsRuntimeCountersTests.test_allocations_monotonic
  PASS Z42DiagnosticsRuntimeCountersTests.test_exception_fields_monotonic_across_throw

  Result: 4 passed, 0 failed, 0 skipped

── z42.encoding (test, z42b) : 10 unit(s) ──

── test target: base32 ──
compiled: /Users/d.s.qiu/Documents/codesigner-ui/z42-callarity/src/libraries/z42.encoding/artifacts/z42.encoding/debug/build/app.zpkg
compiled: /Users/d.s.qiu/Documents/codesigner-ui/z42-callarity/src/libraries/z42.encoding/artifacts/test-targets/base32/build/app.zpkg
  PASS Z42EncodingTests.Base32Tests.test_encode_empty
  PASS Z42EncodingTests.Base32Tests.test_encode_f
  PASS Z42EncodingTests.Base32Tests.test_encode_fo
  PASS Z42EncodingTests.Base32Tests.test_encode_foo
  PASS Z42EncodingTests.Base32Tests.test_encode_foob
  PASS Z42EncodingTests.Base32Tests.test_encode_fooba
  PASS Z42EncodingTests.Base32Tests.test_encode_foobar
  PASS Z42EncodingTests.Base32Tests.test_decode_empty
  PASS Z42EncodingTests.Base32Tests.test_decode_f
  PASS Z42EncodingTests.Base32Tests.test_decode_fo
  PASS Z42EncodingTests.Base32Tests.test_decode_foo
  PASS Z42EncodingTests.Base32Tests.test_decode_foob
  PASS Z42EncodingTests.Base32Tests.test_decode_fooba
  PASS Z42EncodingTests.Base32Tests.test_decode_foobar
  PASS Z42EncodingTests.Base32Tests.test_all_byte_values_round_trip
  PASS Z42EncodingTests.Base32Tests.test_random_15_bytes_round_trip
  PASS Z42EncodingTests.Base32Tests.test_decode_rejects_length_not_mod_8
  PASS Z42EncodingTests.Base32Tests.test_decode_rejects_padding_2
  PASS Z42EncodingTests.Base32Tests.test_decode_rejects_padding_5
  PASS Z42EncodingTests.Base32Tests.test_decode_rejects_zero_char
  PASS Z42EncodingTests.Base32Tests.test_decode_rejects_lowercase
  PASS Z42EncodingTests.Base32Tests.test_totp_reference_key_round_trip
  PASS Z42EncodingTests.Base32Tests.test_encode_output_length_multiple_of_8

  Result: 23 passed, 0 failed, 0 skipped

── test target: base32_crockford ──
compiled: /Users/d.s.qiu/Documents/codesigner-ui/z42-callarity/src/libraries/z42.encoding/artifacts/z42.encoding/debug/build/app.zpkg
compiled: /Users/d.s.qiu/Documents/codesigner-ui/z42-callarity/src/libraries/z42.encoding/artifacts/test-targets/base32_crockford/build/app.zpkg
  PASS Z42EncodingTests.Base32CrockfordTests.test_encode_empty
  PASS Z42EncodingTests.Base32CrockfordTests.test_encode_no_padding_one_byte
  PASS Z42EncodingTests.Base32CrockfordTests.test_encode_no_padding_two_bytes
  PASS Z42EncodingTests.Base32CrockfordTests.test_encode_full_block_five_bytes
  PASS Z42EncodingTests.Base32CrockfordTests.test_encode_never_contains_iluo
  PASS Z42EncodingTests.Base32CrockfordTests.test_round_trip_basic
  PASS Z42EncodingTests.Base32CrockfordTests.test_round_trip_all_byte_values
  PASS Z42EncodingTests.Base32CrockfordTests.test_round_trip_5_byte_chunks
  PASS Z42EncodingTests.Base32CrockfordTests.test_decode_lowercase_equivalent_to_upper
  PASS Z42EncodingTests.Base32CrockfordTests.test_decode_mixed_case
  PASS Z42EncodingTests.Base32CrockfordTests.test_decode_I_aliased_to_1
  PASS Z42EncodingTests.Base32CrockfordTests.test_decode_L_aliased_to_1
  PASS Z42EncodingTests.Base32CrockfordTests.test_decode_O_aliased_to_0
  PASS Z42EncodingTests.Base32CrockfordTests.test_decode_ignores_hyphens
  PASS Z42EncodingTests.Base32CrockfordTests.test_decode_rejects_U
  PASS Z42EncodingTests.Base32CrockfordTests.test_decode_rejects_space
  PASS Z42EncodingTests.Base32CrockfordTests.test_decode_rejects_length_mod8_eq_1
  PASS Z42EncodingTests.Base32CrockfordTests.test_decode_rejects_length_mod8_eq_3
  PASS Z42EncodingTests.Base32CrockfordTests.test_decode_rejects_length_mod8_eq_6
  PASS Z42EncodingTests.Base32CrockfordTests.test_ulid_style_16_byte_round_trip

  Result: 20 passed, 0 failed, 0 skipped

── test target: base32_hex ──
compiled: /Users/d.s.qiu/Documents/codesigner-ui/z42-callarity/src/libraries/z42.encoding/artifacts/z42.encoding/debug/build/app.zpkg
compiled: /Users/d.s.qiu/Documents/codesigner-ui/z42-callarity/src/libraries/z42.encoding/artifacts/test-targets/base32_hex/build/app.zpkg
  PASS Z42EncodingTests.Base32HexTests.test_encode_empty
  PASS Z42EncodingTests.Base32HexTests.test_encode_f
  PASS Z42EncodingTests.Base32HexTests.test_encode_fo
  PASS Z42EncodingTests.Base32HexTests.test_encode_foo
  PASS Z42EncodingTests.Base32HexTests.test_encode_foob
  PASS Z42EncodingTests.Base32HexTests.test_encode_fooba
  PASS Z42EncodingTests.Base32HexTests.test_encode_foobar
  PASS Z42EncodingTests.Base32HexTests.test_decode_f
  PASS Z42EncodingTests.Base32HexTests.test_decode_foobar
  PASS Z42EncodingTests.Base32HexTests.test_hex_alphabet_preserves_byte_order
  PASS Z42EncodingTests.Base32HexTests.test_all_byte_values_round_trip
  PASS Z42EncodingTests.Base32HexTests.test_decode_rejects_length_not_mod_8
  PASS Z42EncodingTests.Base32HexTests.test_decode_rejects_invalid_padding_count
  PASS Z42EncodingTests.Base32HexTests.test_decode_rejects_W_char
  PASS Z42EncodingTests.Base32HexTests.test_decode_rejects_lowercase
  PASS Z42EncodingTests.Base32HexTests.test_encode_output_length_mod_8

  Result: 16 passed, 0 failed, 0 skipped

── test target: base64 ──
compiled: /Users/d.s.qiu/Documents/codesigner-ui/z42-callarity/src/libraries/z42.encoding/artifacts/z42.encoding/debug/build/app.zpkg
compiled: /Users/d.s.qiu/Documents/codesigner-ui/z42-callarity/src/libraries/z42.encoding/artifacts/test-targets/base64/build/app.zpkg
  PASS Z42EncodingTests.Base64Tests.test_encode_empty
  PASS Z42EncodingTests.Base64Tests.test_encode_f
  PASS Z42EncodingTests.Base64Tests.test_encode_fo
  PASS Z42EncodingTests.Base64Tests.test_encode_foo
  PASS Z42EncodingTests.Base64Tests.test_encode_foob
  PASS Z42EncodingTests.Base64Tests.test_encode_fooba
  PASS Z42EncodingTests.Base64Tests.test_encode_foobar
  PASS Z42EncodingTests.Base64Tests.test_decode_empty
  PASS Z42EncodingTests.Base64Tests.test_decode_f
  PASS Z42EncodingTests.Base64Tests.test_decode_fo
  PASS Z42EncodingTests.Base64Tests.test_decode_foo
  PASS Z42EncodingTests.Base64Tests.test_decode_foob
  PASS Z42EncodingTests.Base64Tests.test_decode_fooba
  PASS Z42EncodingTests.Base64Tests.test_decode_foobar
  PASS Z42EncodingTests.Base64Tests.test_decode_invalid_char_throws
  PASS Z42EncodingTests.Base64Tests.test_decode_invalid_length_throws
  PASS Z42EncodingTests.Base64Tests.test_roundtrip_binary

  Result: 17 passed, 0 failed, 0 skipped

── test target: base64url ──
compiled: /Users/d.s.qiu/Documents/codesigner-ui/z42-callarity/src/libraries/z42.encoding/artifacts/z42.encoding/debug/build/app.zpkg
compiled: /Users/d.s.qiu/Documents/codesigner-ui/z42-callarity/src/libraries/z42.encoding/artifacts/test-targets/base64url/build/app.zpkg
  PASS Z42EncodingTests.Base64UrlTests.test_encode_empty
  PASS Z42EncodingTests.Base64UrlTests.test_encode_f
  PASS Z42EncodingTests.Base64UrlTests.test_encode_fo
  PASS Z42EncodingTests.Base64UrlTests.test_encode_foo
  PASS Z42EncodingTests.Base64UrlTests.test_encode_foob
  PASS Z42EncodingTests.Base64UrlTests.test_encode_fooba
  PASS Z42EncodingTests.Base64UrlTests.test_encode_foobar
  PASS Z42EncodingTests.Base64UrlTests.test_encode_uses_dash_for_62
  PASS Z42EncodingTests.Base64UrlTests.test_encode_uses_underscore_for_63
  PASS Z42EncodingTests.Base64UrlTests.test_decode_round_trip_basic
  PASS Z42EncodingTests.Base64UrlTests.test_decode_unpadded_input
  PASS Z42EncodingTests.Base64UrlTests.test_decode_padded_input_accepted
  PASS Z42EncodingTests.Base64UrlTests.test_decode_with_dash_and_underscore
  PASS Z42EncodingTests.Base64UrlTests.test_decode_empty
  PASS Z42EncodingTests.Base64UrlTests.test_jwt_header_round_trip
  PASS Z42EncodingTests.Base64UrlTests.test_decode_rejects_plus_char
  PASS Z42EncodingTests.Base64UrlTests.test_decode_rejects_slash_char
  PASS Z42EncodingTests.Base64UrlTests.test_decode_rejects_length_mod4_eq_1
  PASS Z42EncodingTests.Base64UrlTests.test_all_byte_values_round_trip
  PASS Z42EncodingTests.Base64UrlTests.test_encode_never_emits_plus_slash_or_eq

  Result: 20 passed, 0 failed, 0 skipped

── test target: encoding ──
compiled: /Users/d.s.qiu/Documents/codesigner-ui/z42-callarity/src/libraries/z42.encoding/artifacts/z42.encoding/debug/build/app.zpkg
compiled: /Users/d.s.qiu/Documents/codesigner-ui/z42-callarity/src/libraries/z42.encoding/artifacts/test-targets/encoding/build/app.zpkg
  PASS Z42EncodingEncodingTests.test_get_utf8_returns_non_null
  PASS Z42EncodingEncodingTests.test_get_utf8_is_singleton
  PASS Z42EncodingEncodingTests.test_get_bytes_ascii
  PASS Z42EncodingEncodingTests.test_get_bytes_multibyte
  PASS Z42EncodingEncodingTests.test_get_string_round_trip
  PASS Z42EncodingEncodingTests.test_get_string_empty
  PASS Z42EncodingEncodingTests.test_get_string_slice
  PASS Z42EncodingEncodingTests.test_get_string_slice_full_range
  PASS Z42EncodingEncodingTests.test_get_string_slice_zero_count
  PASS Z42EncodingEncodingTests.test_get_string_slice_out_of_range_throws

  Result: 10 passed, 0 failed, 0 skipped

── test target: hex ──
compiled: /Users/d.s.qiu/Documents/codesigner-ui/z42-callarity/src/libraries/z42.encoding/artifacts/z42.encoding/debug/build/app.zpkg
compiled: /Users/d.s.qiu/Documents/codesigner-ui/z42-callarity/src/libraries/z42.encoding/artifacts/test-targets/hex/build/app.zpkg
  PASS Z42EncodingTests.HexTests.test_encode_empty
  PASS Z42EncodingTests.HexTests.test_encode_single_byte
  PASS Z42EncodingTests.HexTests.test_encode_multi_byte
  PASS Z42EncodingTests.HexTests.test_encode_upper
  PASS Z42EncodingTests.HexTests.test_decode_empty
  PASS Z42EncodingTests.HexTests.test_decode_lowercase
  PASS Z42EncodingTests.HexTests.test_decode_uppercase
  PASS Z42EncodingTests.HexTests.test_decode_mixed_case
  PASS Z42EncodingTests.HexTests.test_decode_odd_length_throws
  PASS Z42EncodingTests.HexTests.test_decode_invalid_char_throws
  PASS Z42EncodingTests.HexTests.test_roundtrip

  Result: 11 passed, 0 failed, 0 skipped

── test target: utf16 ──
compiled: /Users/d.s.qiu/Documents/codesigner-ui/z42-callarity/src/libraries/z42.encoding/artifacts/z42.encoding/debug/build/app.zpkg
compiled: /Users/d.s.qiu/Documents/codesigner-ui/z42-callarity/src/libraries/z42.encoding/artifacts/test-targets/utf16/build/app.zpkg
  PASS Z42EncodingUtf16Tests.test_ascii_le_two_bytes_per_char
  PASS Z42EncodingUtf16Tests.test_ascii_be_swapped
  PASS Z42EncodingUtf16Tests.test_bmp_non_ascii_round_trip
  PASS Z42EncodingUtf16Tests.test_supplementary_emits_surrogate_pair
  PASS Z42EncodingUtf16Tests.test_supplementary_round_trip
  PASS Z42EncodingUtf16Tests.test_empty_string_zero_bytes
  PASS Z42EncodingUtf16Tests.test_decode_odd_length_throws
  PASS Z42EncodingUtf16Tests.test_decode_lone_low_surrogate_throws
  PASS Z42EncodingUtf16Tests.test_decode_truncated_surrogate_pair_throws
  PASS Z42EncodingUtf16Tests.test_mixed_bmp_and_supplementary

  Result: 10 passed, 0 failed, 0 skipped

── test target: utf32 ──
compiled: /Users/d.s.qiu/Documents/codesigner-ui/z42-callarity/src/libraries/z42.encoding/artifacts/z42.encoding/debug/build/app.zpkg
compiled: /Users/d.s.qiu/Documents/codesigner-ui/z42-callarity/src/libraries/z42.encoding/artifacts/test-targets/utf32/build/app.zpkg
  PASS Z42EncodingUtf32Tests.test_ascii_le_four_bytes_per_char
  PASS Z42EncodingUtf32Tests.test_ascii_be_swapped
  PASS Z42EncodingUtf32Tests.test_supplementary_one_codepoint_four_bytes
  PASS Z42EncodingUtf32Tests.test_bmp_round_trip
  PASS Z42EncodingUtf32Tests.test_supplementary_round_trip
  PASS Z42EncodingUtf32Tests.test_empty_string_zero_bytes
  PASS Z42EncodingUtf32Tests.test_decode_non_multiple_of_4_throws
  PASS Z42EncodingUtf32Tests.test_decode_surrogate_value_throws
  PASS Z42EncodingUtf32Tests.test_decode_out_of_range_throws

  Result: 9 passed, 0 failed, 0 skipped

── test target: utf8 ──
compiled: /Users/d.s.qiu/Documents/codesigner-ui/z42-callarity/src/libraries/z42.encoding/artifacts/z42.encoding/debug/build/app.zpkg
compiled: /Users/d.s.qiu/Documents/codesigner-ui/z42-callarity/src/libraries/z42.encoding/artifacts/test-targets/utf8/build/app.zpkg
  PASS Z42EncodingTests.Utf8Tests.test_get_bytes_empty
  PASS Z42EncodingTests.Utf8Tests.test_get_string_empty
  PASS Z42EncodingTests.Utf8Tests.test_get_bytes_ascii
  PASS Z42EncodingTests.Utf8Tests.test_get_string_ascii
  PASS Z42EncodingTests.Utf8Tests.test_get_bytes_2byte
  PASS Z42EncodingTests.Utf8Tests.test_get_string_2byte
  PASS Z42EncodingTests.Utf8Tests.test_get_bytes_3byte
  PASS Z42EncodingTests.Utf8Tests.test_get_string_3byte
  PASS Z42EncodingTests.Utf8Tests.test_get_bytes_4byte
  PASS Z42EncodingTests.Utf8Tests.test_get_string_4byte
  PASS Z42EncodingTests.Utf8Tests.test_truncated_2byte_throws
  PASS Z42EncodingTests.Utf8Tests.test_truncated_3byte_throws
  PASS Z42EncodingTests.Utf8Tests.test_surrogate_in_3byte_throws
  PASS Z42EncodingTests.Utf8Tests.test_invalid_leading_byte_throws
  PASS Z42EncodingTests.Utf8Tests.test_roundtrip_mixed

  Result: 15 passed, 0 failed, 0 skipped

── z42.io (test, z42b) : 51 unit(s) ──

── test target: ansi_color ──
compiled: /Users/d.s.qiu/Documents/codesigner-ui/z42-callarity/src/libraries/z42.io/artifacts/z42.io/debug/build/app.zpkg
compiled: /Users/d.s.qiu/Documents/codesigner-ui/z42-callarity/src/libraries/z42.io/artifacts/test-targets/ansi_color/build/app.zpkg
  PASS Z42IoAnsiColorTests.test_red_wraps_when_enabled
  PASS Z42IoAnsiColorTests.test_bright_green_uses_90_offset
  PASS Z42IoAnsiColorTests.test_bold_style_emits_code_1
  PASS Z42IoAnsiColorTests.test_nested_compose_red_bold
  PASS Z42IoAnsiColorTests.test_disabled_passes_through_unchanged
  PASS Z42IoAnsiColorTests.test_disabled_applies_to_every_method
  PASS Z42IoAnsiColorTests.test_set_enabled_override_survives_across_calls
  PASS Z42IoAnsiColorTests.test_manual_set_enabled_overrides_no_color
  PASS Z42IoAnsiColorTests.test_strip_simple_color_wrap
  PASS Z42IoAnsiColorTests.test_strip_nested_wraps
  PASS Z42IoAnsiColorTests.test_strip_plain_text_is_identity
  PASS Z42IoAnsiColorTests.test_strip_handles_non_sgr_escapes
  PASS Z42IoAnsiColorTests.test_strip_handles_truncated_escape_at_eof

  Result: 13 passed, 0 failed, 0 skipped

── test target: binary_basic ──
compiled: /Users/d.s.qiu/Documents/codesigner-ui/z42-callarity/src/libraries/z42.io/artifacts/z42.io/debug/build/app.zpkg
compiled: /Users/d.s.qiu/Documents/codesigner-ui/z42-callarity/src/libraries/z42.io/artifacts/test-targets/binary_basic/build/app.zpkg
  PASS Z42IoBinaryBasicTests.test_byte_round_trip
  PASS Z42IoBinaryBasicTests.test_int16_le_round_trip
  PASS Z42IoBinaryBasicTests.test_int16_be_byte_order
  PASS Z42IoBinaryBasicTests.test_int16_le_byte_order
  PASS Z42IoBinaryBasicTests.test_int32_round_trip
  PASS Z42IoBinaryBasicTests.test_int32_byte_order
  PASS Z42IoBinaryBasicTests.test_int64_round_trip
  PASS Z42IoBinaryBasicTests.test_int64_byte_order
  PASS Z42IoBinaryBasicTests.test_cursor_position_and_seek
  PASS Z42IoBinaryBasicTests.test_mixed_types_stream

  Result: 10 passed, 0 failed, 0 skipped

── test target: binary_errors ──
compiled: /Users/d.s.qiu/Documents/codesigner-ui/z42-callarity/src/libraries/z42.io/artifacts/z42.io/debug/build/app.zpkg
compiled: /Users/d.s.qiu/Documents/codesigner-ui/z42-callarity/src/libraries/z42.io/artifacts/test-targets/binary_errors/build/app.zpkg
  PASS Z42IoBinaryErrorsTests.test_read_past_end_throws
  PASS Z42IoBinaryErrorsTests.test_read_int32_short_buffer_throws
  PASS Z42IoBinaryErrorsTests.test_seek_negative_throws
  PASS Z42IoBinaryErrorsTests.test_seek_past_end_throws
  PASS Z42IoBinaryErrorsTests.test_read_bytes_negative_count_throws
  PASS Z42IoBinaryErrorsTests.test_writer_grows_past_initial_capacity
  PASS Z42IoBinaryErrorsTests.test_writer_clear_resets_position
  PASS Z42IoBinaryErrorsTests.test_to_array_is_snapshot

  Result: 8 passed, 0 failed, 0 skipped

── test target: binary_float ──
compiled: /Users/d.s.qiu/Documents/codesigner-ui/z42-callarity/src/libraries/z42.io/artifacts/z42.io/debug/build/app.zpkg
compiled: /Users/d.s.qiu/Documents/codesigner-ui/z42-callarity/src/libraries/z42.io/artifacts/test-targets/binary_float/build/app.zpkg
  PASS Z42IoBinaryFloatTests.test_single_le_known_pattern
  PASS Z42IoBinaryFloatTests.test_single_be_known_pattern
  PASS Z42IoBinaryFloatTests.test_double_le_known_pattern
  PASS Z42IoBinaryFloatTests.test_double_be_known_pattern
  PASS Z42IoBinaryFloatTests.test_single_round_trip_f32_exact
  PASS Z42IoBinaryFloatTests.test_double_round_trip_exact
  PASS Z42IoBinaryFloatTests.test_single_narrows_then_stable
  PASS Z42IoBinaryFloatTests.test_mixed_sequence_round_trip

  Result: 8 passed, 0 failed, 0 skipped

── test target: binary_stream ──
compiled: /Users/d.s.qiu/Documents/codesigner-ui/z42-callarity/src/libraries/z42.io/artifacts/z42.io/debug/build/app.zpkg
compiled: /Users/d.s.qiu/Documents/codesigner-ui/z42-callarity/src/libraries/z42.io/artifacts/test-targets/binary_stream/build/app.zpkg
  PASS Z42IoBinaryStreamTests.test_writer_with_user_supplied_stream
  PASS Z42IoBinaryStreamTests.test_writer_to_array_throws_for_user_stream
  PASS Z42IoBinaryStreamTests.test_writer_clear_throws_for_user_stream
  PASS Z42IoBinaryStreamTests.test_writer_rejects_non_writable_stream
  PASS Z42IoBinaryStreamTests.test_reader_with_user_supplied_stream
  PASS Z42IoBinaryStreamTests.test_reader_rejects_non_readable_stream
  PASS Z42IoBinaryStreamTests.test_writer_then_reader_pipeline_round_trip
  PASS Z42IoBinaryStreamTests.test_byte_array_constructor_still_works
  PASS Z42IoBinaryStreamTests.test_default_writer_to_array_still_works
  PASS Z42IoBinaryStreamTests.test_reader_throws_on_premature_eof
  PASS Z42IoBinaryStreamTests.test_reader_position_on_memory_stream

  Result: 11 passed, 0 failed, 0 skipped

── test target: binary_strings ──
compiled: /Users/d.s.qiu/Documents/codesigner-ui/z42-callarity/src/libraries/z42.io/artifacts/z42.io/debug/build/app.zpkg
compiled: /Users/d.s.qiu/Documents/codesigner-ui/z42-callarity/src/libraries/z42.io/artifacts/test-targets/binary_strings/build/app.zpkg
  PASS Z42IoBinaryStringsTests.test_ascii_string_round_trip
  PASS Z42IoBinaryStringsTests.test_utf8_string_round_trip
  PASS Z42IoBinaryStringsTests.test_length_prefixed_string
  PASS Z42IoBinaryStringsTests.test_read_bytes_returns_copy
  PASS Z42IoBinaryStringsTests.test_write_bytes_appends_in_order
  PASS Z42IoBinaryStringsTests.test_empty_string

  Result: 6 passed, 0 failed, 0 skipped

── test target: binary_varint ──
compiled: /Users/d.s.qiu/Documents/codesigner-ui/z42-callarity/src/libraries/z42.io/artifacts/z42.io/debug/build/app.zpkg
compiled: /Users/d.s.qiu/Documents/codesigner-ui/z42-callarity/src/libraries/z42.io/artifacts/test-targets/binary_varint/build/app.zpkg
  PASS Z42IoBinaryVarintTests.test_varint_zero
  PASS Z42IoBinaryVarintTests.test_varint_one_byte_max
  PASS Z42IoBinaryVarintTests.test_varint_two_byte_boundary
  PASS Z42IoBinaryVarintTests.test_varint_three_byte_boundary
  PASS Z42IoBinaryVarintTests.test_varint_max_long
  PASS Z42IoBinaryVarintTests.test_varint_arbitrary_values
  PASS Z42IoBinaryVarintTests.test_varint_zero_one_byte
  PASS Z42IoBinaryVarintTests.test_varint_127_one_byte
  PASS Z42IoBinaryVarintTests.test_varint_128_two_bytes
  PASS Z42IoBinaryVarintTests.test_varint_300_two_bytes_known_encoding
  PASS Z42IoBinaryVarintTests.test_varint_negative_one_uses_ten_bytes
  PASS Z42IoBinaryVarintTests.test_zigzag_zero_one_byte
  PASS Z42IoBinaryVarintTests.test_zigzag_negative_one_one_byte
  PASS Z42IoBinaryVarintTests.test_zigzag_negative_64_one_byte
  PASS Z42IoBinaryVarintTests.test_zigzag_round_trip_positive
  PASS Z42IoBinaryVarintTests.test_zigzag_round_trip_negative_small
  PASS Z42IoBinaryVarintTests.test_zigzag_round_trip_large_negative
  PASS Z42IoBinaryVarintTests.test_zigzag_round_trip_min_long
  PASS Z42IoBinaryVarintTests.test_zigzag_round_trip_max_long
  PASS Z42IoBinaryVarintTests.test_three_varints_in_sequence
  PASS Z42IoBinaryVarintTests.test_read_varint_from_known_bytes

  Result: 21 passed, 0 failed, 0 skipped

── test target: buffered_stream ──
compiled: /Users/d.s.qiu/Documents/codesigner-ui/z42-callarity/src/libraries/z42.io/artifacts/z42.io/debug/build/app.zpkg
compiled: /Users/d.s.qiu/Documents/codesigner-ui/z42-callarity/src/libraries/z42.io/artifacts/test-targets/buffered_stream/build/app.zpkg
  PASS Z42IoBufferedStreamTests.test_default_capacity_construction
  PASS Z42IoBufferedStreamTests.test_capability_delegates_to_inner
  PASS Z42IoBufferedStreamTests.test_zero_buffer_size_throws
  PASS Z42IoBufferedStreamTests.test_small_reads_aggregate
  PASS Z42IoBufferedStreamTests.test_large_read_bypasses_buffer
  PASS Z42IoBufferedStreamTests.test_small_writes_aggregate_until_flush
  PASS Z42IoBufferedStreamTests.test_close_flushes_pending_writes
  PASS Z42IoBufferedStreamTests.test_large_write_bypasses_buffer
  PASS Z42IoBufferedStreamTests.test_write_overflow_triggers_flush
  PASS Z42IoBufferedStreamTests.test_write_then_read_after_seek
  PASS Z42IoBufferedStreamTests.test_length_passes_through
  PASS Z42IoBufferedStreamTests.test_position_accounts_for_buffer_during_read
  PASS Z42IoBufferedStreamTests.test_position_accounts_for_buffer_during_write
  PASS Z42IoBufferedStreamTests.test_close_does_not_close_inner
  PASS Z42IoBufferedStreamTests.test_close_idempotent
  PASS Z42IoBufferedStreamTests.test_write_after_close_throws

  Result: 16 passed, 0 failed, 0 skipped

── test target: console ──
compiled: /Users/d.s.qiu/Documents/codesigner-ui/z42-callarity/src/libraries/z42.io/artifacts/z42.io/debug/build/app.zpkg
compiled: /Users/d.s.qiu/Documents/codesigner-ui/z42-callarity/src/libraries/z42.io/artifacts/test-targets/console/build/app.zpkg
[smoke] z42.io console test
  PASS Z42IoTests.test_writeline_does_not_throw
42
  PASS Z42IoTests.test_writeline_int
true
  PASS Z42IoTests.test_writeline_bool
  PASS Z42IoTests.test_current_time_is_positive
  PASS Z42IoTests.test_current_time_is_monotonic
  PASS Z42IoTests.test_get_command_line_args_does_not_throw

  Result: 6 passed, 0 failed, 0 skipped

── test target: console_tty ──
compiled: /Users/d.s.qiu/Documents/codesigner-ui/z42-callarity/src/libraries/z42.io/artifacts/z42.io/debug/build/app.zpkg
compiled: /Users/d.s.qiu/Documents/codesigner-ui/z42-callarity/src/libraries/z42.io/artifacts/test-targets/console_tty/build/app.zpkg
  PASS Z42IoConsoleTtyTests.test_console_is_terminal_does_not_throw
  PASS Z42IoConsoleTtyTests.test_console_error_is_terminal_does_not_throw
  PASS Z42IoConsoleTtyTests.test_is_terminal_idempotent

  Result: 3 passed, 0 failed, 0 skipped

── test target: ctor_throw_catch ──
compiled: /Users/d.s.qiu/Documents/codesigner-ui/z42-callarity/src/libraries/z42.io/artifacts/z42.io/debug/build/app.zpkg
compiled: /Users/d.s.qiu/Documents/codesigner-ui/z42-callarity/src/libraries/z42.io/artifacts/test-targets/ctor_throw_catch/build/app.zpkg
  PASS Z42IoCtorThrowCatchTests.test_ctor_throw_caught_as_argument_exception
  PASS Z42IoCtorThrowCatchTests.test_ctor_throw_caught_as_base_exception
  PASS Z42IoCtorThrowCatchTests.test_ctor_throw_message_preserved
  PASS Z42IoCtorThrowCatchTests.test_ctor_no_throw_normal_path
  PASS Z42IoCtorThrowCatchTests.test_ctor_throw_does_not_assign_dst

  Result: 5 passed, 0 failed, 0 skipped

── test target: directory ──
compiled: /Users/d.s.qiu/Documents/codesigner-ui/z42-callarity/src/libraries/z42.io/artifacts/z42.io/debug/build/app.zpkg
compiled: /Users/d.s.qiu/Documents/codesigner-ui/z42-callarity/src/libraries/z42.io/artifacts/test-targets/directory/build/app.zpkg
  PASS Z42IoDirectoryTests.test_exists_true_for_dir
  PASS Z42IoDirectoryTests.test_exists_false_for_missing
  PASS Z42IoDirectoryTests.test_exists_false_for_file
  PASS Z42IoDirectoryTests.test_create_simple
  PASS Z42IoDirectoryTests.test_create_recursive
  PASS Z42IoDirectoryTests.test_create_idempotent
  PASS Z42IoDirectoryTests.test_delete_empty
  PASS Z42IoDirectoryTests.test_delete_recursive
  PASS Z42IoDirectoryTests.test_enumerate_returns_basenames
  PASS Z42IoDirectoryTests.test_enumerate_empty_dir
  PASS Z42IoDirectoryTests.test_enumerate_recursive_includes_subtree

  Result: 11 passed, 0 failed, 0 skipped

── test target: directory_copy ──
compiled: /Users/d.s.qiu/Documents/codesigner-ui/z42-callarity/src/libraries/z42.io/artifacts/z42.io/debug/build/app.zpkg
compiled: /Users/d.s.qiu/Documents/codesigner-ui/z42-callarity/src/libraries/z42.io/artifacts/test-targets/directory_copy/build/app.zpkg
  PASS Z42IoDirectoryCopyTests.test_copy_recursive_full_tree
  PASS Z42IoDirectoryCopyTests.test_copy_nonrecursive_top_files_only
  PASS Z42IoDirectoryCopyTests.test_copy_creates_missing_dst

  Result: 3 passed, 0 failed, 0 skipped

── test target: directory_temp ──
compiled: /Users/d.s.qiu/Documents/codesigner-ui/z42-callarity/src/libraries/z42.io/artifacts/z42.io/debug/build/app.zpkg
compiled: /Users/d.s.qiu/Documents/codesigner-ui/z42-callarity/src/libraries/z42.io/artifacts/test-targets/directory_temp/build/app.zpkg
  PASS Z42IoDirectoryTempTests.test_directory_create_temp_dir_returns_existing_path
  PASS Z42IoDirectoryTempTests.test_directory_create_temp_dir_is_alias_for_file

  Result: 2 passed, 0 failed, 0 skipped

── test target: env_cwd ──
compiled: /Users/d.s.qiu/Documents/codesigner-ui/z42-callarity/src/libraries/z42.io/artifacts/z42.io/debug/build/app.zpkg
compiled: /Users/d.s.qiu/Documents/codesigner-ui/z42-callarity/src/libraries/z42.io/artifacts/test-targets/env_cwd/build/app.zpkg
  PASS Z42IoEnvCwdTests.test_get_current_directory_returns_absolute_path
  PASS Z42IoEnvCwdTests.test_set_then_get_round_trip
  PASS Z42IoEnvCwdTests.test_set_nonexistent_throws

  Result: 3 passed, 0 failed, 0 skipped

── test target: env_set ──
compiled: /Users/d.s.qiu/Documents/codesigner-ui/z42-callarity/src/libraries/z42.io/artifacts/z42.io/debug/build/app.zpkg
compiled: /Users/d.s.qiu/Documents/codesigner-ui/z42-callarity/src/libraries/z42.io/artifacts/test-targets/env_set/build/app.zpkg
  PASS Z42IoEnvSetTests.test_set_then_get_roundtrip
  PASS Z42IoEnvSetTests.test_set_overwrites_existing
  PASS Z42IoEnvSetTests.test_set_empty_value

  Result: 3 passed, 0 failed, 0 skipped

── test target: environment_extra ──
compiled: /Users/d.s.qiu/Documents/codesigner-ui/z42-callarity/src/libraries/z42.io/artifacts/z42.io/debug/build/app.zpkg
compiled: /Users/d.s.qiu/Documents/codesigner-ui/z42-callarity/src/libraries/z42.io/artifacts/test-targets/environment_extra/build/app.zpkg
  PASS Z42IoEnvironmentExtraTests.test_unset_after_set_returns_null
  PASS Z42IoEnvironmentExtraTests.test_unset_nonexistent_is_noop
  PASS Z42IoEnvironmentExtraTests.test_get_all_environment_returns_array
  PASS Z42IoEnvironmentExtraTests.test_every_var_has_equals_separator

  Result: 4 passed, 0 failed, 0 skipped

── test target: file_atomic_write ──
compiled: /Users/d.s.qiu/Documents/codesigner-ui/z42-callarity/src/libraries/z42.io/artifacts/z42.io/debug/build/app.zpkg
compiled: /Users/d.s.qiu/Documents/codesigner-ui/z42-callarity/src/libraries/z42.io/artifacts/test-targets/file_atomic_write/build/app.zpkg
  PASS Z42IoFileAtomicWriteTests.test_atomic_text_round_trip
  PASS Z42IoFileAtomicWriteTests.test_atomic_bytes_round_trip
  PASS Z42IoFileAtomicWriteTests.test_atomic_overwrites_existing_content
  PASS Z42IoFileAtomicWriteTests.test_atomic_leaves_no_tmp_files_in_dir
  PASS Z42IoFileAtomicWriteTests.test_atomic_write_to_nonexistent_directory_throws

  Result: 5 passed, 0 failed, 0 skipped

── test target: file_bytes ──
compiled: /Users/d.s.qiu/Documents/codesigner-ui/z42-callarity/src/libraries/z42.io/artifacts/z42.io/debug/build/app.zpkg
compiled: /Users/d.s.qiu/Documents/codesigner-ui/z42-callarity/src/libraries/z42.io/artifacts/test-targets/file_bytes/build/app.zpkg
  PASS Z42IoFileBytesTests.test_round_trip_short_payload
  PASS Z42IoFileBytesTests.test_round_trip_empty_array
  PASS Z42IoFileBytesTests.test_round_trip_binary_non_utf8
  PASS Z42IoFileBytesTests.test_round_trip_larger_payload
  PASS Z42IoFileBytesTests.test_overwrites_existing_file
  PASS Z42IoFileBytesTests.test_read_nonexistent_throws

  Result: 6 passed, 0 failed, 0 skipped

── test target: file_chmod_link_size ──
compiled: /Users/d.s.qiu/Documents/codesigner-ui/z42-callarity/src/libraries/z42.io/artifacts/z42.io/debug/build/app.zpkg
compiled: /Users/d.s.qiu/Documents/codesigner-ui/z42-callarity/src/libraries/z42.io/artifacts/test-targets/file_chmod_link_size/build/app.zpkg
  PASS Z42IoFileChmodLinkSizeTests.test_get_size_of_known_content
  PASS Z42IoFileChmodLinkSizeTests.test_get_size_empty_file
  PASS Z42IoFileChmodLinkSizeTests.test_make_executable_does_not_throw
  PASS Z42IoFileChmodLinkSizeTests.test_hard_link_shares_content
  PASS Z42IoFileChmodLinkSizeTests.test_symlink_resolves_to_target

  Result: 5 passed, 0 failed, 0 skipped

── test target: file_extras ──
compiled: /Users/d.s.qiu/Documents/codesigner-ui/z42-callarity/src/libraries/z42.io/artifacts/z42.io/debug/build/app.zpkg
compiled: /Users/d.s.qiu/Documents/codesigner-ui/z42-callarity/src/libraries/z42.io/artifacts/test-targets/file_extras/build/app.zpkg
  PASS Z42IoFileExtrasTests.test_copy_creates_dst
  PASS Z42IoFileExtrasTests.test_copy_leaves_src_intact
  PASS Z42IoFileExtrasTests.test_copy_overwrites_dst
  PASS Z42IoFileExtrasTests.test_move_creates_dst
  PASS Z42IoFileExtrasTests.test_move_removes_src

  Result: 5 passed, 0 failed, 0 skipped

── test target: file_last_write_time ──
compiled: /Users/d.s.qiu/Documents/codesigner-ui/z42-callarity/src/libraries/z42.io/artifacts/z42.io/debug/build/app.zpkg
compiled: /Users/d.s.qiu/Documents/codesigner-ui/z42-callarity/src/libraries/z42.io/artifacts/test-targets/file_last_write_time/build/app.zpkg
  PASS Z42IoFileLastWriteTimeTests.test_mtime_is_real_current_time
  PASS Z42IoFileLastWriteTimeTests.test_mtime_monotonic_after_rewrite
  PASS Z42IoFileLastWriteTimeTests.test_missing_file_throws

  Result: 3 passed, 0 failed, 0 skipped

── test target: file_stream ──
compiled: /Users/d.s.qiu/Documents/codesigner-ui/z42-callarity/src/libraries/z42.io/artifacts/z42.io/debug/build/app.zpkg
compiled: /Users/d.s.qiu/Documents/codesigner-ui/z42-callarity/src/libraries/z42.io/artifacts/test-targets/file_stream/build/app.zpkg
  PASS Z42IoFileStreamTests.test_read_mode_round_trip
  PASS Z42IoFileStreamTests.test_read_all_bytes_helper_on_filestream
  PASS Z42IoFileStreamTests.test_write_mode_truncates_and_writes
  PASS Z42IoFileStreamTests.test_append_mode_concatenates
  PASS Z42IoFileStreamTests.test_append_mode_seek_throws
  PASS Z42IoFileStreamTests.test_seek_and_position
  PASS Z42IoFileStreamTests.test_close_is_idempotent
  PASS Z42IoFileStreamTests.test_read_after_close_throws
  PASS Z42IoFileStreamTests.test_unknown_mode_throws
  PASS Z42IoFileStreamTests.test_filestream_to_memorystream_pipeline

  Result: 10 passed, 0 failed, 0 skipped

── test target: file_stream_seek_bounds ──
compiled: /Users/d.s.qiu/Documents/codesigner-ui/z42-callarity/src/libraries/z42.io/artifacts/z42.io/debug/build/app.zpkg
compiled: /Users/d.s.qiu/Documents/codesigner-ui/z42-callarity/src/libraries/z42.io/artifacts/test-targets/file_stream_seek_bounds/build/app.zpkg
  PASS Z42IoFileStreamSeekBoundsTests.test_seek_negative_absolute_throws
  PASS Z42IoFileStreamSeekBoundsTests.test_seek_current_underflow_throws
  PASS Z42IoFileStreamSeekBoundsTests.test_seek_end_underflow_throws
  PASS Z42IoFileStreamSeekBoundsTests.test_seek_within_bounds_succeeds
  PASS Z42IoFileStreamSeekBoundsTests.test_seek_past_end_allowed_for_writable

  Result: 5 passed, 0 failed, 0 skipped

── test target: file_temp ──
compiled: /Users/d.s.qiu/Documents/codesigner-ui/z42-callarity/src/libraries/z42.io/artifacts/z42.io/debug/build/app.zpkg
compiled: /Users/d.s.qiu/Documents/codesigner-ui/z42-callarity/src/libraries/z42.io/artifacts/test-targets/file_temp/build/app.zpkg
  PASS Z42IoFileTempTests.test_create_temp_dir_exists_and_is_unique
  PASS Z42IoFileTempTests.test_create_temp_dir_prefix_in_basename
  PASS Z42IoFileTempTests.test_create_temp_file_exists_and_writable
  PASS Z42IoFileTempTests.test_create_temp_file_unique
  PASS Z42IoFileTempTests.test_create_temp_file_empty_suffix_works
  PASS Z42IoFileTempTests.test_temp_dir_usable_for_sub_files

  Result: 6 passed, 0 failed, 0 skipped

── test target: gc_heap_snapshot ──
compiled: /Users/d.s.qiu/Documents/codesigner-ui/z42-callarity/src/libraries/z42.io/artifacts/z42.io/debug/build/app.zpkg
compiled: /Users/d.s.qiu/Documents/codesigner-ui/z42-callarity/src/libraries/z42.io/artifacts/test-targets/gc_heap_snapshot/build/app.zpkg
  PASS Z42IoGcHeapSnapshotTests.test_write_snapshot_creates_nonempty_file
  PASS Z42IoGcHeapSnapshotTests.test_returned_bytes_equal_file_length

  Result: 2 passed, 0 failed, 0 skipped

── test target: gc_pause_window ──
compiled: /Users/d.s.qiu/Documents/codesigner-ui/z42-callarity/src/libraries/z42.io/artifacts/z42.io/debug/build/app.zpkg
compiled: /Users/d.s.qiu/Documents/codesigner-ui/z42-callarity/src/libraries/z42.io/artifacts/test-targets/gc_pause_window/build/app.zpkg
  PASS Z42IoGcPauseWindowTests.test_pause_window_capacity_positive
  PASS Z42IoGcPauseWindowTests.test_recent_pauses_length_grows_with_collects

  Result: 2 passed, 0 failed, 0 skipped

── test target: operating_system ──
compiled: /Users/d.s.qiu/Documents/codesigner-ui/z42-callarity/src/libraries/z42.io/artifacts/z42.io/debug/build/app.zpkg
compiled: /Users/d.s.qiu/Documents/codesigner-ui/z42-callarity/src/libraries/z42.io/artifacts/test-targets/operating_system/build/app.zpkg
  PASS Z42IoOperatingSystemTests.test_pid_positive
  PASS Z42IoOperatingSystemTests.test_cpu_count_at_least_one
  PASS Z42IoOperatingSystemTests.test_executable_path_returns_something
  PASS Z42IoOperatingSystemTests.test_current_directory_non_empty
  PASS Z42IoOperatingSystemTests.test_set_current_directory_changes_cwd
  PASS Z42IoOperatingSystemTests.test_hostname_non_empty_on_unix
  PASS Z42IoOperatingSystemTests.test_os_version_returns_string

  Result: 7 passed, 0 failed, 0 skipped

── test target: path_glob ──
compiled: /Users/d.s.qiu/Documents/codesigner-ui/z42-callarity/src/libraries/z42.io/artifacts/z42.io/debug/build/app.zpkg
compiled: /Users/d.s.qiu/Documents/codesigner-ui/z42-callarity/src/libraries/z42.io/artifacts/test-targets/path_glob/build/app.zpkg
  PASS Z42IoPathGlobTests.test_glob_star_extension
  PASS Z42IoPathGlobTests.test_glob_question_mark
  PASS Z42IoPathGlobTests.test_glob_no_match_returns_empty
  PASS Z42IoPathGlobTests.test_glob_literal_pattern
  PASS Z42IoPathGlobTests.test_glob_star_matches_all
  PASS Z42IoPathGlobTests.test_glob_nonexistent_dir_returns_empty
  PASS Z42IoPathGlobTests.test_glob_prefix_suffix

  Result: 7 passed, 0 failed, 0 skipped

── test target: path_glob_recursive ──
compiled: /Users/d.s.qiu/Documents/codesigner-ui/z42-callarity/src/libraries/z42.io/artifacts/z42.io/debug/build/app.zpkg
compiled: /Users/d.s.qiu/Documents/codesigner-ui/z42-callarity/src/libraries/z42.io/artifacts/test-targets/path_glob_recursive/build/app.zpkg
  PASS Z42IoPathGlobRecursiveTests.test_glob_recursive_finds_in_single_layer
  PASS Z42IoPathGlobRecursiveTests.test_glob_recursive_descends_two_levels
  PASS Z42IoPathGlobRecursiveTests.test_glob_recursive_descends_three_levels
  PASS Z42IoPathGlobRecursiveTests.test_glob_recursive_pattern_with_slash_matches_relative_path
  PASS Z42IoPathGlobRecursiveTests.test_glob_recursive_pattern_miss_returns_empty
  PASS Z42IoPathGlobRecursiveTests.test_glob_recursive_nonexistent_dir_returns_empty

  Result: 6 passed, 0 failed, 0 skipped

── test target: platform ──
compiled: /Users/d.s.qiu/Documents/codesigner-ui/z42-callarity/src/libraries/z42.io/artifacts/z42.io/debug/build/app.zpkg
compiled: /Users/d.s.qiu/Documents/codesigner-ui/z42-callarity/src/libraries/z42.io/artifacts/test-targets/platform/build/app.zpkg
  PASS Z42IoPlatformTests.test_os_string_known
  PASS Z42IoPlatformTests.test_arch_string_known
  PASS Z42IoPlatformTests.test_family_string_known
  PASS Z42IoPlatformTests.test_os_kind_value_matches_predicate
  PASS Z42IoPlatformTests.test_arch_kind_value_known
  PASS Z42IoPlatformTests.test_is_unix_consistent_with_os

  Result: 6 passed, 0 failed, 0 skipped

── test target: process_basic ──
compiled: /Users/d.s.qiu/Documents/codesigner-ui/z42-callarity/src/libraries/z42.io/artifacts/z42.io/debug/build/app.zpkg
compiled: /Users/d.s.qiu/Documents/codesigner-ui/z42-callarity/src/libraries/z42.io/artifacts/test-targets/process_basic/build/app.zpkg
  PASS Z42IoProcessTests.test_run_echo_captures_stdout
  PASS Z42IoProcessTests.test_run_args_array
  PASS Z42IoProcessTests.test_run_nonzero_exit_returns_result
  PASS Z42IoProcessTests.test_ensure_success_throws_on_nonzero_exit
  PASS Z42IoProcessTests.test_ensure_success_returns_self_on_zero_exit

  Result: 5 passed, 0 failed, 0 skipped

── test target: process_env_cwd ──
compiled: /Users/d.s.qiu/Documents/codesigner-ui/z42-callarity/src/libraries/z42.io/artifacts/z42.io/debug/build/app.zpkg
compiled: /Users/d.s.qiu/Documents/codesigner-ui/z42-callarity/src/libraries/z42.io/artifacts/test-targets/process_env_cwd/build/app.zpkg
  PASS Z42IoProcessEnvCwdTests.test_env_override_visible_in_child
  PASS Z42IoProcessEnvCwdTests.test_clear_env_strips_parent_environment
  PASS Z42IoProcessEnvCwdTests.test_working_directory_takes_effect

  Result: 3 passed, 0 failed, 0 skipped

── test target: process_failure ──
compiled: /Users/d.s.qiu/Documents/codesigner-ui/z42-callarity/src/libraries/z42.io/artifacts/z42.io/debug/build/app.zpkg
compiled: /Users/d.s.qiu/Documents/codesigner-ui/z42-callarity/src/libraries/z42.io/artifacts/test-targets/process_failure/build/app.zpkg
  PASS Z42IoProcessFailureTests.test_nonexistent_program_throws_start_exception
  PASS Z42IoProcessFailureTests.test_start_exception_distinct_from_exit_exception

  Result: 2 passed, 0 failed, 0 skipped

── test target: process_spawn ──
compiled: /Users/d.s.qiu/Documents/codesigner-ui/z42-callarity/src/libraries/z42.io/artifacts/z42.io/debug/build/app.zpkg
compiled: /Users/d.s.qiu/Documents/codesigner-ui/z42-callarity/src/libraries/z42.io/artifacts/test-targets/process_spawn/build/app.zpkg
  PASS Z42IoProcessSpawnTests.test_spawn_then_wait_returns_result
  PASS Z42IoProcessSpawnTests.test_pid_is_positive
  PASS Z42IoProcessSpawnTests.test_kill_terminates_long_running
  PASS Z42IoProcessSpawnTests.test_handle_invalid_after_wait
  PASS Z42IoProcessSpawnTests.test_dispose_kills_long_running_child

  Result: 5 passed, 0 failed, 0 skipped

── test target: process_stdin ──
compiled: /Users/d.s.qiu/Documents/codesigner-ui/z42-callarity/src/libraries/z42.io/artifacts/z42.io/debug/build/app.zpkg
compiled: /Users/d.s.qiu/Documents/codesigner-ui/z42-callarity/src/libraries/z42.io/artifacts/test-targets/process_stdin/build/app.zpkg
  PASS Z42IoProcessStdinTests.test_stdin_bytes_oneshot
  PASS Z42IoProcessStdinTests.test_spawn_write_stdin_stream

  Result: 2 passed, 0 failed, 0 skipped

── test target: process_stdio ──
compiled: /Users/d.s.qiu/Documents/codesigner-ui/z42-callarity/src/libraries/z42.io/artifacts/z42.io/debug/build/app.zpkg
compiled: /Users/d.s.qiu/Documents/codesigner-ui/z42-callarity/src/libraries/z42.io/artifacts/test-targets/process_stdio/build/app.zpkg
  PASS Z42IoProcessStdioTests.test_stdout_null_discards_output
  PASS Z42IoProcessStdioTests.test_stderr_pipe_captures_separately
  PASS Z42IoProcessStdioTests.test_stdout_redirect_to_file

  Result: 3 passed, 0 failed, 0 skipped

── test target: process_stream_stdio ──
compiled: /Users/d.s.qiu/Documents/codesigner-ui/z42-callarity/src/libraries/z42.io/artifacts/z42.io/debug/build/app.zpkg
compiled: /Users/d.s.qiu/Documents/codesigner-ui/z42-callarity/src/libraries/z42.io/artifacts/test-targets/process_stream_stdio/build/app.zpkg
  PASS Z42IoProcessStreamStdioTests.test_stdin_stream_write_through_then_wait
  PASS Z42IoProcessStreamStdioTests.test_stdin_stream_close_idempotent
  PASS Z42IoProcessStreamStdioTests.test_stdin_stream_write_after_close_throws
  PASS Z42IoProcessStreamStdioTests.test_stdout_stream_read_via_helpers
  PASS Z42IoProcessStreamStdioTests.test_stdout_stream_read_buffered_chunks
  PASS Z42IoProcessStreamStdioTests.test_stderr_stream_read
  PASS Z42IoProcessStreamStdioTests.test_pipeline_memorystream_into_process_stdin
  PASS Z42IoProcessStreamStdioTests.test_get_stdin_stream_caches
  PASS Z42IoProcessStreamStdioTests.test_get_stdout_stream_caches
  PASS Z42IoProcessStreamStdioTests.test_process_output_stream_bad_fd_throws

  Result: 10 passed, 0 failed, 0 skipped

── test target: process_timeout ──
compiled: /Users/d.s.qiu/Documents/codesigner-ui/z42-callarity/src/libraries/z42.io/artifacts/z42.io/debug/build/app.zpkg
compiled: /Users/d.s.qiu/Documents/codesigner-ui/z42-callarity/src/libraries/z42.io/artifacts/test-targets/process_timeout/build/app.zpkg
  PASS Z42IoProcessTimeoutTests.test_timeout_does_not_fire_when_child_quick
  PASS Z42IoProcessTimeoutTests.test_timeout_fires_for_long_running_child

  Result: 2 passed, 0 failed, 0 skipped

── test target: process_which ──
compiled: /Users/d.s.qiu/Documents/codesigner-ui/z42-callarity/src/libraries/z42.io/artifacts/z42.io/debug/build/app.zpkg
compiled: /Users/d.s.qiu/Documents/codesigner-ui/z42-callarity/src/libraries/z42.io/artifacts/test-targets/process_which/build/app.zpkg
  PASS Z42IoProcessWhichTests.test_which_finds_common_shell
  PASS Z42IoProcessWhichTests.test_which_returns_null_for_missing
  PASS Z42IoProcessWhichTests.test_which_passthrough_for_absolute_path
  PASS Z42IoProcessWhichTests.test_which_passthrough_returns_null_for_missing_absolute_path
  PASS Z42IoProcessWhichTests.test_which_empty_string_returns_null

  Result: 5 passed, 0 failed, 0 skipped

── test target: stream_base ──
compiled: /Users/d.s.qiu/Documents/codesigner-ui/z42-callarity/src/libraries/z42.io/artifacts/z42.io/debug/build/app.zpkg
compiled: /Users/d.s.qiu/Documents/codesigner-ui/z42-callarity/src/libraries/z42.io/artifacts/test-targets/stream_base/build/app.zpkg
  PASS Z42IoStreamBaseTests.test_base_capability_flags_default_false
  PASS Z42IoStreamBaseTests.test_base_read_throws
  PASS Z42IoStreamBaseTests.test_base_write_throws
  PASS Z42IoStreamBaseTests.test_base_seek_throws
  PASS Z42IoStreamBaseTests.test_base_length_throws
  PASS Z42IoStreamBaseTests.test_base_position_throws
  PASS Z42IoStreamBaseTests.test_base_flush_default_is_noop
  PASS Z42IoStreamBaseTests.test_base_close_default_is_noop
  PASS Z42IoStreamBaseTests.test_seek_origin_constants

  Result: 9 passed, 0 failed, 0 skipped

── test target: stream_convenience ──
compiled: /Users/d.s.qiu/Documents/codesigner-ui/z42-callarity/src/libraries/z42.io/artifacts/z42.io/debug/build/app.zpkg
compiled: /Users/d.s.qiu/Documents/codesigner-ui/z42-callarity/src/libraries/z42.io/artifacts/test-targets/stream_convenience/build/app.zpkg
  PASS Z42IoStreamConvenienceTests.test_read_all_bytes_from_memory_stream
  PASS Z42IoStreamConvenienceTests.test_read_all_bytes_grows_past_initial_chunk
  PASS Z42IoStreamConvenienceTests.test_read_all_bytes_on_empty_stream_yields_empty
  PASS Z42IoStreamConvenienceTests.test_write_all_bytes_then_round_trip
  PASS Z42IoStreamConvenienceTests.test_read_exactly_returns_exact_count
  PASS Z42IoStreamConvenienceTests.test_read_exactly_throws_on_premature_eof
  PASS Z42IoStreamConvenienceTests.test_read_exactly_eof_catchable_as_base_exception
  PASS Z42IoStreamConvenienceTests.test_read_exactly_zero_returns_empty
  PASS Z42IoStreamConvenienceTests.test_read_exactly_negative_throws
  PASS Z42IoStreamConvenienceTests.test_read_all_bytes_on_non_readable_throws
  PASS Z42IoStreamConvenienceTests.test_write_all_bytes_on_non_writable_throws

  Result: 11 passed, 0 failed, 0 skipped

── test target: stream_copy_to ──
compiled: /Users/d.s.qiu/Documents/codesigner-ui/z42-callarity/src/libraries/z42.io/artifacts/z42.io/debug/build/app.zpkg
compiled: /Users/d.s.qiu/Documents/codesigner-ui/z42-callarity/src/libraries/z42.io/artifacts/test-targets/stream_copy_to/build/app.zpkg
  PASS Z42IoStreamCopyToTests.test_memory_to_memory
  PASS Z42IoStreamCopyToTests.test_empty_source_no_writes
  PASS Z42IoStreamCopyToTests.test_custom_buffer_size
  PASS Z42IoStreamCopyToTests.test_filestream_to_memorystream
  PASS Z42IoStreamCopyToTests.test_non_readable_source_throws
  PASS Z42IoStreamCopyToTests.test_non_writable_dest_throws
  PASS Z42IoStreamCopyToTests.test_zero_buffer_size_throws

  Result: 7 passed, 0 failed, 0 skipped

── test target: stream_memory ──
compiled: /Users/d.s.qiu/Documents/codesigner-ui/z42-callarity/src/libraries/z42.io/artifacts/z42.io/debug/build/app.zpkg
compiled: /Users/d.s.qiu/Documents/codesigner-ui/z42-callarity/src/libraries/z42.io/artifacts/test-targets/stream_memory/build/app.zpkg
  PASS Z42IoStreamMemoryTests.test_empty_stream_initial_state
  PASS Z42IoStreamMemoryTests.test_write_advances_position_and_length
  PASS Z42IoStreamMemoryTests.test_write_then_seek_then_read_round_trip
  PASS Z42IoStreamMemoryTests.test_read_at_eof_returns_zero
  PASS Z42IoStreamMemoryTests.test_seek_origin_current
  PASS Z42IoStreamMemoryTests.test_seek_origin_end
  PASS Z42IoStreamMemoryTests.test_seek_negative_throws
  PASS Z42IoStreamMemoryTests.test_growth_beyond_initial_capacity
  PASS Z42IoStreamMemoryTests.test_to_array_snapshot_is_independent
  PASS Z42IoStreamMemoryTests.test_readonly_constructor_disallows_write
  PASS Z42IoStreamMemoryTests.test_readonly_view_round_trip_read
  PASS Z42IoStreamMemoryTests.test_partial_read_returns_actual_count
  PASS Z42IoStreamMemoryTests.test_readbyte_writebyte_round_trip
  PASS Z42IoStreamMemoryTests.test_seek_beyond_int_max_throws

  Result: 14 passed, 0 failed, 0 skipped

── test target: stream_reader ──
compiled: /Users/d.s.qiu/Documents/codesigner-ui/z42-callarity/src/libraries/z42.io/artifacts/z42.io/debug/build/app.zpkg
compiled: /Users/d.s.qiu/Documents/codesigner-ui/z42-callarity/src/libraries/z42.io/artifacts/test-targets/stream_reader/build/app.zpkg
  PASS Z42IoStreamReaderTests.test_default_utf8_read_to_end_ascii
  PASS Z42IoStreamReaderTests.test_default_utf8_read_to_end_multibyte
  PASS Z42IoStreamReaderTests.test_explicit_encoding_arg
  PASS Z42IoStreamReaderTests.test_peek_then_read_same_char
  PASS Z42IoStreamReaderTests.test_empty_stream_immediate_eof
  PASS Z42IoStreamReaderTests.test_bulk_read_chars
  PASS Z42IoStreamReaderTests.test_read_line_lf
  PASS Z42IoStreamReaderTests.test_read_line_crlf
  PASS Z42IoStreamReaderTests.test_read_line_with_multibyte_content
  PASS Z42IoStreamReaderTests.test_read_line_no_terminator_at_eof
  PASS Z42IoStreamReaderTests.test_constructor_does_not_consume_source
  PASS Z42IoStreamReaderTests.test_close_idempotent
  PASS Z42IoStreamReaderTests.test_read_after_close_throws

  Result: 13 passed, 0 failed, 0 skipped

── test target: stream_text_pipeline ──
compiled: /Users/d.s.qiu/Documents/codesigner-ui/z42-callarity/src/libraries/z42.io/artifacts/z42.io/debug/build/app.zpkg
compiled: /Users/d.s.qiu/Documents/codesigner-ui/z42-callarity/src/libraries/z42.io/artifacts/test-targets/stream_text_pipeline/build/app.zpkg
  PASS Z42IoStreamTextPipelineTests.test_writer_to_reader_via_memory_stream
  PASS Z42IoStreamTextPipelineTests.test_writer_to_filestream_then_read_back
  PASS Z42IoStreamTextPipelineTests.test_multibyte_round_trip_via_filestream
  PASS Z42IoStreamTextPipelineTests.test_read_to_end_from_filestream

  Result: 4 passed, 0 failed, 0 skipped

── test target: stream_writer ──
compiled: /Users/d.s.qiu/Documents/codesigner-ui/z42-callarity/src/libraries/z42.io/artifacts/z42.io/debug/build/app.zpkg
compiled: /Users/d.s.qiu/Documents/codesigner-ui/z42-callarity/src/libraries/z42.io/artifacts/test-targets/stream_writer/build/app.zpkg
  PASS Z42IoStreamWriterTests.test_default_utf8_write_string
  PASS Z42IoStreamWriterTests.test_default_utf8_write_multibyte
  PASS Z42IoStreamWriterTests.test_explicit_encoding_arg
  PASS Z42IoStreamWriterTests.test_multiple_writes_concat
  PASS Z42IoStreamWriterTests.test_write_chars_bulk
  PASS Z42IoStreamWriterTests.test_write_chars_slice
  PASS Z42IoStreamWriterTests.test_write_line_empty
  PASS Z42IoStreamWriterTests.test_write_line_string
  PASS Z42IoStreamWriterTests.test_mixed_write_and_writeline
  PASS Z42IoStreamWriterTests.test_flush_does_not_close
  PASS Z42IoStreamWriterTests.test_close_idempotent
  PASS Z42IoStreamWriterTests.test_write_after_close_throws
  PASS Z42IoStreamWriterTests.test_close_does_not_close_dest

  Result: 13 passed, 0 failed, 0 skipped

── test target: string_reader ──
compiled: /Users/d.s.qiu/Documents/codesigner-ui/z42-callarity/src/libraries/z42.io/artifacts/z42.io/debug/build/app.zpkg
compiled: /Users/d.s.qiu/Documents/codesigner-ui/z42-callarity/src/libraries/z42.io/artifacts/test-targets/string_reader/build/app.zpkg
  PASS Z42IoStringReaderTests.test_peek_does_not_advance
  PASS Z42IoStringReaderTests.test_read_advances_one_char
  PASS Z42IoStringReaderTests.test_read_at_eof_returns_minus_one
  PASS Z42IoStringReaderTests.test_empty_source_immediately_eof
  PASS Z42IoStringReaderTests.test_read_bulk_chars
  PASS Z42IoStringReaderTests.test_read_bulk_partial_at_eof
  PASS Z42IoStringReaderTests.test_read_bulk_with_offset
  PASS Z42IoStringReaderTests.test_read_line_lf
  PASS Z42IoStringReaderTests.test_read_line_crlf
  PASS Z42IoStringReaderTests.test_read_line_lone_cr
  PASS Z42IoStringReaderTests.test_read_line_no_terminator_at_eof
  PASS Z42IoStringReaderTests.test_read_line_empty_lines
  PASS Z42IoStringReaderTests.test_read_line_empty_source_returns_null
  PASS Z42IoStringReaderTests.test_read_to_end_from_start
  PASS Z42IoStringReaderTests.test_read_to_end_after_partial_read
  PASS Z42IoStringReaderTests.test_read_to_end_at_eof_returns_empty
  PASS Z42IoStringReaderTests.test_close_idempotent
  PASS Z42IoStringReaderTests.test_close_then_read_throws
  PASS Z42IoStringReaderTests.test_close_then_read_line_throws

  Result: 19 passed, 0 failed, 0 skipped

── test target: string_reader_writer_pipeline ──
compiled: /Users/d.s.qiu/Documents/codesigner-ui/z42-callarity/src/libraries/z42.io/artifacts/z42.io/debug/build/app.zpkg
compiled: /Users/d.s.qiu/Documents/codesigner-ui/z42-callarity/src/libraries/z42.io/artifacts/test-targets/string_reader_writer_pipeline/build/app.zpkg
  PASS Z42IoStringReaderWriterPipelineTests.test_writer_to_reader_round_trip_lines
  PASS Z42IoStringReaderWriterPipelineTests.test_writer_to_reader_round_trip_chars
  PASS Z42IoStringReaderWriterPipelineTests.test_writer_collect_then_reader_drain_into_array

  Result: 3 passed, 0 failed, 0 skipped

── test target: string_writer ──
compiled: /Users/d.s.qiu/Documents/codesigner-ui/z42-callarity/src/libraries/z42.io/artifacts/z42.io/debug/build/app.zpkg
compiled: /Users/d.s.qiu/Documents/codesigner-ui/z42-callarity/src/libraries/z42.io/artifacts/test-targets/string_writer/build/app.zpkg
  PASS Z42IoStringWriterTests.test_empty_initial_state
  PASS Z42IoStringWriterTests.test_initial_capacity_does_not_throw
  PASS Z42IoStringWriterTests.test_write_string
  PASS Z42IoStringWriterTests.test_write_multiple_strings_concat
  PASS Z42IoStringWriterTests.test_write_empty_string_noop
  PASS Z42IoStringWriterTests.test_write_chars_bulk
  PASS Z42IoStringWriterTests.test_write_chars_slice
  PASS Z42IoStringWriterTests.test_write_line_empty
  PASS Z42IoStringWriterTests.test_write_line_with_string
  PASS Z42IoStringWriterTests.test_mixed_write_and_write_line
  PASS Z42IoStringWriterTests.test_clear_resets
  PASS Z42IoStringWriterTests.test_close_idempotent
  PASS Z42IoStringWriterTests.test_close_then_write_throws
  PASS Z42IoStringWriterTests.test_close_then_clear_throws
  PASS Z42IoStringWriterTests.test_to_string_after_close_still_works

  Result: 15 passed, 0 failed, 0 skipped

── test target: text_reader_writer ──
compiled: /Users/d.s.qiu/Documents/codesigner-ui/z42-callarity/src/libraries/z42.io/artifacts/z42.io/debug/build/app.zpkg
compiled: /Users/d.s.qiu/Documents/codesigner-ui/z42-callarity/src/libraries/z42.io/artifacts/test-targets/text_reader_writer/build/app.zpkg
  PASS Z42IoTextReaderWriterTests.test_textreader_readlinebase_splits_lf
  PASS Z42IoTextReaderWriterTests.test_textreader_readlinebase_handles_crlf
  PASS Z42IoTextReaderWriterTests.test_textreader_readlinebase_handles_lone_cr
  PASS Z42IoTextReaderWriterTests.test_textreader_readlinebase_empty_blank_lines
  PASS Z42IoTextReaderWriterTests.test_textreader_readlinebase_no_trailing_newline_returns_tail
  PASS Z42IoTextReaderWriterTests.test_textreader_readtoendbase_drains_remainder
  PASS Z42IoTextReaderWriterTests.test_textreader_readbufferbase_partial_then_full
  PASS Z42IoTextReaderWriterTests.test_textreader_readbufferbase_rejects_bad_args
  PASS Z42IoTextReaderWriterTests.test_textreader_peek_doesnt_advance
  PASS Z42IoTextReaderWriterTests.test_textwriter_writelinebase_appends_lf
  PASS Z42IoTextReaderWriterTests.test_textwriter_writecharsbase_writes_slice
  PASS Z42IoTextReaderWriterTests.test_textwriter_writecharbase_writes_one
  PASS Z42IoTextReaderWriterTests.test_textwriter_writecharsbase_rejects_bad_args
  PASS Z42IoTextReaderWriterTests.test_textwriter_dispose_chains_to_close
  PASS Z42IoTextReaderWriterTests.test_textreader_dispose_chains_to_close
  PASS Z42IoTextReaderWriterTests.test_textreader_base_read_throws
  PASS Z42IoTextReaderWriterTests.test_textwriter_base_write_throws

  Result: 17 passed, 0 failed, 0 skipped

── z42.ir (test, z42b) : 4 unit(s) ──

── test target: depindex ──
compiled: /Users/d.s.qiu/Documents/codesigner-ui/z42-callarity/src/libraries/z42.ir/artifacts/z42.ir/debug/build/app.zpkg
compiled: /Users/d.s.qiu/Documents/codesigner-ui/z42-callarity/src/libraries/z42.ir/artifacts/test-targets/depindex/build/app.zpkg
  PASS Z42cIrDepIndexTests.test_static_key_and_fq
  PASS Z42cIrDepIndexTests.test_arity_key_first_wins
  PASS Z42cIrDepIndexTests.test_instance_ambiguity_removed
  PASS Z42cIrDepIndexTests.test_scoped_disambiguates_cross_ns_same_shortname
  PASS Z42cIrDepIndexTests.test_protocol_methods_skipped

  Result: 5 passed, 0 failed, 0 skipped

── test target: murmur3 ──
compiled: /Users/d.s.qiu/Documents/codesigner-ui/z42-callarity/src/libraries/z42.ir/artifacts/z42.ir/debug/build/app.zpkg
compiled: /Users/d.s.qiu/Documents/codesigner-ui/z42-callarity/src/libraries/z42.ir/artifacts/test-targets/murmur3/build/app.zpkg
  PASS Z42IrMurmur3Tests.test_murmur3_all_tail_lengths
  PASS Z42IrMurmur3Tests.test_murmur3_high_bit_bytes
  PASS Z42IrMurmur3Tests.test_murmur3_long_input_and_shape
  PASS Z42IrMurmur3Tests.test_source_hash_hex_form

  Result: 4 passed, 0 failed, 0 skipped

── test target: smoke ──
compiled: /Users/d.s.qiu/Documents/codesigner-ui/z42-callarity/src/libraries/z42.ir/artifacts/z42.ir/debug/build/app.zpkg
compiled: /Users/d.s.qiu/Documents/codesigner-ui/z42-callarity/src/libraries/z42.ir/artifacts/test-targets/smoke/build/app.zpkg
  PASS Z42IrSmokeTests.test_strmap_ops
  PASS Z42IrSmokeTests.test_bytewriter_widths_and_patch
  PASS Z42IrSmokeTests.test_bytewriter_utf8_str

  Result: 3 passed, 0 failed, 0 skipped

── test target: zpkg ──
compiled: /Users/d.s.qiu/Documents/codesigner-ui/z42-callarity/src/libraries/z42.ir/artifacts/z42.ir/debug/build/app.zpkg
compiled: /Users/d.s.qiu/Documents/codesigner-ui/z42-callarity/src/libraries/z42.ir/artifacts/test-targets/zpkg/build/app.zpkg
  PASS Z42cProjectZpkgTests.test_sha256_hex_form
  PASS Z42cProjectZpkgTests.test_entry_autodetect_priority
  PASS Z42cProjectZpkgTests.test_build_packed_namespaces_and_exports
  PASS Z42cProjectZpkgTests.test_write_packed_header

  Result: 4 passed, 0 failed, 0 skipped

── z42.json (test, z42b) : 11 unit(s) ──

── test target: deserialize ──
compiled: /Users/d.s.qiu/Documents/codesigner-ui/z42-callarity/src/libraries/z42.json/artifacts/z42.json/debug/build/app.zpkg
compiled: /Users/d.s.qiu/Documents/codesigner-ui/z42-callarity/src/libraries/z42.json/artifacts/test-targets/deserialize/build/app.zpkg
  PASS Z42JsonDeserializeTests.test_deserialize_primitive_fields
  PASS Z42JsonDeserializeTests.test_deserialize_fields_and_properties
  PASS Z42JsonDeserializeTests.test_deserialize_via_constructor
  PASS Z42JsonDeserializeTests.test_deserialize_property_rename
  PASS Z42JsonDeserializeTests.test_deserialize_nested
  PASS Z42JsonDeserializeTests.test_deserialize_array
  PASS Z42JsonDeserializeTests.test_deserialize_missing_key_keeps_default
  PASS Z42JsonDeserializeTests.test_deserialize_extra_key_ignored
  PASS Z42JsonDeserializeTests.test_roundtrip
  PASS Z42JsonDeserializeTests.test_deserialize_non_generic_entry
  PASS Z42JsonDeserializeTests.test_deserialize_list_of_int
  PASS Z42JsonDeserializeTests.test_deserialize_empty_list
  PASS Z42JsonDeserializeTests.test_deserialize_dict_string_int
  PASS Z42JsonDeserializeTests.test_deserialize_collections_as_fields
  PASS Z42JsonDeserializeTests.test_deserialize_dict_of_objects
  PASS Z42JsonDeserializeTests.test_deserialize_list_of_objects
  PASS Z42JsonDeserializeTests.test_deserialize_collections_roundtrip
  PASS Z42JsonDeserializeTests.test_deserialize_dict_nonstring_key_throws

  Result: 18 passed, 0 failed, 0 skipped

── test target: json_path ──
compiled: /Users/d.s.qiu/Documents/codesigner-ui/z42-callarity/src/libraries/z42.json/artifacts/z42.json/debug/build/app.zpkg
compiled: /Users/d.s.qiu/Documents/codesigner-ui/z42-callarity/src/libraries/z42.json/artifacts/test-targets/json_path/build/app.zpkg
  PASS Z42JsonPathTests.test_select_simple_key
  PASS Z42JsonPathTests.test_select_long_value
  PASS Z42JsonPathTests.test_select_nested_object_key
  PASS Z42JsonPathTests.test_select_array_index
  PASS Z42JsonPathTests.test_select_second_array_element
  PASS Z42JsonPathTests.test_select_without_dollar_anchor
  PASS Z42JsonPathTests.test_select_missing_key_returns_null
  PASS Z42JsonPathTests.test_select_oor_index_returns_null
  PASS Z42JsonPathTests.test_select_wrong_kind_step_returns_null
  PASS Z42JsonPathTests.test_select_bracket_quoted_key_with_special_char
  PASS Z42JsonPathTests.test_select_bracket_index_only
  PASS Z42JsonPathTests.test_select_root_only_returns_full_value
  PASS Z42JsonPathTests.test_select_null_root_returns_null
  PASS Z42JsonPathTests.test_select_malformed_double_dot_throws
  PASS Z42JsonPathTests.test_select_unterminated_bracket_throws
  PASS Z42JsonPathTests.test_select_unsupported_wildcard_throws

  Result: 16 passed, 0 failed, 0 skipped

── test target: json_stream ──
compiled: /Users/d.s.qiu/Documents/codesigner-ui/z42-callarity/src/libraries/z42.json/artifacts/z42.json/debug/build/app.zpkg
compiled: /Users/d.s.qiu/Documents/codesigner-ui/z42-callarity/src/libraries/z42.json/artifacts/test-targets/json_stream/build/app.zpkg
  PASS Z42JsonStreamTests.test_parse_from_memory_stream
  PASS Z42JsonStreamTests.test_parse_from_file_stream
  PASS Z42JsonStreamTests.test_parse_utf8_multibyte
  PASS Z42JsonStreamTests.test_write_to_memory_stream_compact
  PASS Z42JsonStreamTests.test_write_to_pretty
  PASS Z42JsonStreamTests.test_round_trip_filestream
  PASS Z42JsonStreamTests.test_write_does_not_close_dest

  Result: 7 passed, 0 failed, 0 skipped

── test target: object_index ──
compiled: /Users/d.s.qiu/Documents/codesigner-ui/z42-callarity/src/libraries/z42.json/artifacts/z42.json/debug/build/app.zpkg
compiled: /Users/d.s.qiu/Documents/codesigner-ui/z42-callarity/src/libraries/z42.json/artifacts/test-targets/object_index/build/app.zpkg
  PASS Z42JsonObjectIndexTests.test_object_get_set_contains
  PASS Z42JsonObjectIndexTests.test_object_overwrite_preserves_order_and_value
  PASS Z42JsonObjectIndexTests.test_object_build_many_keys
  PASS Z42JsonObjectIndexTests.test_roundtrip_preserves_key_order
  PASS Z42JsonObjectIndexTests.test_quotestring_runs_and_escapes

  Result: 5 passed, 0 failed, 0 skipped

── test target: parse_basic ──
compiled: /Users/d.s.qiu/Documents/codesigner-ui/z42-callarity/src/libraries/z42.json/artifacts/z42.json/debug/build/app.zpkg
compiled: /Users/d.s.qiu/Documents/codesigner-ui/z42-callarity/src/libraries/z42.json/artifacts/test-targets/parse_basic/build/app.zpkg
  PASS Z42JsonBasicTests.test_parse_null
  PASS Z42JsonBasicTests.test_parse_true
  PASS Z42JsonBasicTests.test_parse_false
  PASS Z42JsonBasicTests.test_parse_integer
  PASS Z42JsonBasicTests.test_parse_negative
  PASS Z42JsonBasicTests.test_parse_empty_object
  PASS Z42JsonBasicTests.test_parse_empty_array
  PASS Z42JsonBasicTests.test_simple_object
  PASS Z42JsonBasicTests.test_simple_array
  PASS Z42JsonBasicTests.test_nested_object
  PASS Z42JsonBasicTests.test_nested_array
  PASS Z42JsonBasicTests.test_array_of_objects
  PASS Z42JsonBasicTests.test_whitespace_tolerance
  PASS Z42JsonBasicTests.test_kind_predicates
  PASS Z42JsonBasicTests.test_kind_name

  Result: 15 passed, 0 failed, 0 skipped

── test target: parse_errors ──
compiled: /Users/d.s.qiu/Documents/codesigner-ui/z42-callarity/src/libraries/z42.json/artifacts/z42.json/debug/build/app.zpkg
compiled: /Users/d.s.qiu/Documents/codesigner-ui/z42-callarity/src/libraries/z42.json/artifacts/test-targets/parse_errors/build/app.zpkg
  PASS Z42JsonErrorsTests.test_empty_input_rejected
  PASS Z42JsonErrorsTests.test_unterminated_string
  PASS Z42JsonErrorsTests.test_unterminated_object
  PASS Z42JsonErrorsTests.test_unterminated_array
  PASS Z42JsonErrorsTests.test_missing_colon
  PASS Z42JsonErrorsTests.test_trailing_comma_object_rejected
  PASS Z42JsonErrorsTests.test_trailing_garbage_rejected
  PASS Z42JsonErrorsTests.test_unknown_token
  PASS Z42JsonErrorsTests.test_error_has_line_info
  PASS Z42JsonErrorsTests.test_deep_nesting_rejected
  PASS Z42JsonErrorsTests.test_moderate_nesting_ok

  Result: 11 passed, 0 failed, 0 skipped

── test target: parse_numbers ──
compiled: /Users/d.s.qiu/Documents/codesigner-ui/z42-callarity/src/libraries/z42.json/artifacts/z42.json/debug/build/app.zpkg
compiled: /Users/d.s.qiu/Documents/codesigner-ui/z42-callarity/src/libraries/z42.json/artifacts/test-targets/parse_numbers/build/app.zpkg
  PASS Z42JsonNumbersTests.test_zero
  PASS Z42JsonNumbersTests.test_positive_int
  PASS Z42JsonNumbersTests.test_negative_int
  PASS Z42JsonNumbersTests.test_simple_float
  PASS Z42JsonNumbersTests.test_negative_float
  PASS Z42JsonNumbersTests.test_exponent_lowercase_e
  PASS Z42JsonNumbersTests.test_exponent_uppercase_e_with_plus
  PASS Z42JsonNumbersTests.test_exponent_negative
  PASS Z42JsonNumbersTests.test_int_as_double_promotion
  PASS Z42JsonNumbersTests.test_array_mixed_numbers
  PASS Z42JsonNumbersTests.test_integer_overflow_falls_back_to_double
  PASS Z42JsonNumbersTests.test_max_i64_still_parses_as_long

  Result: 12 passed, 0 failed, 0 skipped

── test target: parse_relaxed ──
compiled: /Users/d.s.qiu/Documents/codesigner-ui/z42-callarity/src/libraries/z42.json/artifacts/z42.json/debug/build/app.zpkg
compiled: /Users/d.s.qiu/Documents/codesigner-ui/z42-callarity/src/libraries/z42.json/artifacts/test-targets/parse_relaxed/build/app.zpkg
  PASS Z42JsonParseRelaxedTests.test_line_comment_before_value
  PASS Z42JsonParseRelaxedTests.test_line_comment_between_key_value
  PASS Z42JsonParseRelaxedTests.test_line_comment_to_eof
  PASS Z42JsonParseRelaxedTests.test_block_comment_before_value
  PASS Z42JsonParseRelaxedTests.test_block_comment_multiline
  PASS Z42JsonParseRelaxedTests.test_block_comment_inside_object
  PASS Z42JsonParseRelaxedTests.test_unterminated_block_comment_throws
  PASS Z42JsonParseRelaxedTests.test_array_trailing_comma
  PASS Z42JsonParseRelaxedTests.test_array_trailing_comma_with_whitespace
  PASS Z42JsonParseRelaxedTests.test_array_trailing_comma_with_comment
  PASS Z42JsonParseRelaxedTests.test_object_trailing_comma
  PASS Z42JsonParseRelaxedTests.test_object_trailing_comma_with_comment
  PASS Z42JsonParseRelaxedTests.test_tsconfig_style
  PASS Z42JsonParseRelaxedTests.test_strict_rejects_line_comment
  PASS Z42JsonParseRelaxedTests.test_strict_rejects_block_comment
  PASS Z42JsonParseRelaxedTests.test_strict_rejects_trailing_comma_array
  PASS Z42JsonParseRelaxedTests.test_strict_rejects_trailing_comma_object
  PASS Z42JsonParseRelaxedTests.test_relaxed_rejects_unquoted_key
  PASS Z42JsonParseRelaxedTests.test_relaxed_rejects_missing_value
  PASS Z42JsonParseRelaxedTests.test_string_containing_slash_unaffected
  PASS Z42JsonParseRelaxedTests.test_string_containing_block_comment_syntax_unaffected
  PASS Z42JsonParseRelaxedTests.test_relaxed_accepts_positive_infinity
  PASS Z42JsonParseRelaxedTests.test_relaxed_accepts_negative_infinity
  PASS Z42JsonParseRelaxedTests.test_relaxed_accepts_plus_infinity
  PASS Z42JsonParseRelaxedTests.test_relaxed_accepts_nan
  PASS Z42JsonParseRelaxedTests.test_relaxed_accepts_special_float_in_array
  PASS Z42JsonParseRelaxedTests.test_strict_rejects_nan
  PASS Z42JsonParseRelaxedTests.test_strict_rejects_infinity
  PASS Z42JsonParseRelaxedTests.test_relaxed_negative_number_still_works

  Result: 29 passed, 0 failed, 0 skipped

── test target: parse_strings ──
compiled: /Users/d.s.qiu/Documents/codesigner-ui/z42-callarity/src/libraries/z42.json/artifacts/z42.json/debug/build/app.zpkg
compiled: /Users/d.s.qiu/Documents/codesigner-ui/z42-callarity/src/libraries/z42.json/artifacts/test-targets/parse_strings/build/app.zpkg
  PASS Z42JsonStringsTests.test_simple_string
  PASS Z42JsonStringsTests.test_empty_string
  PASS Z42JsonStringsTests.test_escape_newline
  PASS Z42JsonStringsTests.test_escape_tab
  PASS Z42JsonStringsTests.test_escape_quote
  PASS Z42JsonStringsTests.test_escape_backslash
  PASS Z42JsonStringsTests.test_escape_solidus_allowed
  PASS Z42JsonStringsTests.test_unicode_bmp
  PASS Z42JsonStringsTests.test_unicode_surrogate_pair
  PASS Z42JsonStringsTests.test_string_with_special_chars_unescaped

  Result: 10 passed, 0 failed, 0 skipped

── test target: serialize ──
compiled: /Users/d.s.qiu/Documents/codesigner-ui/z42-callarity/src/libraries/z42.json/artifacts/z42.json/debug/build/app.zpkg
compiled: /Users/d.s.qiu/Documents/codesigner-ui/z42-callarity/src/libraries/z42.json/artifacts/test-targets/serialize/build/app.zpkg
  PASS Z42JsonSerializeTests.test_serialize_primitive_fields_exact
  PASS Z42JsonSerializeTests.test_serialize_fields_and_properties
  PASS Z42JsonSerializeTests.test_serialize_field_jsonproperty_and_ignore
  PASS Z42JsonSerializeTests.test_serialize_property_jsonproperty_and_ignore
  PASS Z42JsonSerializeTests.test_serialize_nested_object
  PASS Z42JsonSerializeTests.test_serialize_array
  PASS Z42JsonSerializeTests.test_serialize_null_member
  PASS Z42JsonSerializeTests.test_serialize_pretty_has_newlines
  PASS Z42JsonSerializeTests.test_serialize_list_of_int
  PASS Z42JsonSerializeTests.test_serialize_empty_list
  PASS Z42JsonSerializeTests.test_serialize_dict_string_int
  PASS Z42JsonSerializeTests.test_serialize_collections_as_fields
  PASS Z42JsonSerializeTests.test_serialize_list_of_objects

  Result: 13 passed, 0 failed, 0 skipped

── test target: stringify ──
compiled: /Users/d.s.qiu/Documents/codesigner-ui/z42-callarity/src/libraries/z42.json/artifacts/z42.json/debug/build/app.zpkg
compiled: /Users/d.s.qiu/Documents/codesigner-ui/z42-callarity/src/libraries/z42.json/artifacts/test-targets/stringify/build/app.zpkg
  PASS Z42JsonStringifyTests.test_stringify_simple_compact
  PASS Z42JsonStringifyTests.test_stringify_pretty_has_newlines
  PASS Z42JsonStringifyTests.test_round_trip_object
  PASS Z42JsonStringifyTests.test_round_trip_nested
  PASS Z42JsonStringifyTests.test_stringify_null
  PASS Z42JsonStringifyTests.test_stringify_bool
  PASS Z42JsonStringifyTests.test_stringify_escapes_control_chars
  PASS Z42JsonStringifyTests.test_empty_array_compact
  PASS Z42JsonStringifyTests.test_empty_object_compact

  Result: 9 passed, 0 failed, 0 skipped

── z42.net (test, z42b) : 50 unit(s) ──

── test target: dns ──
compiled: /Users/d.s.qiu/Documents/codesigner-ui/z42-callarity/src/libraries/z42.net/artifacts/z42.net/debug/build/app.zpkg
compiled: /Users/d.s.qiu/Documents/codesigner-ui/z42-callarity/src/libraries/z42.net/artifacts/test-targets/dns/build/app.zpkg
  PASS Z42NetDnsTests.test_lookup_localhost_returns_at_least_one_address
  PASS Z42NetDnsTests.test_lookup_numeric_ipv4_round_trips
  PASS Z42NetDnsTests.test_lookup_numeric_ipv6_round_trips
  PASS Z42NetDnsTests.test_lookup_localhost_contains_loopback

  Result: 4 passed, 0 failed, 0 skipped

── test target: http_auth_helpers ──
compiled: /Users/d.s.qiu/Documents/codesigner-ui/z42-callarity/src/libraries/z42.net/artifacts/z42.net/debug/build/app.zpkg
compiled: /Users/d.s.qiu/Documents/codesigner-ui/z42-callarity/src/libraries/z42.net/artifacts/test-targets/http_auth_helpers/build/app.zpkg
  PASS Z42NetHttpAuthHelpersTests.test_basic_auth_rfc7617_aladdin_open_sesame
  PASS Z42NetHttpAuthHelpersTests.test_basic_auth_overwrites_existing_header
  PASS Z42NetHttpAuthHelpersTests.test_basic_auth_empty_password
  PASS Z42NetHttpAuthHelpersTests.test_bearer_token_format
  PASS Z42NetHttpAuthHelpersTests.test_bearer_overwrites_existing_basic
  PASS Z42NetHttpAuthHelpersTests.test_builder_chaining_with_other_setters

  Result: 6 passed, 0 failed, 0 skipped

── test target: http_auto_decompress ──
compiled: /Users/d.s.qiu/Documents/codesigner-ui/z42-callarity/src/libraries/z42.net/artifacts/z42.net/debug/build/app.zpkg
compiled: /Users/d.s.qiu/Documents/codesigner-ui/z42-callarity/src/libraries/z42.net/artifacts/test-targets/http_auto_decompress/build/app.zpkg
  PASS Z42NetHttpAutoDecompressTests.test_auto_decompress_default_is_off
  PASS Z42NetHttpAutoDecompressTests.test_set_auto_decompress_round_trips
  PASS Z42NetHttpAutoDecompressTests.test_set_auto_decompress_independent_per_instance

  Result: 3 passed, 0 failed, 0 skipped

── test target: http_brotli_decode ──
compiled: /Users/d.s.qiu/Documents/codesigner-ui/z42-callarity/src/libraries/z42.net/artifacts/z42.net/debug/build/app.zpkg
compiled: /Users/d.s.qiu/Documents/codesigner-ui/z42-callarity/src/libraries/z42.net/artifacts/test-targets/http_brotli_decode/build/app.zpkg
  PASS Z42NetHttpBrotliDecodeTests.test_accept_encoding_default_advertises_gzip_and_br
  PASS Z42NetHttpBrotliDecodeTests.test_brotli_response_decoded_into_body
  PASS Z42NetHttpBrotliDecodeTests.test_brotli_response_case_insensitive_encoding_header
  PASS Z42NetHttpBrotliDecodeTests.test_explicit_accept_encoding_not_overwritten

  Result: 4 passed, 0 failed, 0 skipped

── test target: http_chunked ──
compiled: /Users/d.s.qiu/Documents/codesigner-ui/z42-callarity/src/libraries/z42.net/artifacts/z42.net/debug/build/app.zpkg
compiled: /Users/d.s.qiu/Documents/codesigner-ui/z42-callarity/src/libraries/z42.net/artifacts/test-targets/http_chunked/build/app.zpkg
  PASS Z42NetHttpChunkedTests.test_chunked_response_decoded_correctly
  PASS Z42NetHttpChunkedTests.test_chunked_with_extension_strips_metadata
  PASS Z42NetHttpChunkedTests.test_chunked_oversize_chunk_size_rejected

  Result: 3 passed, 0 failed, 0 skipped

── test target: http_cookie_jar_e2e ──
compiled: /Users/d.s.qiu/Documents/codesigner-ui/z42-callarity/src/libraries/z42.net/artifacts/z42.net/debug/build/app.zpkg
compiled: /Users/d.s.qiu/Documents/codesigner-ui/z42-callarity/src/libraries/z42.net/artifacts/test-targets/http_cookie_jar_e2e/build/app.zpkg
  PASS Z42NetHttpCookieJarE2ETests.test_jar_round_trip_against_server
  PASS Z42NetHttpCookieJarE2ETests.test_jar_replaces_cookie_with_same_name_domain_path
  PASS Z42NetHttpCookieJarE2ETests.test_jar_multiple_cookies_combined
  PASS Z42NetHttpCookieJarE2ETests.test_jar_excludes_expired
  PASS Z42NetHttpCookieJarE2ETests.test_jar_includes_session_cookie

  Result: 5 passed, 0 failed, 0 skipped

── test target: http_cookie_matching ──
compiled: /Users/d.s.qiu/Documents/codesigner-ui/z42-callarity/src/libraries/z42.net/artifacts/z42.net/debug/build/app.zpkg
compiled: /Users/d.s.qiu/Documents/codesigner-ui/z42-callarity/src/libraries/z42.net/artifacts/test-targets/http_cookie_matching/build/app.zpkg
  PASS Z42NetHttpCookieMatchingTests.test_exact_domain_match
  PASS Z42NetHttpCookieMatchingTests.test_subdomain_suffix_match
  PASS Z42NetHttpCookieMatchingTests.test_path_prefix_match
  PASS Z42NetHttpCookieMatchingTests.test_root_path_matches_all
  PASS Z42NetHttpCookieMatchingTests.test_secure_flag_blocks_plain_http
  PASS Z42NetHttpCookieMatchingTests.test_empty_domain_matches_any_host
  PASS Z42NetHttpCookieMatchingTests.test_leading_dot_domain_stripped_for_compare

  Result: 7 passed, 0 failed, 0 skipped

── test target: http_cookie_parse ──
compiled: /Users/d.s.qiu/Documents/codesigner-ui/z42-callarity/src/libraries/z42.net/artifacts/z42.net/debug/build/app.zpkg
compiled: /Users/d.s.qiu/Documents/codesigner-ui/z42-callarity/src/libraries/z42.net/artifacts/test-targets/http_cookie_parse/build/app.zpkg
  PASS Z42NetHttpCookieParseTests.test_parse_simple_name_value
  PASS Z42NetHttpCookieParseTests.test_parse_with_all_attributes
  PASS Z42NetHttpCookieParseTests.test_parse_attribute_case_insensitive
  PASS Z42NetHttpCookieParseTests.test_parse_no_value
  PASS Z42NetHttpCookieParseTests.test_parse_malformed_no_eq_returns_null
  PASS Z42NetHttpCookieParseTests.test_parse_strips_leading_dot_from_domain
  PASS Z42NetHttpCookieParseTests.test_default_path_from_request
  PASS Z42NetHttpCookieParseTests.test_max_age_negative_expires_immediately

  Result: 8 passed, 0 failed, 0 skipped

── test target: http_cookie_persist ──
compiled: /Users/d.s.qiu/Documents/codesigner-ui/z42-callarity/src/libraries/z42.net/artifacts/z42.net/debug/build/app.zpkg
compiled: /Users/d.s.qiu/Documents/codesigner-ui/z42-callarity/src/libraries/z42.net/artifacts/test-targets/http_cookie_persist/build/app.zpkg
  PASS Z42NetCookiePersistTests.test_save_then_load_roundtrip_preserves_cookies
  PASS Z42NetCookiePersistTests.test_load_decodes_http_only_marker
  PASS Z42NetCookiePersistTests.test_load_skips_comments_and_blank_lines
  PASS Z42NetCookiePersistTests.test_load_skips_malformed_lines
  PASS Z42NetCookiePersistTests.test_save_writes_netscape_header

  Result: 5 passed, 0 failed, 0 skipped

── test target: http_cookies_auto ──
compiled: /Users/d.s.qiu/Documents/codesigner-ui/z42-callarity/src/libraries/z42.net/artifacts/z42.net/debug/build/app.zpkg
compiled: /Users/d.s.qiu/Documents/codesigner-ui/z42-callarity/src/libraries/z42.net/artifacts/test-targets/http_cookies_auto/build/app.zpkg
  PASS Z42NetHttpCookiesAutoTests.test_auto_cookie_round_trip
  PASS Z42NetHttpCookiesAutoTests.test_no_jar_means_no_cookies_sent
  PASS Z42NetHttpCookiesAutoTests.test_explicit_cookie_header_overrides_jar
  PASS Z42NetHttpCookiesAutoTests.test_get_cookie_jar_returns_attached_jar

  Result: 4 passed, 0 failed, 0 skipped

── test target: http_digest_md5 ──
compiled: /Users/d.s.qiu/Documents/codesigner-ui/z42-callarity/src/libraries/z42.net/artifacts/z42.net/debug/build/app.zpkg
compiled: /Users/d.s.qiu/Documents/codesigner-ui/z42-callarity/src/libraries/z42.net/artifacts/test-targets/http_digest_md5/build/app.zpkg
  PASS Z42NetHttpDigestMd5Tests.test_digest_md5_round_trip_with_realm_and_qop
  PASS Z42NetHttpDigestMd5Tests.test_digest_response_hash_matches_rfc_2617_inputs
  PASS Z42NetHttpDigestMd5Tests.test_digest_no_credentials_no_retry
  PASS Z42NetHttpDigestMd5Tests.test_digest_only_one_retry
  PASS Z42NetHttpDigestMd5Tests.test_digest_qop_auth_int_round_trip

  Result: 5 passed, 0 failed, 0 skipped

── test target: http_digest_sha256 ──
compiled: /Users/d.s.qiu/Documents/codesigner-ui/z42-callarity/src/libraries/z42.net/artifacts/z42.net/debug/build/app.zpkg
compiled: /Users/d.s.qiu/Documents/codesigner-ui/z42-callarity/src/libraries/z42.net/artifacts/test-targets/http_digest_sha256/build/app.zpkg
  PASS Z42NetHttpDigestSha256Tests.test_digest_sha256_round_trip_uses_sha256_hash_chain
  PASS Z42NetHttpDigestSha256Tests.test_digest_unsupported_algorithm_throws

  Result: 2 passed, 0 failed, 0 skipped

── test target: http_get_basic ──
compiled: /Users/d.s.qiu/Documents/codesigner-ui/z42-callarity/src/libraries/z42.net/artifacts/z42.net/debug/build/app.zpkg
compiled: /Users/d.s.qiu/Documents/codesigner-ui/z42-callarity/src/libraries/z42.net/artifacts/test-targets/http_get_basic/build/app.zpkg
  PASS Z42NetHttpGetBasicTests.test_get_returns_200_ok_with_body
  PASS Z42NetHttpGetBasicTests.test_404_not_found

  Result: 2 passed, 0 failed, 0 skipped

── test target: http_headers ──
compiled: /Users/d.s.qiu/Documents/codesigner-ui/z42-callarity/src/libraries/z42.net/artifacts/z42.net/debug/build/app.zpkg
compiled: /Users/d.s.qiu/Documents/codesigner-ui/z42-callarity/src/libraries/z42.net/artifacts/test-targets/http_headers/build/app.zpkg
  PASS Z42NetHttpHeadersTests.test_case_insensitive_get
  PASS Z42NetHttpHeadersTests.test_get_missing_returns_null
  PASS Z42NetHttpHeadersTests.test_set_replaces
  PASS Z42NetHttpHeadersTests.test_add_multi_value
  PASS Z42NetHttpHeadersTests.test_remove_all_matches
  PASS Z42NetHttpHeadersTests.test_contains
  PASS Z42NetHttpHeadersTests.test_iteration_preserves_insertion_order

  Result: 7 passed, 0 failed, 0 skipped

── test target: http_https_url ──
compiled: /Users/d.s.qiu/Documents/codesigner-ui/z42-callarity/src/libraries/z42.net/artifacts/z42.net/debug/build/app.zpkg
compiled: /Users/d.s.qiu/Documents/codesigner-ui/z42-callarity/src/libraries/z42.net/artifacts/test-targets/http_https_url/build/app.zpkg
  PASS Z42NetHttpsUrlTests.test_https_url_parses_with_default_port_443
  PASS Z42NetHttpsUrlTests.test_https_url_explicit_port_preserved
  PASS Z42NetHttpsUrlTests.test_http_url_still_defaults_to_80
  PASS Z42NetHttpsUrlTests.test_streaming_over_https_throws_not_supported

  Result: 4 passed, 0 failed, 0 skipped

── test target: http_keepalive ──
compiled: /Users/d.s.qiu/Documents/codesigner-ui/z42-callarity/src/libraries/z42.net/artifacts/z42.net/debug/build/app.zpkg
compiled: /Users/d.s.qiu/Documents/codesigner-ui/z42-callarity/src/libraries/z42.net/artifacts/test-targets/http_keepalive/build/app.zpkg
  PASS Z42NetHttpKeepAliveTests.test_keepalive_reuses_single_tcp_connection_across_two_gets
  PASS Z42NetHttpKeepAliveTests.test_keepalive_off_uses_close_header_and_separate_connections
  PASS Z42NetHttpKeepAliveTests.test_keepalive_dispose_closes_pooled_connection

  Result: 3 passed, 0 failed, 0 skipped

── test target: http_post ──
compiled: /Users/d.s.qiu/Documents/codesigner-ui/z42-callarity/src/libraries/z42.net/artifacts/z42.net/debug/build/app.zpkg
compiled: /Users/d.s.qiu/Documents/codesigner-ui/z42-callarity/src/libraries/z42.net/artifacts/test-targets/http_post/build/app.zpkg
  PASS Z42NetHttpPostTests.test_post_string_body_with_json_content_type

  Result: 1 passed, 0 failed, 0 skipped

── test target: http_redirects ──
compiled: /Users/d.s.qiu/Documents/codesigner-ui/z42-callarity/src/libraries/z42.net/artifacts/z42.net/debug/build/app.zpkg
compiled: /Users/d.s.qiu/Documents/codesigner-ui/z42-callarity/src/libraries/z42.net/artifacts/test-targets/http_redirects/build/app.zpkg
  PASS Z42NetHttpRedirectsTests.test_disabled_by_default
  PASS Z42NetHttpRedirectsTests.test_302_follows_to_new_path
  PASS Z42NetHttpRedirectsTests.test_303_switches_post_to_get_and_drops_body
  PASS Z42NetHttpRedirectsTests.test_307_preserves_method_and_body
  PASS Z42NetHttpRedirectsTests.test_redirect_loop_exceeds_max_throws
  PASS Z42NetHttpRedirectsTests.test_absolute_url_redirect
  PASS Z42NetHttpRedirectsTests.test_302_without_location_returns_as_is

  Result: 7 passed, 0 failed, 0 skipped

── test target: http_server_basic ──
compiled: /Users/d.s.qiu/Documents/codesigner-ui/z42-callarity/src/libraries/z42.net/artifacts/z42.net/debug/build/app.zpkg
compiled: /Users/d.s.qiu/Documents/codesigner-ui/z42-callarity/src/libraries/z42.net/artifacts/test-targets/http_server_basic/build/app.zpkg
  PASS Z42NetHttpServerBasicTests.test_server_handles_get_with_text_response
  PASS Z42NetHttpServerBasicTests.test_server_send_status_404
  PASS Z42NetHttpServerBasicTests.test_server_sends_json
  PASS Z42NetHttpServerBasicTests.test_server_local_port_recorded_after_bind
  PASS Z42NetHttpServerBasicTests.test_local_port_before_bind_throws

  Result: 5 passed, 0 failed, 0 skipped

── test target: http_server_pool ──
compiled: /Users/d.s.qiu/Documents/codesigner-ui/z42-callarity/src/libraries/z42.net/artifacts/z42.net/debug/build/app.zpkg
compiled: /Users/d.s.qiu/Documents/codesigner-ui/z42-callarity/src/libraries/z42.net/artifacts/test-targets/http_server_pool/build/app.zpkg
  PASS Z42NetHttpServerPoolTests.test_serve_with_pool_handles_concurrent_clients
  PASS Z42NetHttpServerPoolTests.test_serve_with_pool_sequential_calls
  PASS Z42NetHttpServerPoolTests.test_serve_with_pool_rejects_bad_worker_count
  PASS Z42NetHttpServerPoolTests.test_serve_with_pool_rejects_bad_queue_size

  Result: 4 passed, 0 failed, 0 skipped

── test target: http_server_post ──
compiled: /Users/d.s.qiu/Documents/codesigner-ui/z42-callarity/src/libraries/z42.net/artifacts/z42.net/debug/build/app.zpkg
compiled: /Users/d.s.qiu/Documents/codesigner-ui/z42-callarity/src/libraries/z42.net/artifacts/test-targets/http_server_post/build/app.zpkg
  PASS Z42NetHttpServerPostTests.test_handler_receives_post_body
  PASS Z42NetHttpServerPostTests.test_handler_receives_json_body
  PASS Z42NetHttpServerPostTests.test_empty_get_request_no_body

  Result: 3 passed, 0 failed, 0 skipped

── test target: http_server_routing ──
compiled: /Users/d.s.qiu/Documents/codesigner-ui/z42-callarity/src/libraries/z42.net/artifacts/z42.net/debug/build/app.zpkg
compiled: /Users/d.s.qiu/Documents/codesigner-ui/z42-callarity/src/libraries/z42.net/artifacts/test-targets/http_server_routing/build/app.zpkg
  PASS Z42NetHttpServerRoutingTests.test_handler_dispatches_by_path
  PASS Z42NetHttpServerRoutingTests.test_query_string_preserved_in_url
  PASS Z42NetHttpServerRoutingTests.test_handler_throws_yields_500
  PASS Z42NetHttpServerRoutingTests.test_handler_forgets_send_yields_500

  Result: 4 passed, 0 failed, 0 skipped

── test target: http_server_threaded ──
compiled: /Users/d.s.qiu/Documents/codesigner-ui/z42-callarity/src/libraries/z42.net/artifacts/z42.net/debug/build/app.zpkg
compiled: /Users/d.s.qiu/Documents/codesigner-ui/z42-callarity/src/libraries/z42.net/artifacts/test-targets/http_server_threaded/build/app.zpkg
  PASS Z42NetHttpServerThreadedTests.test_serve_threaded_handles_concurrent_clients
  PASS Z42NetHttpServerThreadedTests.test_serve_threaded_handles_sequential_calls

  Result: 2 passed, 0 failed, 0 skipped

── test target: http_stream_body ──
compiled: /Users/d.s.qiu/Documents/codesigner-ui/z42-callarity/src/libraries/z42.net/artifacts/z42.net/debug/build/app.zpkg
compiled: /Users/d.s.qiu/Documents/codesigner-ui/z42-callarity/src/libraries/z42.net/artifacts/test-targets/http_stream_body/build/app.zpkg
  PASS Z42NetHttpStreamBodyTests.test_send_streaming_content_length_incremental_read
  PASS Z42NetHttpStreamBodyTests.test_send_streaming_chunked_decode
  PASS Z42NetHttpStreamBodyTests.test_send_streaming_chunked_read_across_chunk_boundaries
  PASS Z42NetHttpStreamBodyTests.test_send_streaming_zero_content_length_empty_body
  PASS Z42NetHttpStreamBodyTests.test_send_streaming_eof_framing

  Result: 5 passed, 0 failed, 0 skipped

── test target: http_timeout ──
compiled: /Users/d.s.qiu/Documents/codesigner-ui/z42-callarity/src/libraries/z42.net/artifacts/z42.net/debug/build/app.zpkg
compiled: /Users/d.s.qiu/Documents/codesigner-ui/z42-callarity/src/libraries/z42.net/artifacts/test-targets/http_timeout/build/app.zpkg
  PASS Z42NetHttpTimeoutTests.test_timeout_default_is_zero
  PASS Z42NetHttpTimeoutTests.test_set_timeout_round_trip
  PASS Z42NetHttpTimeoutTests.test_timeout_fires_on_silent_server

  Result: 3 passed, 0 failed, 0 skipped

── test target: http_url_scheme_errors ──
compiled: /Users/d.s.qiu/Documents/codesigner-ui/z42-callarity/src/libraries/z42.net/artifacts/z42.net/debug/build/app.zpkg
compiled: /Users/d.s.qiu/Documents/codesigner-ui/z42-callarity/src/libraries/z42.net/artifacts/test-targets/http_url_scheme_errors/build/app.zpkg
  PASS Z42NetHttpUrlSchemeErrorsTests.test_malformed_url_throws_format
  PASS Z42NetHttpUrlSchemeErrorsTests.test_unknown_scheme_throws_format

  Result: 2 passed, 0 failed, 0 skipped

── test target: ipaddress ──
compiled: /Users/d.s.qiu/Documents/codesigner-ui/z42-callarity/src/libraries/z42.net/artifacts/z42.net/debug/build/app.zpkg
compiled: /Users/d.s.qiu/Documents/codesigner-ui/z42-callarity/src/libraries/z42.net/artifacts/test-targets/ipaddress/build/app.zpkg
  PASS Z42NetIPAddressTests.test_parse_ipv4_dotted_quad
  PASS Z42NetIPAddressTests.test_parse_ipv4_zero
  PASS Z42NetIPAddressTests.test_parse_ipv4_max
  PASS Z42NetIPAddressTests.test_parse_ipv4_loopback
  PASS Z42NetIPAddressTests.test_parse_ipv4_rejects_oct_over_255
  PASS Z42NetIPAddressTests.test_parse_ipv4_rejects_too_few_octets
  PASS Z42NetIPAddressTests.test_parse_ipv4_rejects_empty_octet
  PASS Z42NetIPAddressTests.test_parse_ipv4_rejects_non_digit
  PASS Z42NetIPAddressTests.test_ipv4_get_address_bytes
  PASS Z42NetIPAddressTests.test_loopback_constant
  PASS Z42NetIPAddressTests.test_any_constant
  PASS Z42NetIPAddressTests.test_multicast_detection_ipv4
  PASS Z42NetIPAddressTests.test_parse_ipv6_full_form
  PASS Z42NetIPAddressTests.test_parse_ipv6_double_colon_short
  PASS Z42NetIPAddressTests.test_parse_ipv6_all_zero
  PASS Z42NetIPAddressTests.test_parse_ipv6_middle_compression
  PASS Z42NetIPAddressTests.test_parse_ipv6_rejects_two_double_colons
  PASS Z42NetIPAddressTests.test_parse_ipv6_rejects_oversized_group
  PASS Z42NetIPAddressTests.test_parse_ipv6_rejects_too_many_groups
  PASS Z42NetIPAddressTests.test_parse_ipv6_rejects_too_few_groups_without_compression
  PASS Z42NetIPAddressTests.test_ipv6_loopback_factory
  PASS Z42NetIPAddressTests.test_ipv6_any_factory
  PASS Z42NetIPAddressTests.test_ipv6_multicast_ff00
  PASS Z42NetIPAddressTests.test_ipv6_get_address_bytes_length_16
  PASS Z42NetIPAddressTests.test_ipv6_hex_case_normalised_to_lower
  PASS Z42NetIPAddressTests.test_parse_empty_throws
  PASS Z42NetIPAddressTests.test_parse_no_separator_throws
  PASS Z42NetIPAddressTests.test_equals_same_address
  PASS Z42NetIPAddressTests.test_equals_mismatched_family_false
  PASS Z42NetIPAddressTests.test_family_constants

  Result: 30 passed, 0 failed, 0 skipped

── test target: ipaddress_tryparse ──
compiled: /Users/d.s.qiu/Documents/codesigner-ui/z42-callarity/src/libraries/z42.net/artifacts/z42.net/debug/build/app.zpkg
compiled: /Users/d.s.qiu/Documents/codesigner-ui/z42-callarity/src/libraries/z42.net/artifacts/test-targets/ipaddress_tryparse/build/app.zpkg
  PASS Z42NetIPAddressTryParseTests.test_tryparse_valid_ipv4
  PASS Z42NetIPAddressTryParseTests.test_tryparse_valid_ipv6
  PASS Z42NetIPAddressTryParseTests.test_tryparse_valid_v4mapped
  PASS Z42NetIPAddressTryParseTests.test_tryparse_invalid_returns_null

  Result: 4 passed, 0 failed, 0 skipped

── test target: ipaddress_v4mapped ──
compiled: /Users/d.s.qiu/Documents/codesigner-ui/z42-callarity/src/libraries/z42.net/artifacts/z42.net/debug/build/app.zpkg
compiled: /Users/d.s.qiu/Documents/codesigner-ui/z42-callarity/src/libraries/z42.net/artifacts/test-targets/ipaddress_v4mapped/build/app.zpkg
  PASS Z42NetIPAddressV4MappedTests.test_v4mapped_ffff
  PASS Z42NetIPAddressV4MappedTests.test_v4mapped_equals_hex_form
  PASS Z42NetIPAddressV4MappedTests.test_v4compatible
  PASS Z42NetIPAddressV4MappedTests.test_v4_with_ipv6_prefix
  PASS Z42NetIPAddressV4MappedTests.test_v4mapped_round_trips_via_tostring
  PASS Z42NetIPAddressV4MappedTests.test_v4mapped_invalid_octet_throws
  PASS Z42NetIPAddressV4MappedTests.test_v4mapped_too_few_octets_throws

  Result: 7 passed, 0 failed, 0 skipped

── test target: ipendpoint ──
compiled: /Users/d.s.qiu/Documents/codesigner-ui/z42-callarity/src/libraries/z42.net/artifacts/z42.net/debug/build/app.zpkg
compiled: /Users/d.s.qiu/Documents/codesigner-ui/z42-callarity/src/libraries/z42.net/artifacts/test-targets/ipendpoint/build/app.zpkg
  PASS Z42NetIPEndPointTests.test_construct_with_ipv4
  PASS Z42NetIPEndPointTests.test_construct_with_ipv6
  PASS Z42NetIPEndPointTests.test_construct_null_address_throws
  PASS Z42NetIPEndPointTests.test_construct_port_below_zero_throws
  PASS Z42NetIPEndPointTests.test_construct_port_above_65535_throws
  PASS Z42NetIPEndPointTests.test_construct_port_edges_0_and_65535_ok
  PASS Z42NetIPEndPointTests.test_tostring_ipv4_addr_port
  PASS Z42NetIPEndPointTests.test_tostring_ipv6_brackets
  PASS Z42NetIPEndPointTests.test_tostring_ipv6_full_addr
  PASS Z42NetIPEndPointTests.test_parse_ipv4_addr_port
  PASS Z42NetIPEndPointTests.test_parse_ipv6_bracketed
  PASS Z42NetIPEndPointTests.test_parse_ipv6_bracketed_complex
  PASS Z42NetIPEndPointTests.test_parse_round_trip_ipv4
  PASS Z42NetIPEndPointTests.test_parse_round_trip_ipv6
  PASS Z42NetIPEndPointTests.test_parse_missing_port_throws
  PASS Z42NetIPEndPointTests.test_parse_unbracketed_ipv6_ambiguous_throws
  PASS Z42NetIPEndPointTests.test_parse_port_out_of_range_throws
  PASS Z42NetIPEndPointTests.test_parse_empty_brackets_throws
  PASS Z42NetIPEndPointTests.test_parse_missing_closing_bracket_throws
  PASS Z42NetIPEndPointTests.test_parse_empty_port_throws
  PASS Z42NetIPEndPointTests.test_parse_non_digit_port_throws
  PASS Z42NetIPEndPointTests.test_equals_same_address_and_port
  PASS Z42NetIPEndPointTests.test_equals_different_port
  PASS Z42NetIPEndPointTests.test_equals_different_address_family
  PASS Z42NetIPEndPointTests.test_equals_null_other_returns_false

  Result: 25 passed, 0 failed, 0 skipped

── test target: socket_options ──
compiled: /Users/d.s.qiu/Documents/codesigner-ui/z42-callarity/src/libraries/z42.net/artifacts/z42.net/debug/build/app.zpkg
compiled: /Users/d.s.qiu/Documents/codesigner-ui/z42-callarity/src/libraries/z42.net/artifacts/test-targets/socket_options/build/app.zpkg
  PASS Z42NetSocketOptionsTests.test_tcp_client_set_nodelay_after_connect
  PASS Z42NetSocketOptionsTests.test_tcp_client_set_ttl
  PASS Z42NetSocketOptionsTests.test_tcp_client_set_ttl_out_of_range_throws
  PASS Z42NetSocketOptionsTests.test_tcp_listener_set_ttl
  PASS Z42NetSocketOptionsTests.test_udp_set_ttl
  PASS Z42NetSocketOptionsTests.test_udp_set_ttl_before_bind_throws

  Result: 6 passed, 0 failed, 0 skipped

── test target: tcp_connect_timeout ──
compiled: /Users/d.s.qiu/Documents/codesigner-ui/z42-callarity/src/libraries/z42.net/artifacts/z42.net/debug/build/app.zpkg
compiled: /Users/d.s.qiu/Documents/codesigner-ui/z42-callarity/src/libraries/z42.net/artifacts/test-targets/tcp_connect_timeout/build/app.zpkg
  PASS Z42NetTcpConnectTimeoutTests.test_connect_within_timeout_succeeds
  PASS Z42NetTcpConnectTimeoutTests.test_connect_with_timeout_to_closed_port_throws
  PASS Z42NetTcpConnectTimeoutTests.test_set_connect_timeout_zero_equivalent_to_unset
  PASS Z42NetTcpConnectTimeoutTests.test_set_after_connect_applies_to_next_connect

  Result: 4 passed, 0 failed, 0 skipped

── test target: tcp_disposal ──
compiled: /Users/d.s.qiu/Documents/codesigner-ui/z42-callarity/src/libraries/z42.net/artifacts/z42.net/debug/build/app.zpkg
compiled: /Users/d.s.qiu/Documents/codesigner-ui/z42-callarity/src/libraries/z42.net/artifacts/test-targets/tcp_disposal/build/app.zpkg
  PASS Z42NetTcpDisposalTests.test_dispose_is_idempotent_listener
  PASS Z42NetTcpDisposalTests.test_dispose_is_idempotent_client_unconnected
  PASS Z42NetTcpDisposalTests.test_connect_to_unbound_port_throws_socket_exception
  PASS Z42NetTcpDisposalTests.test_accept_after_stop_throws
  PASS Z42NetTcpDisposalTests.test_get_stream_after_dispose_throws
  PASS Z42NetTcpDisposalTests.test_connect_twice_throws

  Result: 6 passed, 0 failed, 0 skipped

── test target: tcp_keepalive_reuseaddr ──
compiled: /Users/d.s.qiu/Documents/codesigner-ui/z42-callarity/src/libraries/z42.net/artifacts/z42.net/debug/build/app.zpkg
compiled: /Users/d.s.qiu/Documents/codesigner-ui/z42-callarity/src/libraries/z42.net/artifacts/test-targets/tcp_keepalive_reuseaddr/build/app.zpkg
  PASS Z42NetTcpKeepaliveReuseaddrTests.test_set_keepalive_on_connected_socket_succeeds
  PASS Z42NetTcpKeepaliveReuseaddrTests.test_set_keepalive_can_disable
  PASS Z42NetTcpKeepaliveReuseaddrTests.test_set_keepalive_pre_connect_throws
  PASS Z42NetTcpKeepaliveReuseaddrTests.test_set_keepalive_tuned_on_connected_socket_succeeds
  PASS Z42NetTcpKeepaliveReuseaddrTests.test_set_keepalive_tuned_can_disable_ignoring_args
  PASS Z42NetTcpKeepaliveReuseaddrTests.test_set_keepalive_tuned_zero_idle_throws_socket_err
  PASS Z42NetTcpKeepaliveReuseaddrTests.test_set_keepalive_tuned_pre_connect_throws
  PASS Z42NetTcpKeepaliveReuseaddrTests.test_set_reuse_address_pre_bind_succeeds
  PASS Z42NetTcpKeepaliveReuseaddrTests.test_set_reuse_address_post_bind_throws
  PASS Z42NetTcpKeepaliveReuseaddrTests.test_reuse_address_allows_rebind_after_stop

  Result: 10 passed, 0 failed, 0 skipped

── test target: tcp_listener_factory ──
compiled: /Users/d.s.qiu/Documents/codesigner-ui/z42-callarity/src/libraries/z42.net/artifacts/z42.net/debug/build/app.zpkg
compiled: /Users/d.s.qiu/Documents/codesigner-ui/z42-callarity/src/libraries/z42.net/artifacts/test-targets/tcp_listener_factory/build/app.zpkg
  PASS Z42NetTcpListenerFactoryTests.test_create_returns_bound_listener
  PASS Z42NetTcpListenerFactoryTests.test_create_equivalent_to_manual_new_bind

  Result: 2 passed, 0 failed, 0 skipped

── test target: tcp_loopback ──
compiled: /Users/d.s.qiu/Documents/codesigner-ui/z42-callarity/src/libraries/z42.net/artifacts/z42.net/debug/build/app.zpkg
compiled: /Users/d.s.qiu/Documents/codesigner-ui/z42-callarity/src/libraries/z42.net/artifacts/test-targets/tcp_loopback/build/app.zpkg
  PASS Z42NetTcpLoopbackTests.test_loopback_basic_round_trip
  PASS Z42NetTcpLoopbackTests.test_local_port_nonzero_after_bind_zero
  PASS Z42NetTcpLoopbackTests.test_bind_host_recorded

  Result: 3 passed, 0 failed, 0 skipped

── test target: tcp_stream_io ──
compiled: /Users/d.s.qiu/Documents/codesigner-ui/z42-callarity/src/libraries/z42.net/artifacts/z42.net/debug/build/app.zpkg
compiled: /Users/d.s.qiu/Documents/codesigner-ui/z42-callarity/src/libraries/z42.net/artifacts/test-targets/tcp_stream_io/build/app.zpkg
  PASS Z42NetTcpStreamIoTests.test_can_read_can_write_true_can_seek_false
  PASS Z42NetTcpStreamIoTests.test_read_after_close_throws
  PASS Z42NetTcpStreamIoTests.test_write_after_close_throws
  PASS Z42NetTcpStreamIoTests.test_get_stream_returns_cached_instance

  Result: 4 passed, 0 failed, 0 skipped

── test target: udp_connected ──
compiled: /Users/d.s.qiu/Documents/codesigner-ui/z42-callarity/src/libraries/z42.net/artifacts/z42.net/debug/build/app.zpkg
compiled: /Users/d.s.qiu/Documents/codesigner-ui/z42-callarity/src/libraries/z42.net/artifacts/test-targets/udp_connected/build/app.zpkg
  PASS Z42NetUdpConnectedTests.test_default_not_connected
  PASS Z42NetUdpConnectedTests.test_connect_sets_state
  PASS Z42NetUdpConnectedTests.test_send_connected_before_connect_throws
  PASS Z42NetUdpConnectedTests.test_disconnect_clears_state
  PASS Z42NetUdpConnectedTests.test_connect_send_receive_roundtrip
  PASS Z42NetUdpConnectedTests.test_retarget_via_connect
  PASS Z42NetUdpConnectedTests.test_send_connected_full_array_overload

  Result: 7 passed, 0 failed, 0 skipped

── test target: udp_disposal ──
compiled: /Users/d.s.qiu/Documents/codesigner-ui/z42-callarity/src/libraries/z42.net/artifacts/z42.net/debug/build/app.zpkg
compiled: /Users/d.s.qiu/Documents/codesigner-ui/z42-callarity/src/libraries/z42.net/artifacts/test-targets/udp_disposal/build/app.zpkg
  PASS Z42NetUdpDisposalTests.test_dispose_is_idempotent
  PASS Z42NetUdpDisposalTests.test_dispose_unbound_is_noop
  PASS Z42NetUdpDisposalTests.test_bind_after_dispose_throws
  PASS Z42NetUdpDisposalTests.test_send_after_dispose_throws
  PASS Z42NetUdpDisposalTests.test_receive_after_dispose_throws
  PASS Z42NetUdpDisposalTests.test_receive_before_bind_throws
  PASS Z42NetUdpDisposalTests.test_local_port_before_bind_throws
  PASS Z42NetUdpDisposalTests.test_bind_twice_throws

  Result: 8 passed, 0 failed, 0 skipped

── test target: udp_loopback ──
compiled: /Users/d.s.qiu/Documents/codesigner-ui/z42-callarity/src/libraries/z42.net/artifacts/z42.net/debug/build/app.zpkg
compiled: /Users/d.s.qiu/Documents/codesigner-ui/z42-callarity/src/libraries/z42.net/artifacts/test-targets/udp_loopback/build/app.zpkg
  PASS Z42NetUdpLoopbackTests.test_loopback_send_receive_round_trip
  PASS Z42NetUdpLoopbackTests.test_reply_path_using_received_address
  PASS Z42NetUdpLoopbackTests.test_empty_datagram_round_trip
  PASS Z42NetUdpLoopbackTests.test_auto_bind_on_first_send
  PASS Z42NetUdpLoopbackTests.test_local_port_recorded_after_bind

  Result: 5 passed, 0 failed, 0 skipped

── test target: udp_multicast ──
compiled: /Users/d.s.qiu/Documents/codesigner-ui/z42-callarity/src/libraries/z42.net/artifacts/z42.net/debug/build/app.zpkg
compiled: /Users/d.s.qiu/Documents/codesigner-ui/z42-callarity/src/libraries/z42.net/artifacts/test-targets/udp_multicast/build/app.zpkg
  PASS Z42NetUdpMulticastTests.test_join_before_bind_throws
  PASS Z42NetUdpMulticastTests.test_leave_before_bind_throws
  PASS Z42NetUdpMulticastTests.test_join_invalid_multicast_address_throws
  PASS Z42NetUdpMulticastTests.test_join_valid_multicast_address_succeeds
  PASS Z42NetUdpMulticastTests.test_join_with_explicit_interface_succeeds
  PASS Z42NetUdpMulticastTests.test_set_multicast_loop_succeeds_both_states
  PASS Z42NetUdpMulticastTests.test_set_multicast_loop_before_bind_throws
  PASS Z42NetUdpMulticastTests.test_multiple_joins_on_same_socket

  Result: 8 passed, 0 failed, 0 skipped

── test target: udp_recv_into ──
compiled: /Users/d.s.qiu/Documents/codesigner-ui/z42-callarity/src/libraries/z42.net/artifacts/z42.net/debug/build/app.zpkg
compiled: /Users/d.s.qiu/Documents/codesigner-ui/z42-callarity/src/libraries/z42.net/artifacts/test-targets/udp_recv_into/build/app.zpkg
  PASS Z42NetUdpRecvIntoTests.test_recv_into_round_trip_writes_into_buffer
  PASS Z42NetUdpRecvIntoTests.test_recv_into_with_offset_preserves_prefix
  PASS Z42NetUdpRecvIntoTests.test_recv_into_exposes_last_sender_address
  PASS Z42NetUdpRecvIntoTests.test_recv_into_before_bind_throws
  PASS Z42NetUdpRecvIntoTests.test_recv_into_truncates_oversize_datagram

  Result: 5 passed, 0 failed, 0 skipped

── test target: udp_timeout ──
compiled: /Users/d.s.qiu/Documents/codesigner-ui/z42-callarity/src/libraries/z42.net/artifacts/z42.net/debug/build/app.zpkg
compiled: /Users/d.s.qiu/Documents/codesigner-ui/z42-callarity/src/libraries/z42.net/artifacts/test-targets/udp_timeout/build/app.zpkg
  PASS Z42NetUdpTimeoutTests.test_receive_with_short_timeout_throws
  PASS Z42NetUdpTimeoutTests.test_receive_within_timeout_succeeds
  PASS Z42NetUdpTimeoutTests.test_set_write_timeout_send_loopback_succeeds
  PASS Z42NetUdpTimeoutTests.test_set_read_timeout_pre_bind_throws
  PASS Z42NetUdpTimeoutTests.test_set_read_timeout_zero_clears

  Result: 5 passed, 0 failed, 0 skipped

── test target: websocket_deflate ──
compiled: /Users/d.s.qiu/Documents/codesigner-ui/z42-callarity/src/libraries/z42.net/artifacts/z42.net/debug/build/app.zpkg
compiled: /Users/d.s.qiu/Documents/codesigner-ui/z42-callarity/src/libraries/z42.net/artifacts/test-targets/websocket_deflate/build/app.zpkg
  PASS Z42NetWebSocketDeflateTests.test_client_frame_with_rsv1_sets_byte0_bit6
  PASS Z42NetWebSocketDeflateTests.test_server_frame_with_rsv1_sets_byte0_bit6
  PASS Z42NetWebSocketDeflateTests.test_normal_frame_keeps_rsv1_cleared
  PASS Z42NetWebSocketDeflateTests.test_compressed_text_frame_round_trip_via_paired_stream
  PASS Z42NetWebSocketDeflateTests.test_compressed_binary_frame_round_trip
  PASS Z42NetWebSocketDeflateTests.test_deflate_disabled_sends_uncompressed_frame
  PASS Z42NetWebSocketDeflateTests.test_inbound_rsv1_frame_is_decompressed_when_deflate_enabled
  PASS Z42NetWebSocketDeflateTests.test_inbound_rsv1_frame_rejected_when_deflate_disabled
  PASS Z42NetWebSocketDeflateTests.test_deflate_compresses_repetitive_payload

  Result: 9 passed, 0 failed, 0 skipped

── test target: websocket_server ──
compiled: /Users/d.s.qiu/Documents/codesigner-ui/z42-callarity/src/libraries/z42.net/artifacts/z42.net/debug/build/app.zpkg
compiled: /Users/d.s.qiu/Documents/codesigner-ui/z42-callarity/src/libraries/z42.net/artifacts/test-targets/websocket_server/build/app.zpkg
  PASS Z42NetWebSocketServerTests.test_server_construct_initial_not_bound
  PASS Z42NetWebSocketServerTests.test_double_bind_throws
  PASS Z42NetWebSocketServerTests.test_local_port_assigned_by_os_when_zero
  PASS Z42NetWebSocketServerTests.test_local_port_before_bind_throws
  PASS Z42NetWebSocketServerTests.test_stop_is_idempotent
  PASS Z42NetWebSocketServerTests.test_encode_server_frame_no_mask_bit
  PASS Z42NetWebSocketServerTests.test_encode_server_frame_medium_payload_uses_16bit_length
  PASS Z42NetWebSocketServerTests.test_encode_server_frame_payload_not_masked

  Result: 8 passed, 0 failed, 0 skipped

── test target: ws_close ──
compiled: /Users/d.s.qiu/Documents/codesigner-ui/z42-callarity/src/libraries/z42.net/artifacts/z42.net/debug/build/app.zpkg
compiled: /Users/d.s.qiu/Documents/codesigner-ui/z42-callarity/src/libraries/z42.net/artifacts/test-targets/ws_close/build/app.zpkg
  PASS Z42NetWsCloseTests.test_send_after_close_throws
  PASS Z42NetWsCloseTests.test_dispose_is_idempotent
  PASS Z42NetWsCloseTests.test_server_initiated_close_received

  Result: 3 passed, 0 failed, 0 skipped

── test target: ws_echo ──
compiled: /Users/d.s.qiu/Documents/codesigner-ui/z42-callarity/src/libraries/z42.net/artifacts/z42.net/debug/build/app.zpkg
compiled: /Users/d.s.qiu/Documents/codesigner-ui/z42-callarity/src/libraries/z42.net/artifacts/test-targets/ws_echo/build/app.zpkg
  PASS Z42NetWsEchoTests.test_text_echo_round_trip
  PASS Z42NetWsEchoTests.test_binary_echo_round_trip
  PASS Z42NetWsEchoTests.test_large_payload_uses_16bit_length

  Result: 3 passed, 0 failed, 0 skipped

── test target: ws_fragmentation ──
compiled: /Users/d.s.qiu/Documents/codesigner-ui/z42-callarity/src/libraries/z42.net/artifacts/z42.net/debug/build/app.zpkg
compiled: /Users/d.s.qiu/Documents/codesigner-ui/z42-callarity/src/libraries/z42.net/artifacts/test-targets/ws_fragmentation/build/app.zpkg
  PASS Z42NetWsFragmentationTests.test_three_frame_text_message_assembled

  Result: 1 passed, 0 failed, 0 skipped

── test target: ws_handshake ──
compiled: /Users/d.s.qiu/Documents/codesigner-ui/z42-callarity/src/libraries/z42.net/artifacts/z42.net/debug/build/app.zpkg
compiled: /Users/d.s.qiu/Documents/codesigner-ui/z42-callarity/src/libraries/z42.net/artifacts/test-targets/ws_handshake/build/app.zpkg
  PASS Z42NetWsHandshakeTests.test_handshake_101_switching_protocols_accepted
  PASS Z42NetWsHandshakeTests.test_handshake_bad_accept_throws_protocol_exception
  PASS Z42NetWsHandshakeTests.test_handshake_missing_accept_throws_protocol_exception
  PASS Z42NetWsHandshakeTests.test_handshake_bad_status_throws_protocol_exception
  PASS Z42NetWsHandshakeTests.test_wss_throws_not_supported
  PASS Z42NetWsHandshakeTests.test_bad_scheme_throws_format
  PASS Z42NetWsHandshakeTests.test_computed_accept_matches_rfc_example

  Result: 7 passed, 0 failed, 0 skipped

── test target: ws_ping_pong ──
compiled: /Users/d.s.qiu/Documents/codesigner-ui/z42-callarity/src/libraries/z42.net/artifacts/z42.net/debug/build/app.zpkg
compiled: /Users/d.s.qiu/Documents/codesigner-ui/z42-callarity/src/libraries/z42.net/artifacts/test-targets/ws_ping_pong/build/app.zpkg
  PASS Z42NetWsPingPongTests.test_server_ping_auto_pong_then_text

  Result: 1 passed, 0 failed, 0 skipped

── z42.numerics (test, z42b) : 16 unit(s) ──

── test target: bigint_arithmetic ──
compiled: /Users/d.s.qiu/Documents/codesigner-ui/z42-callarity/src/libraries/z42.numerics/artifacts/z42.numerics/debug/build/app.zpkg
compiled: /Users/d.s.qiu/Documents/codesigner-ui/z42-callarity/src/libraries/z42.numerics/artifacts/test-targets/bigint_arithmetic/build/app.zpkg
  PASS Z42NumericsBigIntArithmeticTests.test_add_small
  PASS Z42NumericsBigIntArithmeticTests.test_add_negative
  PASS Z42NumericsBigIntArithmeticTests.test_add_to_zero
  PASS Z42NumericsBigIntArithmeticTests.test_add_large_carries
  PASS Z42NumericsBigIntArithmeticTests.test_subtract
  PASS Z42NumericsBigIntArithmeticTests.test_multiply_small
  PASS Z42NumericsBigIntArithmeticTests.test_multiply_large
  PASS Z42NumericsBigIntArithmeticTests.test_multiply_crosses_limbs
  PASS Z42NumericsBigIntArithmeticTests.test_divide_small
  PASS Z42NumericsBigIntArithmeticTests.test_divide_truncation_negative
  PASS Z42NumericsBigIntArithmeticTests.test_divide_by_zero_throws
  PASS Z42NumericsBigIntArithmeticTests.test_mod_basic
  PASS Z42NumericsBigIntArithmeticTests.test_negate_abs
  PASS Z42NumericsBigIntArithmeticTests.test_divide_large_general

  Result: 14 passed, 0 failed, 0 skipped

── test target: bigint_basic ──
compiled: /Users/d.s.qiu/Documents/codesigner-ui/z42-callarity/src/libraries/z42.numerics/artifacts/z42.numerics/debug/build/app.zpkg
compiled: /Users/d.s.qiu/Documents/codesigner-ui/z42-callarity/src/libraries/z42.numerics/artifacts/test-targets/bigint_basic/build/app.zpkg
  PASS Z42NumericsBigIntBasicTests.test_zero_construct
  PASS Z42NumericsBigIntBasicTests.test_one_constants
  PASS Z42NumericsBigIntBasicTests.test_construct_from_int
  PASS Z42NumericsBigIntBasicTests.test_construct_from_long
  PASS Z42NumericsBigIntBasicTests.test_to_int32_overflow_throws
  PASS Z42NumericsBigIntBasicTests.test_is_negative_zero
  PASS Z42NumericsBigIntBasicTests.test_compare_to_basic
  PASS Z42NumericsBigIntBasicTests.test_equals_basic
  PASS Z42NumericsBigIntBasicTests.test_equals_wrong_type_and_null

  Result: 9 passed, 0 failed, 0 skipped

── test target: bigint_bitops ──
compiled: /Users/d.s.qiu/Documents/codesigner-ui/z42-callarity/src/libraries/z42.numerics/artifacts/z42.numerics/debug/build/app.zpkg
compiled: /Users/d.s.qiu/Documents/codesigner-ui/z42-callarity/src/libraries/z42.numerics/artifacts/test-targets/bigint_bitops/build/app.zpkg
  PASS Z42NumericsBigIntBitOpsTests.test_and_byte_pattern
  PASS Z42NumericsBigIntBitOpsTests.test_and_with_zero
  PASS Z42NumericsBigIntBitOpsTests.test_and_huge_with_byte_mask
  PASS Z42NumericsBigIntBitOpsTests.test_and_negative_via_twos_comp
  PASS Z42NumericsBigIntBitOpsTests.test_or_byte_pattern
  PASS Z42NumericsBigIntBitOpsTests.test_or_identity_with_zero
  PASS Z42NumericsBigIntBitOpsTests.test_or_negative_via_twos_comp
  PASS Z42NumericsBigIntBitOpsTests.test_xor_byte_pattern
  PASS Z42NumericsBigIntBitOpsTests.test_xor_self_zero
  PASS Z42NumericsBigIntBitOpsTests.test_xor_negative_via_twos_comp
  PASS Z42NumericsBigIntBitOpsTests.test_shift_left_small
  PASS Z42NumericsBigIntBitOpsTests.test_shift_left_large_equals_pow2
  PASS Z42NumericsBigIntBitOpsTests.test_shift_left_zero_amount_returns_this
  PASS Z42NumericsBigIntBitOpsTests.test_shift_left_preserves_negative_sign
  PASS Z42NumericsBigIntBitOpsTests.test_shift_left_rejects_negative_amount
  PASS Z42NumericsBigIntBitOpsTests.test_shift_right_small
  PASS Z42NumericsBigIntBitOpsTests.test_shift_right_round_trip_with_left
  PASS Z42NumericsBigIntBitOpsTests.test_shift_right_overshoot_yields_zero
  PASS Z42NumericsBigIntBitOpsTests.test_shift_right_preserves_negative_sign_magnitude
  PASS Z42NumericsBigIntBitOpsTests.test_shift_right_rejects_negative_amount
  PASS Z42NumericsBigIntBitOpsTests.test_testbit_basics
  PASS Z42NumericsBigIntBitOpsTests.test_testbit_high_bit_in_huge
  PASS Z42NumericsBigIntBitOpsTests.test_testbit_out_of_range_returns_false
  PASS Z42NumericsBigIntBitOpsTests.test_testbit_zero_always_false
  PASS Z42NumericsBigIntBitOpsTests.test_testbit_rejects_negative_index
  PASS Z42NumericsBigIntBitOpsTests.test_testbit_on_negative_via_twos_comp
  PASS Z42NumericsBigIntBitOpsTests.test_bit_not_zero_is_minus_one
  PASS Z42NumericsBigIntBitOpsTests.test_bit_not_one_is_minus_two
  PASS Z42NumericsBigIntBitOpsTests.test_bit_not_minus_one_is_zero
  PASS Z42NumericsBigIntBitOpsTests.test_bit_not_minus_five_is_four
  PASS Z42NumericsBigIntBitOpsTests.test_bit_not_round_trip
  PASS Z42NumericsBigIntBitOpsTests.test_bitlength_zero
  PASS Z42NumericsBigIntBitOpsTests.test_bitlength_one
  PASS Z42NumericsBigIntBitOpsTests.test_bitlength_byte_boundaries
  PASS Z42NumericsBigIntBitOpsTests.test_bitlength_negative_uses_magnitude
  PASS Z42NumericsBigIntBitOpsTests.test_bitlength_huge

  Result: 36 passed, 0 failed, 0 skipped

── test target: bigint_bpsw ──
compiled: /Users/d.s.qiu/Documents/codesigner-ui/z42-callarity/src/libraries/z42.numerics/artifacts/z42.numerics/debug/build/app.zpkg
compiled: /Users/d.s.qiu/Documents/codesigner-ui/z42-callarity/src/libraries/z42.numerics/artifacts/test-targets/bigint_bpsw/build/app.zpkg
  PASS Z42NumericsBigIntBpswTests.test_zero_one_negative_are_not_prime
  PASS Z42NumericsBigIntBpswTests.test_small_primes_through_41_all_true
  PASS Z42NumericsBigIntBpswTests.test_small_primes_43_through_97_all_true
  PASS Z42NumericsBigIntBpswTests.test_small_composites_false
  PASS Z42NumericsBigIntBpswTests.test_carmichael_caught
  PASS Z42NumericsBigIntBpswTests.test_strong_pseudoprimes_caught
  PASS Z42NumericsBigIntBpswTests.test_mersenne_primes_in_range
  PASS Z42NumericsBigIntBpswTests.test_large_prime_above_isprime_ceiling
  PASS Z42NumericsBigIntBpswTests.test_large_composite_above_isprime_ceiling
  PASS Z42NumericsBigIntBpswTests.test_deterministic_repeat

  Result: 10 passed, 0 failed, 0 skipped

── test target: bigint_gcd ──
compiled: /Users/d.s.qiu/Documents/codesigner-ui/z42-callarity/src/libraries/z42.numerics/artifacts/z42.numerics/debug/build/app.zpkg
compiled: /Users/d.s.qiu/Documents/codesigner-ui/z42-callarity/src/libraries/z42.numerics/artifacts/test-targets/bigint_gcd/build/app.zpkg
  PASS Z42NumericsBigIntGcdTests.test_gcd_classic_48_18
  PASS Z42NumericsBigIntGcdTests.test_gcd_swapped_args_same_result
  PASS Z42NumericsBigIntGcdTests.test_gcd_coprime_returns_one
  PASS Z42NumericsBigIntGcdTests.test_gcd_one_divides_other
  PASS Z42NumericsBigIntGcdTests.test_gcd_equal_args
  PASS Z42NumericsBigIntGcdTests.test_gcd_zero_zero_is_zero
  PASS Z42NumericsBigIntGcdTests.test_gcd_with_zero_returns_abs_other
  PASS Z42NumericsBigIntGcdTests.test_gcd_negative_treated_as_abs
  PASS Z42NumericsBigIntGcdTests.test_gcd_result_always_nonneg
  PASS Z42NumericsBigIntGcdTests.test_gcd_large_multi_limb
  PASS Z42NumericsBigIntGcdTests.test_gcd_consecutive_fibs_is_one
  PASS Z42NumericsBigIntGcdTests.test_lcm_classic_4_6
  PASS Z42NumericsBigIntGcdTests.test_lcm_coprime_is_product
  PASS Z42NumericsBigIntGcdTests.test_lcm_one_divides_other_returns_larger
  PASS Z42NumericsBigIntGcdTests.test_lcm_with_zero_is_zero
  PASS Z42NumericsBigIntGcdTests.test_lcm_negative_treated_as_abs
  PASS Z42NumericsBigIntGcdTests.test_lcm_result_always_nonneg
  PASS Z42NumericsBigIntGcdTests.test_gcd_lcm_product_identity

  Result: 18 passed, 0 failed, 0 skipped

── test target: bigint_karatsuba ──
compiled: /Users/d.s.qiu/Documents/codesigner-ui/z42-callarity/src/libraries/z42.numerics/artifacts/z42.numerics/debug/build/app.zpkg
compiled: /Users/d.s.qiu/Documents/codesigner-ui/z42-callarity/src/libraries/z42.numerics/artifacts/test-targets/bigint_karatsuba/build/app.zpkg
  PASS Z42NumericsBigIntKaratsubaTests.test_karatsuba_matches_pow_identity
  PASS Z42NumericsBigIntKaratsubaTests.test_karatsuba_self_multiply_large
  PASS Z42NumericsBigIntKaratsubaTests.test_karatsuba_cross_multiply
  PASS Z42NumericsBigIntKaratsubaTests.test_karatsuba_distributes_over_add
  PASS Z42NumericsBigIntKaratsubaTests.test_karatsuba_identity_one
  PASS Z42NumericsBigIntKaratsubaTests.test_karatsuba_identity_zero
  PASS Z42NumericsBigIntKaratsubaTests.test_at_threshold_limb_count
  PASS Z42NumericsBigIntKaratsubaTests.test_karatsuba_via_modpow_rsa_size
  PASS Z42NumericsBigIntKaratsubaTests.test_karatsuba_asymmetric_sizes
  PASS Z42NumericsBigIntKaratsubaTests.test_karatsuba_negative_times_positive
  PASS Z42NumericsBigIntKaratsubaTests.test_karatsuba_negative_times_negative
  PASS Z42NumericsBigIntKaratsubaTests.test_karatsuba_div_round_trip

  Result: 12 passed, 0 failed, 0 skipped

── test target: bigint_mod_large_divisor ──
compiled: /Users/d.s.qiu/Documents/codesigner-ui/z42-callarity/src/libraries/z42.numerics/artifacts/z42.numerics/debug/build/app.zpkg
compiled: /Users/d.s.qiu/Documents/codesigner-ui/z42-callarity/src/libraries/z42.numerics/artifacts/test-targets/bigint_mod_large_divisor/build/app.zpkg
  PASS Z42NumericsBigIntModLargeDivisorTests.test_mod_by_poly1305_prime
  PASS Z42NumericsBigIntModLargeDivisorTests.test_mod_chain_simulating_poly1305_step

  Result: 2 passed, 0 failed, 0 skipped

── test target: bigint_modinverse ──
compiled: /Users/d.s.qiu/Documents/codesigner-ui/z42-callarity/src/libraries/z42.numerics/artifacts/z42.numerics/debug/build/app.zpkg
compiled: /Users/d.s.qiu/Documents/codesigner-ui/z42-callarity/src/libraries/z42.numerics/artifacts/test-targets/bigint_modinverse/build/app.zpkg
  PASS Z42NumericsBigIntModInverseTests.test_inverse_3_mod_11
  PASS Z42NumericsBigIntModInverseTests.test_inverse_17_mod_100
  PASS Z42NumericsBigIntModInverseTests.test_inverse_one_is_one
  PASS Z42NumericsBigIntModInverseTests.test_rsa_toy_private_exp_derivation
  PASS Z42NumericsBigIntModInverseTests.test_rsa_toy_inverse_round_trip_with_modpow
  PASS Z42NumericsBigIntModInverseTests.test_inverse_negative_this
  PASS Z42NumericsBigIntModInverseTests.test_inverse_result_always_in_range_0_to_m
  PASS Z42NumericsBigIntModInverseTests.test_inverse_product_identity
  PASS Z42NumericsBigIntModInverseTests.test_modulus_one_throws
  PASS Z42NumericsBigIntModInverseTests.test_modulus_zero_throws
  PASS Z42NumericsBigIntModInverseTests.test_modulus_negative_throws
  PASS Z42NumericsBigIntModInverseTests.test_not_coprime_throws
  PASS Z42NumericsBigIntModInverseTests.test_zero_throws_no_inverse
  PASS Z42NumericsBigIntModInverseTests.test_multiple_of_modulus_throws
  PASS Z42NumericsBigIntModInverseTests.test_inverse_large_modulus
  PASS Z42NumericsBigIntModInverseTests.test_inverse_matches_fermat_for_prime_modulus
  PASS Z42NumericsBigIntModInverseTests.test_modpow_negexp_matches_inverse
  PASS Z42NumericsBigIntModInverseTests.test_modpow_negexp_higher_power
  PASS Z42NumericsBigIntModInverseTests.test_modpow_rsa_decrypt_via_negexp

  Result: 19 passed, 0 failed, 0 skipped

── test target: bigint_modpow ──
compiled: /Users/d.s.qiu/Documents/codesigner-ui/z42-callarity/src/libraries/z42.numerics/artifacts/z42.numerics/debug/build/app.zpkg
compiled: /Users/d.s.qiu/Documents/codesigner-ui/z42-callarity/src/libraries/z42.numerics/artifacts/test-targets/bigint_modpow/build/app.zpkg
  PASS Z42NumericsBigIntModPowTests.test_modpow_small_2_pow_10_mod_1000
  PASS Z42NumericsBigIntModPowTests.test_modpow_3_pow_5_mod_7
  PASS Z42NumericsBigIntModPowTests.test_modpow_exp_zero_returns_one
  PASS Z42NumericsBigIntModPowTests.test_modpow_zero_pow_zero_is_one
  PASS Z42NumericsBigIntModPowTests.test_modpow_base_zero_exp_positive_is_zero
  PASS Z42NumericsBigIntModPowTests.test_modpow_modulus_one_always_zero
  PASS Z42NumericsBigIntModPowTests.test_modpow_large_exp
  PASS Z42NumericsBigIntModPowTests.test_modpow_huge_exp_via_bitlength
  PASS Z42NumericsBigIntModPowTests.test_modpow_rsa_toy_round_trip
  PASS Z42NumericsBigIntModPowTests.test_modpow_modulus_zero_throws
  PASS Z42NumericsBigIntModPowTests.test_modpow_modulus_negative_throws
  PASS Z42NumericsBigIntModPowTests.test_modpow_negative_exp_computes_via_inverse
  PASS Z42NumericsBigIntModPowTests.test_modpow_negative_exp_not_coprime_throws
  PASS Z42NumericsBigIntModPowTests.test_modpow_negative_base_normalises

  Result: 14 passed, 0 failed, 0 skipped

── test target: bigint_parse ──
compiled: /Users/d.s.qiu/Documents/codesigner-ui/z42-callarity/src/libraries/z42.numerics/artifacts/z42.numerics/debug/build/app.zpkg
compiled: /Users/d.s.qiu/Documents/codesigner-ui/z42-callarity/src/libraries/z42.numerics/artifacts/test-targets/bigint_parse/build/app.zpkg
  PASS Z42NumericsBigIntParseTests.test_parse_zero_one_neg_one
  PASS Z42NumericsBigIntParseTests.test_parse_small_decimal
  PASS Z42NumericsBigIntParseTests.test_parse_large_decimal
  PASS Z42NumericsBigIntParseTests.test_parse_negative_zero_collapses
  PASS Z42NumericsBigIntParseTests.test_parse_invalid_format_throws
  PASS Z42NumericsBigIntParseTests.test_parse_hex_basic
  PASS Z42NumericsBigIntParseTests.test_parse_hex_large
  PASS Z42NumericsBigIntParseTests.test_to_hex_round_trip
  PASS Z42NumericsBigIntParseTests.test_to_hex_basic
  PASS Z42NumericsBigIntParseTests.test_parse_round_trip_random_digits

  Result: 10 passed, 0 failed, 0 skipped

── test target: bigint_pow ──
compiled: /Users/d.s.qiu/Documents/codesigner-ui/z42-callarity/src/libraries/z42.numerics/artifacts/z42.numerics/debug/build/app.zpkg
compiled: /Users/d.s.qiu/Documents/codesigner-ui/z42-callarity/src/libraries/z42.numerics/artifacts/test-targets/bigint_pow/build/app.zpkg
  PASS Z42NumericsBigIntPowTests.test_pow_zero_exponent
  PASS Z42NumericsBigIntPowTests.test_pow_one_exponent
  PASS Z42NumericsBigIntPowTests.test_pow_small
  PASS Z42NumericsBigIntPowTests.test_pow_large
  PASS Z42NumericsBigIntPowTests.test_pow_base_zero
  PASS Z42NumericsBigIntPowTests.test_pow_negative_exponent_throws
  PASS Z42NumericsBigIntPowTests.test_factorial_via_pow_and_multiply

  Result: 7 passed, 0 failed, 0 skipped

── test target: bigint_prime ──
compiled: /Users/d.s.qiu/Documents/codesigner-ui/z42-callarity/src/libraries/z42.numerics/artifacts/z42.numerics/debug/build/app.zpkg
compiled: /Users/d.s.qiu/Documents/codesigner-ui/z42-callarity/src/libraries/z42.numerics/artifacts/test-targets/bigint_prime/build/app.zpkg
  PASS Z42NumericsBigIntPrimeTests.test_two_is_prime
  PASS Z42NumericsBigIntPrimeTests.test_three_is_prime
  PASS Z42NumericsBigIntPrimeTests.test_small_primes_all_pass
  PASS Z42NumericsBigIntPrimeTests.test_one_is_not_prime
  PASS Z42NumericsBigIntPrimeTests.test_zero_is_not_prime
  PASS Z42NumericsBigIntPrimeTests.test_negative_is_not_prime
  PASS Z42NumericsBigIntPrimeTests.test_small_composites_all_fail
  PASS Z42NumericsBigIntPrimeTests.test_even_above_two_fails_fast
  PASS Z42NumericsBigIntPrimeTests.test_carmichael_561_detected_composite
  PASS Z42NumericsBigIntPrimeTests.test_carmichael_1105_detected_composite
  PASS Z42NumericsBigIntPrimeTests.test_mersenne_31_is_prime
  PASS Z42NumericsBigIntPrimeTests.test_next_prime_from_zero_is_two
  PASS Z42NumericsBigIntPrimeTests.test_next_prime_from_one_is_two
  PASS Z42NumericsBigIntPrimeTests.test_next_prime_from_negative_is_two
  PASS Z42NumericsBigIntPrimeTests.test_next_prime_from_two_is_three
  PASS Z42NumericsBigIntPrimeTests.test_next_prime_from_three_is_five
  PASS Z42NumericsBigIntPrimeTests.test_next_prime_from_thirteen_is_seventeen
  PASS Z42NumericsBigIntPrimeTests.test_next_prime_from_99_is_101
  PASS Z42NumericsBigIntPrimeTests.test_next_prime_from_100_is_101
  PASS Z42NumericsBigIntPrimeTests.test_rounds_zero_throws
  PASS Z42NumericsBigIntPrimeTests.test_rounds_negative_throws
  PASS Z42NumericsBigIntPrimeTests.test_seeded_rng_reproducible
  PASS Z42NumericsBigIntPrimeTests.test_default_overload_small_prime
  PASS Z42NumericsBigIntPrimeTests.test_next_prime_sweep_from_four_to_thirty
  PASS Z42NumericsBigIntPrimeTests.test_next_prime_skips_known_composites_via_trial_div
  PASS Z42NumericsBigIntPrimeTests.test_next_prime_large_composite_with_small_factor
  PASS Z42NumericsBigIntPrimeTests.test_next_prime_at_mod6_eq_1_landing
  PASS Z42NumericsBigIntPrimeTests.test_next_prime_at_mod6_eq_5_landing

  Result: 28 passed, 0 failed, 0 skipped

── test target: bigint_prime_deterministic ──
compiled: /Users/d.s.qiu/Documents/codesigner-ui/z42-callarity/src/libraries/z42.numerics/artifacts/z42.numerics/debug/build/app.zpkg
compiled: /Users/d.s.qiu/Documents/codesigner-ui/z42-callarity/src/libraries/z42.numerics/artifacts/test-targets/bigint_prime_deterministic/build/app.zpkg
  PASS Z42NumericsBigIntPrimeDeterministicTests.test_zero_negative_one_are_not_prime
  PASS Z42NumericsBigIntPrimeDeterministicTests.test_small_primes_through_41_all_true
  PASS Z42NumericsBigIntPrimeDeterministicTests.test_more_small_primes_true
  PASS Z42NumericsBigIntPrimeDeterministicTests.test_small_composites_false
  PASS Z42NumericsBigIntPrimeDeterministicTests.test_mersenne_primes_in_range
  PASS Z42NumericsBigIntPrimeDeterministicTests.test_pseudoprime_2047_caught
  PASS Z42NumericsBigIntPrimeDeterministicTests.test_pseudoprime_3215031751_caught
  PASS Z42NumericsBigIntPrimeDeterministicTests.test_carmichael_561_caught
  PASS Z42NumericsBigIntPrimeDeterministicTests.test_more_carmichael_caught
  PASS Z42NumericsBigIntPrimeDeterministicTests.test_value_at_top_threshold_throws
  PASS Z42NumericsBigIntPrimeDeterministicTests.test_value_above_top_threshold_throws_with_hint
  PASS Z42NumericsBigIntPrimeDeterministicTests.test_deterministic_repeat
  PASS Z42NumericsBigIntPrimeDeterministicTests.test_large_composite_below_threshold

  Result: 13 passed, 0 failed, 0 skipped

── test target: bigint_tobase ──
compiled: /Users/d.s.qiu/Documents/codesigner-ui/z42-callarity/src/libraries/z42.numerics/artifacts/z42.numerics/debug/build/app.zpkg
compiled: /Users/d.s.qiu/Documents/codesigner-ui/z42-callarity/src/libraries/z42.numerics/artifacts/test-targets/bigint_tobase/build/app.zpkg
  PASS Z42NumericsBigIntToBaseTests.test_base2_known_values
  PASS Z42NumericsBigIntToBaseTests.test_base8_known_values
  PASS Z42NumericsBigIntToBaseTests.test_base16_matches_existing_tohex
  PASS Z42NumericsBigIntToBaseTests.test_base10_matches_existing_tostring
  PASS Z42NumericsBigIntToBaseTests.test_base36_uses_full_alphabet
  PASS Z42NumericsBigIntToBaseTests.test_negative_numbers_prefix_minus
  PASS Z42NumericsBigIntToBaseTests.test_base3_arbitrary_value
  PASS Z42NumericsBigIntToBaseTests.test_invalid_radix_too_small_throws
  PASS Z42NumericsBigIntToBaseTests.test_invalid_radix_too_large_throws
  PASS Z42NumericsBigIntToBaseTests.test_radix_zero_throws

  Result: 10 passed, 0 failed, 0 skipped

── test target: complex ──
compiled: /Users/d.s.qiu/Documents/codesigner-ui/z42-callarity/src/libraries/z42.numerics/artifacts/z42.numerics/debug/build/app.zpkg
compiled: /Users/d.s.qiu/Documents/codesigner-ui/z42-callarity/src/libraries/z42.numerics/artifacts/test-targets/complex/build/app.zpkg
  PASS Z42NumericsComplexTests.test_constructor_and_components
  PASS Z42NumericsComplexTests.test_constants_zero_one_imaginary_one
  PASS Z42NumericsComplexTests.test_magnitude_3_4_5
  PASS Z42NumericsComplexTests.test_phase_of_real_one_is_zero
  PASS Z42NumericsComplexTests.test_phase_of_imag_one_is_half_pi
  PASS Z42NumericsComplexTests.test_from_polar_round_trips_3_4
  PASS Z42NumericsComplexTests.test_add
  PASS Z42NumericsComplexTests.test_subtract
  PASS Z42NumericsComplexTests.test_multiply_i_squared_is_minus_one
  PASS Z42NumericsComplexTests.test_multiply_3_2i_times_1_4i
  PASS Z42NumericsComplexTests.test_multiply_real_scalar
  PASS Z42NumericsComplexTests.test_divide_by_self_is_one
  PASS Z42NumericsComplexTests.test_negate
  PASS Z42NumericsComplexTests.test_conjugate_flips_imaginary_sign
  PASS Z42NumericsComplexTests.test_reciprocal_times_self_is_one
  PASS Z42NumericsComplexTests.test_reciprocal_of_zero_is_zero
  PASS Z42NumericsComplexTests.test_eulers_identity_exp_i_pi_plus_one_is_zero
  PASS Z42NumericsComplexTests.test_log_of_e_is_one
  PASS Z42NumericsComplexTests.test_sqrt_of_minus_one_is_i
  PASS Z42NumericsComplexTests.test_sqrt_squared_round_trip
  PASS Z42NumericsComplexTests.test_pow_zero_zero_is_one_per_bcl
  PASS Z42NumericsComplexTests.test_pow_two_squared_is_four
  PASS Z42NumericsComplexTests.test_to_string_format
  PASS Z42NumericsComplexTests.test_equals

  Result: 24 passed, 0 failed, 0 skipped

── test target: decimal ──
compiled: /Users/d.s.qiu/Documents/codesigner-ui/z42-callarity/src/libraries/z42.numerics/artifacts/z42.numerics/debug/build/app.zpkg
compiled: /Users/d.s.qiu/Documents/codesigner-ui/z42-callarity/src/libraries/z42.numerics/artifacts/test-targets/decimal/build/app.zpkg
  PASS Z42NumericsDecimalTests.test_parse_integer_zero_scale
  PASS Z42NumericsDecimalTests.test_parse_fractional_preserves_scale
  PASS Z42NumericsDecimalTests.test_parse_negative
  PASS Z42NumericsDecimalTests.test_parse_preserves_trailing_zeros
  PASS Z42NumericsDecimalTests.test_parse_leading_zero_in_fraction
  PASS Z42NumericsDecimalTests.test_parse_zero_value_preserves_scale
  PASS Z42NumericsDecimalTests.test_parse_rejects_empty
  PASS Z42NumericsDecimalTests.test_parse_rejects_letters
  PASS Z42NumericsDecimalTests.test_parse_rejects_double_dot
  PASS Z42NumericsDecimalTests.test_add_same_scale
  PASS Z42NumericsDecimalTests.test_add_different_scales_takes_max_scale
  PASS Z42NumericsDecimalTests.test_subtract
  PASS Z42NumericsDecimalTests.test_subtract_negative_result
  PASS Z42NumericsDecimalTests.test_multiply_sums_scales
  PASS Z42NumericsDecimalTests.test_multiply_by_zero
  PASS Z42NumericsDecimalTests.test_divide_clean_quotient
  PASS Z42NumericsDecimalTests.test_divide_repeating_truncates_to_scale
  PASS Z42NumericsDecimalTests.test_divide_zero_throws
  PASS Z42NumericsDecimalTests.test_negate
  PASS Z42NumericsDecimalTests.test_abs
  PASS Z42NumericsDecimalTests.test_compare_to
  PASS Z42NumericsDecimalTests.test_equals_ignores_scale_difference
  PASS Z42NumericsDecimalTests.test_constants_zero_one
  PASS Z42NumericsDecimalTests.test_from_int_zero_scale
  PASS Z42NumericsDecimalTests.test_currency_addition_chain
  PASS Z42NumericsDecimalTests.test_multiply_then_divide_round_trips_close

  Result: 26 passed, 0 failed, 0 skipped

── z42.project (test, z42b) : 5 unit(s) ──

── test target: manifest_native ──
compiled: /Users/d.s.qiu/Documents/codesigner-ui/z42-callarity/src/libraries/z42.project/artifacts/z42.project/debug/build/app.zpkg
compiled: /Users/d.s.qiu/Documents/codesigner-ui/z42-callarity/src/libraries/z42.project/artifacts/test-targets/manifest_native/build/app.zpkg
  PASS Z42ProjectNativeTests.test_single_native
  PASS Z42ProjectNativeTests.test_native_dir_prebuilt
  PASS Z42ProjectNativeTests.test_multiple_native_stable_order
  PASS Z42ProjectNativeTests.test_no_native_section

  Result: 4 passed, 0 failed, 0 skipped

── test target: manifest_path_dep ──
compiled: /Users/d.s.qiu/Documents/codesigner-ui/z42-callarity/src/libraries/z42.project/artifacts/z42.project/debug/build/app.zpkg
compiled: /Users/d.s.qiu/Documents/codesigner-ui/z42-callarity/src/libraries/z42.project/artifacts/test-targets/manifest_path_dep/build/app.zpkg
  PASS Z42ProjectPathDepTests.test_path_dep_table_form
  PASS Z42ProjectPathDepTests.test_path_dep_with_version_and_path
  PASS Z42ProjectPathDepTests.test_string_dep_falls_back_empty_path
  PASS Z42ProjectPathDepTests.test_table_dep_without_path_empty
  PASS Z42ProjectPathDepTests.test_mixed_path_and_name_deps

  Result: 5 passed, 0 failed, 0 skipped

── test target: manifest_roundtrip ──
compiled: /Users/d.s.qiu/Documents/codesigner-ui/z42-callarity/src/libraries/z42.project/artifacts/z42.project/debug/build/app.zpkg
compiled: /Users/d.s.qiu/Documents/codesigner-ui/z42-callarity/src/libraries/z42.project/artifacts/test-targets/manifest_roundtrip/build/app.zpkg
  PASS Z42ProjectRoundtripTests.test_project_manifest_roundtrip
  PASS Z42ProjectRoundtripTests.test_workspace_manifest_roundtrip
  PASS Z42ProjectRoundtripTests.test_optimize_section_parsed
  PASS Z42ProjectRoundtripTests.test_optimize_section_absent_empty
  PASS Z42ProjectRoundtripTests.test_analyzers_section_parsed
  PASS Z42ProjectRoundtripTests.test_analyzers_section_absent_empty
  PASS Z42ProjectRoundtripTests.test_lints_section_parsed
  PASS Z42ProjectRoundtripTests.test_lints_section_absent_empty
  PASS Z42ProjectRoundtripTests.test_lints_warnings_as_errors_only
  PASS Z42ProjectRoundtripTests.test_build_generated_dir_parsed
  PASS Z42ProjectRoundtripTests.test_build_generated_dir_absent_is_not_empty_string
  PASS Z42ProjectRoundtripTests.test_build_generated_dir_explicit_empty_means_off

  Result: 12 passed, 0 failed, 0 skipped

── test target: source_discovery_glob ──
compiled: /Users/d.s.qiu/Documents/codesigner-ui/z42-callarity/src/libraries/z42.project/artifacts/z42.project/debug/build/app.zpkg
compiled: /Users/d.s.qiu/Documents/codesigner-ui/z42-callarity/src/libraries/z42.project/artifacts/test-targets/source_discovery_glob/build/app.zpkg
  PASS Z42ProjectSourceDiscoveryTests.test_wildcard_directory_segment_expands
  PASS Z42ProjectSourceDiscoveryTests.test_single_level_glob_unchanged
  PASS Z42ProjectSourceDiscoveryTests.test_recursive_glob_picks_up_sibling_files
  PASS Z42ProjectSourceDiscoveryTests.test_wildcard_directory_no_match_is_empty

  Result: 4 passed, 0 failed, 0 skipped

── test target: tests_bench_example_targets ──
compiled: /Users/d.s.qiu/Documents/codesigner-ui/z42-callarity/src/libraries/z42.project/artifacts/z42.project/debug/build/app.zpkg
compiled: /Users/d.s.qiu/Documents/codesigner-ui/z42-callarity/src/libraries/z42.project/artifacts/test-targets/tests_bench_example_targets/build/app.zpkg
  PASS Z42ProjectTargetsTests.test_target_sections_default_when_absent
  PASS Z42ProjectTargetsTests.test_tests_section_include_exclude_auto_deps
  PASS Z42ProjectTargetsTests.test_explicit_test_harness_default_true
  PASS Z42ProjectTargetsTests.test_explicit_test_harness_false_with_entry
  PASS Z42ProjectTargetsTests.test_bench_and_example_targets
  PASS Z42ProjectTargetsTests.test_per_target_dev_deps
  PASS Z42ProjectTargetsTests.test_multiple_targets_order_preserved

  Result: 7 passed, 0 failed, 0 skipped

── z42.random (test, z42b) : 4 unit(s) ──

── test target: random_basic ──
compiled: /Users/d.s.qiu/Documents/codesigner-ui/z42-callarity/src/libraries/z42.random/artifacts/z42.random/debug/build/app.zpkg
compiled: /Users/d.s.qiu/Documents/codesigner-ui/z42-callarity/src/libraries/z42.random/artifacts/test-targets/random_basic/build/app.zpkg
  PASS Z42RandomBasicTests.test_same_seed_same_sequence
  PASS Z42RandomBasicTests.test_different_seed_different_first
  PASS Z42RandomBasicTests.test_next_long_varies
  PASS Z42RandomBasicTests.test_next_double_in_unit_range
  PASS Z42RandomBasicTests.test_next_int_range_bounds
  PASS Z42RandomBasicTests.test_next_long_range_bounds
  PASS Z42RandomBasicTests.test_next_bool_both_outcomes
  PASS Z42RandomBasicTests.test_range_rejects_invalid
  PASS Z42RandomBasicTests.test_default_ctor_does_not_throw

  Result: 9 passed, 0 failed, 0 skipped

── test target: random_distribution ──
compiled: /Users/d.s.qiu/Documents/codesigner-ui/z42-callarity/src/libraries/z42.random/artifacts/z42.random/debug/build/app.zpkg
compiled: /Users/d.s.qiu/Documents/codesigner-ui/z42-callarity/src/libraries/z42.random/artifacts/test-targets/random_distribution/build/app.zpkg
  PASS Z42RandomDistTests.test_int_range_buckets_roughly_uniform
  PASS Z42RandomDistTests.test_bool_balanced
  PASS Z42RandomDistTests.test_double_buckets_uniform

  Result: 3 passed, 0 failed, 0 skipped

── test target: random_extensions ──
compiled: /Users/d.s.qiu/Documents/codesigner-ui/z42-callarity/src/libraries/z42.random/artifacts/z42.random/debug/build/app.zpkg
compiled: /Users/d.s.qiu/Documents/codesigner-ui/z42-callarity/src/libraries/z42.random/artifacts/test-targets/random_extensions/build/app.zpkg
  PASS Z42RandomExtensionsTests.test_same_seed_different_streams_diverge
  PASS Z42RandomExtensionsTests.test_same_seed_same_stream_reproduces
  PASS Z42RandomExtensionsTests.test_streamid_or_1_handles_even_id
  PASS Z42RandomExtensionsTests.test_default_ctor_matches_pre_streamid_default
  PASS Z42RandomExtensionsTests.test_gaussian_mean_is_close_to_declared
  PASS Z42RandomExtensionsTests.test_gaussian_stddev_is_close_to_declared
  PASS Z42RandomExtensionsTests.test_exponential_mean_is_close_to_inverse_lambda
  PASS Z42RandomExtensionsTests.test_exponential_zero_lambda_throws
  PASS Z42RandomExtensionsTests.test_exponential_negative_lambda_throws

  Result: 9 passed, 0 failed, 0 skipped

── test target: random_shuffle_sample ──
compiled: /Users/d.s.qiu/Documents/codesigner-ui/z42-callarity/src/libraries/z42.random/artifacts/z42.random/debug/build/app.zpkg
compiled: /Users/d.s.qiu/Documents/codesigner-ui/z42-callarity/src/libraries/z42.random/artifacts/test-targets/random_shuffle_sample/build/app.zpkg
  PASS Z42RandomShuffleSampleTests.test_shuffle_int_preserves_set
  PASS Z42RandomShuffleSampleTests.test_shuffle_int_actually_permutes
  PASS Z42RandomShuffleSampleTests.test_shuffle_long_preserves_sum
  PASS Z42RandomShuffleSampleTests.test_shuffle_string_preserves_set
  PASS Z42RandomShuffleSampleTests.test_shuffle_empty_array_is_noop
  PASS Z42RandomShuffleSampleTests.test_shuffle_single_element_is_noop
  PASS Z42RandomShuffleSampleTests.test_sample_returns_k_elements
  PASS Z42RandomShuffleSampleTests.test_sample_returns_distinct_elements
  PASS Z42RandomShuffleSampleTests.test_sample_k_equals_zero_returns_empty
  PASS Z42RandomShuffleSampleTests.test_sample_k_equals_length_is_permutation
  PASS Z42RandomShuffleSampleTests.test_sample_k_greater_than_length_throws
  PASS Z42RandomShuffleSampleTests.test_sample_negative_k_throws
  PASS Z42RandomShuffleSampleTests.test_sample_string_distinct

  Result: 13 passed, 0 failed, 0 skipped

── z42.regex (test, z42b) : 13 unit(s) ──

── test target: regex_charclass ──
compiled: /Users/d.s.qiu/Documents/codesigner-ui/z42-callarity/src/libraries/z42.regex/artifacts/z42.regex/debug/build/app.zpkg
compiled: /Users/d.s.qiu/Documents/codesigner-ui/z42-callarity/src/libraries/z42.regex/artifacts/test-targets/regex_charclass/build/app.zpkg
  PASS Z42RegexCharclassTests.test_charset_explicit
  PASS Z42RegexCharclassTests.test_charset_range
  PASS Z42RegexCharclassTests.test_charset_negated
  PASS Z42RegexCharclassTests.test_charset_mixed
  PASS Z42RegexCharclassTests.test_digit_shortcut
  PASS Z42RegexCharclassTests.test_word_shortcut
  PASS Z42RegexCharclassTests.test_whitespace_shortcut
  PASS Z42RegexCharclassTests.test_negated_shortcut
  PASS Z42RegexCharclassTests.test_charset_with_escape_inside

  Result: 9 passed, 0 failed, 0 skipped

── test target: regex_errors ──
compiled: /Users/d.s.qiu/Documents/codesigner-ui/z42-callarity/src/libraries/z42.regex/artifacts/z42.regex/debug/build/app.zpkg
compiled: /Users/d.s.qiu/Documents/codesigner-ui/z42-callarity/src/libraries/z42.regex/artifacts/test-targets/regex_errors/build/app.zpkg
  PASS Z42RegexErrorsTests.test_unclosed_paren_throws
  PASS Z42RegexErrorsTests.test_unclosed_charclass_throws
  PASS Z42RegexErrorsTests.test_empty_charclass_throws
  PASS Z42RegexErrorsTests.test_unclosed_quant_brace_throws
  PASS Z42RegexErrorsTests.test_trailing_backslash_throws
  PASS Z42RegexErrorsTests.test_stray_close_paren_throws
  PASS Z42RegexErrorsTests.test_group_index_out_of_range_throws

  Result: 7 passed, 0 failed, 0 skipped

── test target: regex_groups ──
compiled: /Users/d.s.qiu/Documents/codesigner-ui/z42-callarity/src/libraries/z42.regex/artifacts/z42.regex/debug/build/app.zpkg
compiled: /Users/d.s.qiu/Documents/codesigner-ui/z42-callarity/src/libraries/z42.regex/artifacts/test-targets/regex_groups/build/app.zpkg
  PASS Z42RegexGroupsTests.test_simple_alternation
  PASS Z42RegexGroupsTests.test_group_capture
  PASS Z42RegexGroupsTests.test_nested_groups
  PASS Z42RegexGroupsTests.test_group_with_quantifier
  PASS Z42RegexGroupsTests.test_alternation_inside_group
  PASS Z42RegexGroupsTests.test_unmatched_group_returns_empty

  Result: 6 passed, 0 failed, 0 skipped

── test target: regex_inline_flags ──
compiled: /Users/d.s.qiu/Documents/codesigner-ui/z42-callarity/src/libraries/z42.regex/artifacts/z42.regex/debug/build/app.zpkg
compiled: /Users/d.s.qiu/Documents/codesigner-ui/z42-callarity/src/libraries/z42.regex/artifacts/test-targets/regex_inline_flags/build/app.zpkg
  PASS Z42RegexInlineFlagsTests.test_case_insensitive_literal_lower_input
  PASS Z42RegexInlineFlagsTests.test_case_insensitive_literal_upper_input
  PASS Z42RegexInlineFlagsTests.test_case_insensitive_literal_mixed
  PASS Z42RegexInlineFlagsTests.test_case_sensitive_default_still_strict
  PASS Z42RegexInlineFlagsTests.test_case_insensitive_charset_uppercase_range
  PASS Z42RegexInlineFlagsTests.test_case_insensitive_charset_lowercase_range
  PASS Z42RegexInlineFlagsTests.test_case_insensitive_negated_charset
  PASS Z42RegexInlineFlagsTests.test_case_insensitive_with_plus
  PASS Z42RegexInlineFlagsTests.test_case_insensitive_with_alternation
  PASS Z42RegexInlineFlagsTests.test_case_insensitive_capture_returns_original_case
  PASS Z42RegexInlineFlagsTests.test_case_insensitive_scheme_extraction
  PASS Z42RegexInlineFlagsTests.test_case_insensitive_only_affects_letters
  PASS Z42RegexInlineFlagsTests.test_word_class_still_matches_letters_either_case
  PASS Z42RegexInlineFlagsTests.test_case_sensitive_charset

  Result: 14 passed, 0 failed, 0 skipped

── test target: regex_literal ──
compiled: /Users/d.s.qiu/Documents/codesigner-ui/z42-callarity/src/libraries/z42.regex/artifacts/z42.regex/debug/build/app.zpkg
compiled: /Users/d.s.qiu/Documents/codesigner-ui/z42-callarity/src/libraries/z42.regex/artifacts/test-targets/regex_literal/build/app.zpkg
  PASS Z42RegexLiteralTests.test_literal_match_anywhere
  PASS Z42RegexLiteralTests.test_anchored_start
  PASS Z42RegexLiteralTests.test_anchored_end
  PASS Z42RegexLiteralTests.test_anchored_both
  PASS Z42RegexLiteralTests.test_any_char
  PASS Z42RegexLiteralTests.test_escape_dot
  PASS Z42RegexLiteralTests.test_escape_newline_tab
  PASS Z42RegexLiteralTests.test_find_returns_position
  PASS Z42RegexLiteralTests.test_find_no_match_returns_null

  Result: 9 passed, 0 failed, 0 skipped

── test target: regex_multiline ──
compiled: /Users/d.s.qiu/Documents/codesigner-ui/z42-callarity/src/libraries/z42.regex/artifacts/z42.regex/debug/build/app.zpkg
compiled: /Users/d.s.qiu/Documents/codesigner-ui/z42-callarity/src/libraries/z42.regex/artifacts/test-targets/regex_multiline/build/app.zpkg
  PASS Z42RegexMultilineTests.test_default_caret_locked_to_input_start
  PASS Z42RegexMultilineTests.test_default_dollar_locked_to_input_end
  PASS Z42RegexMultilineTests.test_default_caret_matches_input_start
  PASS Z42RegexMultilineTests.test_multiline_caret_matches_after_newline
  PASS Z42RegexMultilineTests.test_multiline_caret_also_matches_at_input_start
  PASS Z42RegexMultilineTests.test_multiline_caret_findall_each_line
  PASS Z42RegexMultilineTests.test_multiline_dollar_matches_before_newline
  PASS Z42RegexMultilineTests.test_multiline_dollar_also_matches_input_end
  PASS Z42RegexMultilineTests.test_multiline_full_line_findall
  PASS Z42RegexMultilineTests.test_multiline_empty_string_caret_matches_pos_zero
  PASS Z42RegexMultilineTests.test_multiline_trailing_newline_dollar_matches_before_and_at_end
  PASS Z42RegexMultilineTests.test_combined_im_flag_order_independent
  PASS Z42RegexMultilineTests.test_combined_im_default_remains_case_sensitive_singleline
  PASS Z42RegexMultilineTests.test_multiline_dot_still_matches_newline
  PASS Z42RegexMultilineTests.test_repeated_flag_char_tolerated
  PASS Z42RegexMultilineTests.test_multiline_log_header_extraction

  Result: 16 passed, 0 failed, 0 skipped

── test target: regex_named_groups ──
compiled: /Users/d.s.qiu/Documents/codesigner-ui/z42-callarity/src/libraries/z42.regex/artifacts/z42.regex/debug/build/app.zpkg
compiled: /Users/d.s.qiu/Documents/codesigner-ui/z42-callarity/src/libraries/z42.regex/artifacts/test-targets/regex_named_groups/build/app.zpkg
  PASS Z42RegexNamedGroupsTests.test_named_group_basic_lookup
  PASS Z42RegexNamedGroupsTests.test_named_group_still_has_numeric_index
  PASS Z42RegexNamedGroupsTests.test_date_year_month_day
  PASS Z42RegexNamedGroupsTests.test_mix_named_and_unnamed
  PASS Z42RegexNamedGroupsTests.test_three_named_groups_independent
  PASS Z42RegexNamedGroupsTests.test_named_group_with_plus
  PASS Z42RegexNamedGroupsTests.test_named_group_optional
  PASS Z42RegexNamedGroupsTests.test_name_with_underscore_and_digits
  PASS Z42RegexNamedGroupsTests.test_undefined_name_throws
  PASS Z42RegexNamedGroupsTests.test_duplicate_name_throws_at_compile
  PASS Z42RegexNamedGroupsTests.test_empty_name_throws
  PASS Z42RegexNamedGroupsTests.test_name_starts_with_digit_throws
  PASS Z42RegexNamedGroupsTests.test_missing_close_angle_throws
  PASS Z42RegexNamedGroupsTests.test_regex_group_index_of

  Result: 14 passed, 0 failed, 0 skipped

── test target: regex_non_greedy ──
compiled: /Users/d.s.qiu/Documents/codesigner-ui/z42-callarity/src/libraries/z42.regex/artifacts/z42.regex/debug/build/app.zpkg
compiled: /Users/d.s.qiu/Documents/codesigner-ui/z42-callarity/src/libraries/z42.regex/artifacts/test-targets/regex_non_greedy/build/app.zpkg
  PASS Z42RegexNonGreedyTests.test_lazy_star_shortest_match
  PASS Z42RegexNonGreedyTests.test_greedy_star_baseline
  PASS Z42RegexNonGreedyTests.test_lazy_star_zero_match_when_possible
  PASS Z42RegexNonGreedyTests.test_lazy_plus_minimum_one
  PASS Z42RegexNonGreedyTests.test_greedy_plus_baseline
  PASS Z42RegexNonGreedyTests.test_lazy_plus_with_following_atom
  PASS Z42RegexNonGreedyTests.test_lazy_optional_prefers_skip
  PASS Z42RegexNonGreedyTests.test_lazy_optional_falls_back_to_match
  PASS Z42RegexNonGreedyTests.test_lazy_counted_picks_minimum_in_range
  PASS Z42RegexNonGreedyTests.test_lazy_counted_with_following_atom
  PASS Z42RegexNonGreedyTests.test_mix_lazy_then_greedy
  PASS Z42RegexNonGreedyTests.test_html_tag_extraction
  PASS Z42RegexNonGreedyTests.test_lazy_quantifier_on_group

  Result: 13 passed, 0 failed, 0 skipped

── test target: regex_noncapturing ──
compiled: /Users/d.s.qiu/Documents/codesigner-ui/z42-callarity/src/libraries/z42.regex/artifacts/z42.regex/debug/build/app.zpkg
compiled: /Users/d.s.qiu/Documents/codesigner-ui/z42-callarity/src/libraries/z42.regex/artifacts/test-targets/regex_noncapturing/build/app.zpkg
  PASS Z42RegexNonCapturingTests.test_noncapturing_matches_like_regular_group
  PASS Z42RegexNonCapturingTests.test_noncapturing_does_not_increment_group_count
  PASS Z42RegexNonCapturingTests.test_two_noncapturing_zero_group_count
  PASS Z42RegexNonCapturingTests.test_mixed_capturing_indices_unaffected
  PASS Z42RegexNonCapturingTests.test_capturing_then_noncapturing_then_capturing
  PASS Z42RegexNonCapturingTests.test_noncapturing_with_quantifier
  PASS Z42RegexNonCapturingTests.test_optional_noncapturing
  PASS Z42RegexNonCapturingTests.test_noncapturing_nesting_capturing
  PASS Z42RegexNonCapturingTests.test_capturing_containing_noncapturing
  PASS Z42RegexNonCapturingTests.test_key_value_with_noncapturing_separator
  PASS Z42RegexNonCapturingTests.test_unsupported_question_construct_throws

  Result: 11 passed, 0 failed, 0 skipped

── test target: regex_quantifiers ──
compiled: /Users/d.s.qiu/Documents/codesigner-ui/z42-callarity/src/libraries/z42.regex/artifacts/z42.regex/debug/build/app.zpkg
compiled: /Users/d.s.qiu/Documents/codesigner-ui/z42-callarity/src/libraries/z42.regex/artifacts/test-targets/regex_quantifiers/build/app.zpkg
  PASS Z42RegexQuantifiersTests.test_optional
  PASS Z42RegexQuantifiersTests.test_star_zero_or_more
  PASS Z42RegexQuantifiersTests.test_plus_one_or_more
  PASS Z42RegexQuantifiersTests.test_greedy_star
  PASS Z42RegexQuantifiersTests.test_exact_count
  PASS Z42RegexQuantifiersTests.test_min_max_range
  PASS Z42RegexQuantifiersTests.test_min_only
  PASS Z42RegexQuantifiersTests.test_quant_on_charclass
  PASS Z42RegexQuantifiersTests.test_pattern_with_more_than_8_atoms

  Result: 9 passed, 0 failed, 0 skipped

── test target: regex_replace ──
compiled: /Users/d.s.qiu/Documents/codesigner-ui/z42-callarity/src/libraries/z42.regex/artifacts/z42.regex/debug/build/app.zpkg
compiled: /Users/d.s.qiu/Documents/codesigner-ui/z42-callarity/src/libraries/z42.regex/artifacts/test-targets/regex_replace/build/app.zpkg
  PASS Z42RegexReplaceTests.test_find_all_basic
  PASS Z42RegexReplaceTests.test_find_all_no_match
  PASS Z42RegexReplaceTests.test_replace_basic
  PASS Z42RegexReplaceTests.test_replace_no_match_returns_original
  PASS Z42RegexReplaceTests.test_replace_empty_replacement
  PASS Z42RegexReplaceTests.test_split_basic
  PASS Z42RegexReplaceTests.test_split_with_quantifier
  PASS Z42RegexReplaceTests.test_split_no_match_returns_single

  Result: 8 passed, 0 failed, 0 skipped

── test target: regex_replace_backref ──
compiled: /Users/d.s.qiu/Documents/codesigner-ui/z42-callarity/src/libraries/z42.regex/artifacts/z42.regex/debug/build/app.zpkg
compiled: /Users/d.s.qiu/Documents/codesigner-ui/z42-callarity/src/libraries/z42.regex/artifacts/test-targets/regex_replace_backref/build/app.zpkg
  PASS Z42RegexReplaceBackrefTests.test_dollar_zero_is_whole_match
  PASS Z42RegexReplaceBackrefTests.test_swap_key_value_via_two_groups
  PASS Z42RegexReplaceBackrefTests.test_format_date
  PASS Z42RegexReplaceBackrefTests.test_double_dollar_emits_one_dollar
  PASS Z42RegexReplaceBackrefTests.test_only_double_dollars
  PASS Z42RegexReplaceBackrefTests.test_legacy_literal_replacement_unchanged
  PASS Z42RegexReplaceBackrefTests.test_replacement_with_no_match
  PASS Z42RegexReplaceBackrefTests.test_out_of_range_group_index_literal
  PASS Z42RegexReplaceBackrefTests.test_dollar_followed_by_letter_literal
  PASS Z42RegexReplaceBackrefTests.test_trailing_dollar_literal
  PASS Z42RegexReplaceBackrefTests.test_multi_match_each_uses_own_groups
  PASS Z42RegexReplaceBackrefTests.test_wrap_capture_with_brackets
  PASS Z42RegexReplaceBackrefTests.test_no_capture_groups_in_pattern_emits_dollar_one_literal

  Result: 13 passed, 0 failed, 0 skipped

── test target: regex_word_boundary ──
compiled: /Users/d.s.qiu/Documents/codesigner-ui/z42-callarity/src/libraries/z42.regex/artifacts/z42.regex/debug/build/app.zpkg
compiled: /Users/d.s.qiu/Documents/codesigner-ui/z42-callarity/src/libraries/z42.regex/artifacts/test-targets/regex_word_boundary/build/app.zpkg
  PASS Z42RegexWordBoundaryTests.test_word_boundary_matches_isolated_word
  PASS Z42RegexWordBoundaryTests.test_word_boundary_rejects_substring_in_middle
  PASS Z42RegexWordBoundaryTests.test_word_boundary_at_input_start
  PASS Z42RegexWordBoundaryTests.test_word_boundary_at_input_end
  PASS Z42RegexWordBoundaryTests.test_word_boundary_around_punctuation
  PASS Z42RegexWordBoundaryTests.test_word_boundary_findall_three_words
  PASS Z42RegexWordBoundaryTests.test_word_boundary_with_digits
  PASS Z42RegexWordBoundaryTests.test_word_boundary_underscore_is_word_char
  PASS Z42RegexWordBoundaryTests.test_non_boundary_matches_substring_in_middle
  PASS Z42RegexWordBoundaryTests.test_non_boundary_rejects_isolated_word
  PASS Z42RegexWordBoundaryTests.test_non_boundary_inside_underscore_word
  PASS Z42RegexWordBoundaryTests.test_b_and_B_mutually_exclusive_each_position
  PASS Z42RegexWordBoundaryTests.test_word_boundary_with_case_insensitive
  PASS Z42RegexWordBoundaryTests.test_word_boundary_around_quantified_pattern
  PASS Z42RegexWordBoundaryTests.test_charset_b_still_literal

  Result: 15 passed, 0 failed, 0 skipped
  ⚠ z42b test: 本清单 `auto = false`，跳过约定发现（只认显式目标）
z42b test: 本清单未声明任何 test 目标，且本包源里没有 [Test]/[Benchmark] —— 无事可做

── z42.test (test, z42b) : 6 unit(s) ──

── test target: assert_collection_helpers ──
compiled: /Users/d.s.qiu/Documents/codesigner-ui/z42-callarity/src/libraries/z42.test/artifacts/z42.test/debug/build/app.zpkg
compiled: /Users/d.s.qiu/Documents/codesigner-ui/z42-callarity/src/libraries/z42.test/artifacts/test-targets/assert_collection_helpers/build/app.zpkg
  PASS Z42TestAssertCollectionHelpers.test_contains_object_array_pass_int
  PASS Z42TestAssertCollectionHelpers.test_contains_object_array_pass_string
  PASS Z42TestAssertCollectionHelpers.test_contains_object_array_fail
  PASS Z42TestAssertCollectionHelpers.test_contains_object_array_empty_haystack_always_fails
  PASS Z42TestAssertCollectionHelpers.test_does_not_contain_pass
  PASS Z42TestAssertCollectionHelpers.test_does_not_contain_fail
  PASS Z42TestAssertCollectionHelpers.test_does_not_contain_empty_haystack_always_passes
  PASS Z42TestAssertCollectionHelpers.test_is_empty_pass_zero_length
  PASS Z42TestAssertCollectionHelpers.test_is_empty_fail_one_element
  PASS Z42TestAssertCollectionHelpers.test_is_not_empty_pass
  PASS Z42TestAssertCollectionHelpers.test_is_not_empty_fail
  PASS Z42TestAssertCollectionHelpers.test_string_contains_still_works

  Result: 12 passed, 0 failed, 0 skipped

── test target: assert_numeric_helpers ──
compiled: /Users/d.s.qiu/Documents/codesigner-ui/z42-callarity/src/libraries/z42.test/artifacts/z42.test/debug/build/app.zpkg
compiled: /Users/d.s.qiu/Documents/codesigner-ui/z42-callarity/src/libraries/z42.test/artifacts/test-targets/assert_numeric_helpers/build/app.zpkg
  PASS Z42TestAssertNumericHelpers.test_greater_long_pass
  PASS Z42TestAssertNumericHelpers.test_greater_long_fail_equal
  PASS Z42TestAssertNumericHelpers.test_greater_long_fail_lesser
  PASS Z42TestAssertNumericHelpers.test_greater_double_pass
  PASS Z42TestAssertNumericHelpers.test_greater_double_fail
  PASS Z42TestAssertNumericHelpers.test_less_long_pass
  PASS Z42TestAssertNumericHelpers.test_less_long_fail_equal
  PASS Z42TestAssertNumericHelpers.test_less_double_pass
  PASS Z42TestAssertNumericHelpers.test_less_double_fail
  PASS Z42TestAssertNumericHelpers.test_greaterorequal_long_pass_equal_and_strict
  PASS Z42TestAssertNumericHelpers.test_greaterorequal_long_fail
  PASS Z42TestAssertNumericHelpers.test_greaterorequal_double_pass_equal_and_strict
  PASS Z42TestAssertNumericHelpers.test_greaterorequal_double_fail
  PASS Z42TestAssertNumericHelpers.test_lessorequal_long_pass_equal_and_strict
  PASS Z42TestAssertNumericHelpers.test_lessorequal_long_fail
  PASS Z42TestAssertNumericHelpers.test_lessorequal_double_pass_equal_and_strict
  PASS Z42TestAssertNumericHelpers.test_lessorequal_double_fail
  PASS Z42TestAssertNumericHelpers.test_inrange_long_pass_middle
  PASS Z42TestAssertNumericHelpers.test_inrange_long_pass_min_boundary
  PASS Z42TestAssertNumericHelpers.test_inrange_long_pass_max_boundary
  PASS Z42TestAssertNumericHelpers.test_inrange_long_fail_below
  PASS Z42TestAssertNumericHelpers.test_inrange_long_fail_above
  PASS Z42TestAssertNumericHelpers.test_inrange_double_pass
  PASS Z42TestAssertNumericHelpers.test_inrange_double_fail
  PASS Z42TestAssertNumericHelpers.test_inrange_double_pass_boundaries

  Result: 25 passed, 0 failed, 0 skipped

── test target: bench_stats ──
compiled: /Users/d.s.qiu/Documents/codesigner-ui/z42-callarity/src/libraries/z42.test/artifacts/z42.test/debug/build/app.zpkg
compiled: /Users/d.s.qiu/Documents/codesigner-ui/z42-callarity/src/libraries/z42.test/artifacts/test-targets/bench_stats/build/app.zpkg
  PASS Z42TestBenchStats.test_parse_canonical
  PASS Z42TestBenchStats.test_parse_legacy_line_omits_mean_stddev
  PASS Z42TestBenchStats.test_parse_no_bench_line_returns_null
  PASS Z42TestBenchStats.test_parse_malformed_returns_null
  PASS Z42TestBenchStats.test_parse_multiline_picks_last
  PASS Z42TestBenchStats.test_parse_leading_indent
  PASS Z42TestBenchStats.test_result_json_benchmark_shape
  PASS Z42TestBenchStats.test_report_envelope_shape
  PASS Z42TestBenchStats.test_result_json_plain_test_no_stats
  PASS Z42TestBenchStats.test_result_json_escapes_reason
  PASS Z42TestBenchStats.test_esc_escapes_specials

  Result: 11 passed, 0 failed, 0 skipped

── test target: dogfood ──
compiled: /Users/d.s.qiu/Documents/codesigner-ui/z42-callarity/src/libraries/z42.test/artifacts/z42.test/debug/build/app.zpkg
compiled: /Users/d.s.qiu/Documents/codesigner-ui/z42-callarity/src/libraries/z42.test/artifacts/test-targets/dogfood/build/app.zpkg
  PASS Z42TestDogfood.test_assert_equal_pass
  PASS Z42TestDogfood.test_assert_notequal_pass
  PASS Z42TestDogfood.test_assert_true_false_pass
  PASS Z42TestDogfood.test_assert_null_pass
  PASS Z42TestDogfood.test_assert_contains_pass
  PASS Z42TestDogfood.test_assert_fail_throws_testfailure
  PASS Z42TestDogfood.test_assert_skip_throws_skipsignal
  PASS Z42TestDogfood.test_assert_fail_caught_via_exception_base
  PASS Z42TestDogfood.test_testio_capture_stdout
  PASS Z42TestDogfood.test_testio_capture_stderr
  PASS Z42TestDogfood.test_testio_capture_both
  PASS Z42TestDogfood.test_testio_capture_nested_stdout
  PASS Z42TestDogfood.test_testio_capture_rethrows_body_exception
  PASS Z42TestDogfood.test_assert_throws_match
  PASS Z42TestDogfood.test_assert_throws_any_exception
  PASS Z42TestDogfood.test_assert_throws_no_throw_fails
  PASS Z42TestDogfood.test_assert_throws_wrong_type_fails
  PASS Z42TestDogfood.test_assert_does_not_throw_pass
  PASS Z42TestDogfood.test_assert_does_not_throw_actually_throws_fails
  PASS Z42TestDogfood.test_assert_equal_approx_within_eps
  PASS Z42TestDogfood.test_assert_equal_approx_beyond_eps_fails
  PASS Z42TestDogfood.test_bencher_default_is_adaptive
  PASS Z42TestDogfood.test_bencher_custom_iter_counts
  PASS Z42TestDogfood.test_bencher_stat_invariants
  PASS Z42TestDogfood.test_bencher_print_summary_format
  PASS Z42TestDogfood.test_bench_helpers_black_box_passthrough
  PASS Z42TestDogfood.test_exit_code_zero_runnable_is_failure
  PASS Z42TestDogfood.test_exit_code_failures_are_failure
  PASS Z42TestDogfood.test_exit_code_all_passed_is_success

  Result: 29 passed, 0 failed, 0 skipped

── test target: failure_location_demo ──
compiled: /Users/d.s.qiu/Documents/codesigner-ui/z42-callarity/src/libraries/z42.test/artifacts/z42.test/debug/build/app.zpkg
compiled: /Users/d.s.qiu/Documents/codesigner-ui/z42-callarity/src/libraries/z42.test/artifacts/test-targets/failure_location_demo/build/app.zpkg
  PASS Z42TestFailureLocationDemo.test_runtime_populates_stack_trace_on_assert_failure

  Result: 1 passed, 0 failed, 0 skipped

── test target: skip_platform_demo ──
compiled: /Users/d.s.qiu/Documents/codesigner-ui/z42-callarity/src/libraries/z42.test/artifacts/z42.test/debug/build/app.zpkg
compiled: /Users/d.s.qiu/Documents/codesigner-ui/z42-callarity/src/libraries/z42.test/artifacts/test-targets/skip_platform_demo/build/app.zpkg
  PASS Z42TestSkipPlatformDemo.test_skip_on_linux
  SKIP Z42TestSkipPlatformDemo.test_skip_on_macos (macos-only demo: skipped on macos, runs elsewhere)
  PASS Z42TestSkipPlatformDemo.test_skip_on_windows
  PASS Z42TestSkipPlatformDemo.test_skip_on_ios
  PASS Z42TestSkipPlatformDemo.test_skip_on_android
  PASS Z42TestSkipPlatformDemo.test_skip_on_wasm
  PASS Z42TestSkipPlatformDemo.test_skip_on_freebsd
  PASS Z42TestSkipPlatformDemo.test_skip_on_atari_never_matches
  SKIP Z42TestSkipPlatformDemo.test_skip_unknown_feature_is_denied (unknown feature must skip via deny-by-default)

  Result: 7 passed, 0 failed, 2 skipped

── z42.text (test, z42b) : 3 unit(s) ──

── test target: levenshtein ──
compiled: /Users/d.s.qiu/Documents/codesigner-ui/z42-callarity/src/libraries/z42.text/artifacts/z42.text/debug/build/app.zpkg
compiled: /Users/d.s.qiu/Documents/codesigner-ui/z42-callarity/src/libraries/z42.text/artifacts/test-targets/levenshtein/build/app.zpkg
  PASS Z42TextLevenshteinTests.test_distance_identical_is_zero
  PASS Z42TextLevenshteinTests.test_distance_kitten_sitting_is_three
  PASS Z42TextLevenshteinTests.test_distance_flaw_lawn_is_two
  PASS Z42TextLevenshteinTests.test_distance_is_symmetric
  PASS Z42TextLevenshteinTests.test_distance_empty_to_nonempty_is_length
  PASS Z42TextLevenshteinTests.test_distance_single_substitution
  PASS Z42TextLevenshteinTests.test_distance_single_insertion
  PASS Z42TextLevenshteinTests.test_distance_single_deletion
  PASS Z42TextLevenshteinTests.test_distance_completely_different_is_max_length
  PASS Z42TextLevenshteinTests.test_distance_longer_a_works_too
  PASS Z42TextLevenshteinTests.test_similarity_ratio_identical_is_one
  PASS Z42TextLevenshteinTests.test_similarity_ratio_empty_pair_is_one
  PASS Z42TextLevenshteinTests.test_similarity_ratio_one_subst_in_four_is_three_quarters
  PASS Z42TextLevenshteinTests.test_similarity_ratio_completely_different_is_zero
  PASS Z42TextLevenshteinTests.test_similarity_ratio_empty_vs_nonempty_is_zero
  PASS Z42TextLevenshteinTests.test_distance_unicode_treated_per_codepoint

  Result: 16 passed, 0 failed, 0 skipped

── test target: stringbuilder ──
compiled: /Users/d.s.qiu/Documents/codesigner-ui/z42-callarity/src/libraries/z42.text/artifacts/z42.text/debug/build/app.zpkg
compiled: /Users/d.s.qiu/Documents/codesigner-ui/z42-callarity/src/libraries/z42.text/artifacts/test-targets/stringbuilder/build/app.zpkg
  PASS Z42TextTests.test_empty_builder
  PASS Z42TextTests.test_append_single
  PASS Z42TextTests.test_append_multiple
  PASS Z42TextTests.test_append_chain
  PASS Z42TextTests.test_append_line
  PASS Z42TextTests.test_grow_beyond_initial_capacity
  PASS Z42TextTests.test_append_char
  PASS Z42TextTests.test_append_char_and_string_mixed
  PASS Z42TextTests.test_append_string_overload_matches_object
  PASS Z42TextTests.test_append_object_nonstring_still_works
  PASS Z42TextTests.test_clear_resets_to_empty
  PASS Z42TextTests.test_length_property_getter
  PASS Z42TextTests.test_indexer_get
  PASS Z42TextTests.test_indexer_set
  PASS Z42TextTests.test_insert_string_middle
  PASS Z42TextTests.test_insert_at_start_and_end
  PASS Z42TextTests.test_insert_char_and_object
  PASS Z42TextTests.test_remove_range
  PASS Z42TextTests.test_replace_all
  PASS Z42TextTests.test_append_format
  PASS Z42TextTests.test_edit_chain_returns_this

  Result: 21 passed, 0 failed, 0 skipped

── test target: strings ──
compiled: /Users/d.s.qiu/Documents/codesigner-ui/z42-callarity/src/libraries/z42.text/artifacts/z42.text/debug/build/app.zpkg
compiled: /Users/d.s.qiu/Documents/codesigner-ui/z42-callarity/src/libraries/z42.text/artifacts/test-targets/strings/build/app.zpkg
  PASS Z42TextStringsTests.test_pad_left_adds_fill_chars
  PASS Z42TextStringsTests.test_pad_left_returns_input_when_already_wider
  PASS Z42TextStringsTests.test_pad_left_exact_width_returns_input
  PASS Z42TextStringsTests.test_pad_left_empty_pads_to_all_fill
  PASS Z42TextStringsTests.test_pad_right_adds_fill_chars
  PASS Z42TextStringsTests.test_pad_right_returns_input_when_already_wider
  PASS Z42TextStringsTests.test_repeat_concatenates_n_times
  PASS Z42TextStringsTests.test_repeat_zero_returns_empty
  PASS Z42TextStringsTests.test_repeat_negative_returns_empty
  PASS Z42TextStringsTests.test_repeat_empty_string_returns_empty
  PASS Z42TextStringsTests.test_repeat_one_returns_input_value
  PASS Z42TextStringsTests.test_index_of_any_finds_first_matching_char
  PASS Z42TextStringsTests.test_index_of_any_returns_minus_one_when_no_match
  PASS Z42TextStringsTests.test_index_of_any_empty_needles_returns_minus_one
  PASS Z42TextStringsTests.test_index_of_any_at_position_zero
  PASS Z42TextStringsTests.test_trim_chars_strips_both_ends
  PASS Z42TextStringsTests.test_trim_chars_strips_mixed_charset
  PASS Z42TextStringsTests.test_trim_chars_returns_input_when_no_trim_needed
  PASS Z42TextStringsTests.test_trim_chars_strips_to_empty_when_all_junk
  PASS Z42TextStringsTests.test_trim_chars_empty_charset_returns_input

  Result: 20 passed, 0 failed, 0 skipped

── z42.threading (test, z42b) : 17 unit(s) ──

── test target: channel_basic ──
compiled: /Users/d.s.qiu/Documents/codesigner-ui/z42-callarity/src/libraries/z42.threading/artifacts/z42.threading/debug/build/app.zpkg
compiled: /Users/d.s.qiu/Documents/codesigner-ui/z42-callarity/src/libraries/z42.threading/artifacts/test-targets/channel_basic/build/app.zpkg
  PASS Z42ThreadingChannelBasicTests.test_single_send_then_recv_same_thread
  PASS Z42ThreadingChannelBasicTests.test_multi_send_recv_fifo_order
  PASS Z42ThreadingChannelBasicTests.test_try_recv_empty_returns_discriminator_1
  PASS Z42ThreadingChannelBasicTests.test_try_recv_with_pending_returns_value
  PASS Z42ThreadingChannelBasicTests.test_producer_consumer_hand_off_across_threads

  Result: 5 passed, 0 failed, 0 skipped

── test target: channel_bounded ──
compiled: /Users/d.s.qiu/Documents/codesigner-ui/z42-callarity/src/libraries/z42.threading/artifacts/z42.threading/debug/build/app.zpkg
compiled: /Users/d.s.qiu/Documents/codesigner-ui/z42-callarity/src/libraries/z42.threading/artifacts/test-targets/channel_bounded/build/app.zpkg
  PASS Z42ThreadingChannelBoundedTests.test_bounded_basic_send_recv
  PASS Z42ThreadingChannelBoundedTests.test_bounded_back_pressure_with_slow_consumer

  Result: 2 passed, 0 failed, 0 skipped

── test target: channel_disconnect ──
compiled: /Users/d.s.qiu/Documents/codesigner-ui/z42-callarity/src/libraries/z42.threading/artifacts/z42.threading/debug/build/app.zpkg
compiled: /Users/d.s.qiu/Documents/codesigner-ui/z42-callarity/src/libraries/z42.threading/artifacts/test-targets/channel_disconnect/build/app.zpkg
  PASS Z42ThreadingChannelDisconnectTests.test_close_then_recv_throws_disconnected
  PASS Z42ThreadingChannelDisconnectTests.test_close_drains_pending_before_disconnect
  PASS Z42ThreadingChannelDisconnectTests.test_try_recv_after_close_drained_returns_discriminator_2

  Result: 3 passed, 0 failed, 0 skipped

── test target: gc_park_while_blocked ──
compiled: /Users/d.s.qiu/Documents/codesigner-ui/z42-callarity/src/libraries/z42.threading/artifacts/z42.threading/debug/build/app.zpkg
compiled: /Users/d.s.qiu/Documents/codesigner-ui/z42-callarity/src/libraries/z42.threading/artifacts/test-targets/gc_park_while_blocked/build/app.zpkg
  PASS Z42ThreadingGcParkWhileBlockedTests.test_channel_recv_parks_while_producer_allocates
  PASS Z42ThreadingGcParkWhileBlockedTests.test_thread_join_parks_while_worker_allocates
  PASS Z42ThreadingGcParkWhileBlockedTests.test_mutex_acquire_parks_while_holder_allocates

  Result: 3 passed, 0 failed, 0 skipped

── test target: gc_spawn_env_root ──
compiled: /Users/d.s.qiu/Documents/codesigner-ui/z42-callarity/src/libraries/z42.threading/artifacts/z42.threading/debug/build/app.zpkg
compiled: /Users/d.s.qiu/Documents/codesigner-ui/z42-callarity/src/libraries/z42.threading/artifacts/test-targets/gc_spawn_env_root/build/app.zpkg
  PASS Z42ThreadingGcSpawnEnvRootTests.test_spawned_action_env_survives_a_collection_before_the_worker_starts

  Result: 1 passed, 0 failed, 0 skipped

── test target: gc_sync_values_rooted ──
compiled: /Users/d.s.qiu/Documents/codesigner-ui/z42-callarity/src/libraries/z42.threading/artifacts/z42.threading/debug/build/app.zpkg
compiled: /Users/d.s.qiu/Documents/codesigner-ui/z42-callarity/src/libraries/z42.threading/artifacts/test-targets/gc_sync_values_rooted/build/app.zpkg
  PASS Z42ThreadingGcSyncValuesRootedTests.test_channel_queued_values_survive_collection
  PASS Z42ThreadingGcSyncValuesRootedTests.test_unbounded_channel_queued_values_survive_collection
  PASS Z42ThreadingGcSyncValuesRootedTests.test_mutex_value_survives_collection
  PASS Z42ThreadingGcSyncValuesRootedTests.test_mutex_stored_value_survives_collection
  PASS Z42ThreadingGcSyncValuesRootedTests.test_rwlock_value_survives_collection_read
  PASS Z42ThreadingGcSyncValuesRootedTests.test_rwlock_value_survives_collection_write
  PASS Z42ThreadingGcSyncValuesRootedTests.test_rwlock_stored_value_survives_collection
  PASS Z42ThreadingGcSyncValuesRootedTests.test_abandoned_mutex_does_not_retain_value

  Result: 8 passed, 0 failed, 0 skipped

── test target: lock_release_on_throw ──
compiled: /Users/d.s.qiu/Documents/codesigner-ui/z42-callarity/src/libraries/z42.threading/artifacts/z42.threading/debug/build/app.zpkg
compiled: /Users/d.s.qiu/Documents/codesigner-ui/z42-callarity/src/libraries/z42.threading/artifacts/test-targets/lock_release_on_throw/build/app.zpkg
  PASS Z42ThreadingLockReleaseOnThrowTests.test_mutex_releases_lock_when_body_throws
  PASS Z42ThreadingLockReleaseOnThrowTests.test_rwlock_write_releases_lock_when_body_throws
  PASS Z42ThreadingLockReleaseOnThrowTests.test_rwlock_read_releases_lock_when_body_throws
  PASS Z42ThreadingLockReleaseOnThrowTests.test_trywrite_releases_lock_when_body_throws
  PASS Z42ThreadingLockReleaseOnThrowTests.test_tryread_releases_lock_when_body_throws

  Result: 5 passed, 0 failed, 0 skipped

── test target: mutex_basic ──
compiled: /Users/d.s.qiu/Documents/codesigner-ui/z42-callarity/src/libraries/z42.threading/artifacts/z42.threading/debug/build/app.zpkg
compiled: /Users/d.s.qiu/Documents/codesigner-ui/z42-callarity/src/libraries/z42.threading/artifacts/test-targets/mutex_basic/build/app.zpkg
  PASS Z42ThreadingMutexBasicTests.test_mutex_single_thread_lock_increment
  PASS Z42ThreadingMutexBasicTests.test_two_workers_concurrent_increments_serialised

  Result: 2 passed, 0 failed, 0 skipped

── test target: rwlock_basic ──
compiled: /Users/d.s.qiu/Documents/codesigner-ui/z42-callarity/src/libraries/z42.threading/artifacts/z42.threading/debug/build/app.zpkg
compiled: /Users/d.s.qiu/Documents/codesigner-ui/z42-callarity/src/libraries/z42.threading/artifacts/test-targets/rwlock_basic/build/app.zpkg
  PASS Z42ThreadingRwLockBasicTests.test_single_thread_read_write_cycle
  PASS Z42ThreadingRwLockBasicTests.test_concurrent_readers_observe_consistent
  PASS Z42ThreadingRwLockBasicTests.test_writer_blocks_readers_then_unblocks

  Result: 3 passed, 0 failed, 0 skipped

── test target: sync_semantics_edges ──
compiled: /Users/d.s.qiu/Documents/codesigner-ui/z42-callarity/src/libraries/z42.threading/artifacts/z42.threading/debug/build/app.zpkg
compiled: /Users/d.s.qiu/Documents/codesigner-ui/z42-callarity/src/libraries/z42.threading/artifacts/test-targets/sync_semantics_edges/build/app.zpkg
  PASS Z42ThreadingSyncSemanticsEdgesTests.test_mutex_reentrant_lock_throws_and_outer_still_commits
  PASS Z42ThreadingSyncSemanticsEdgesTests.test_rwlock_write_inside_write_throws
  PASS Z42ThreadingSyncSemanticsEdgesTests.test_rwlock_read_inside_write_throws
  PASS Z42ThreadingSyncSemanticsEdgesTests.test_send_after_close_throws_channel_disconnected
  PASS Z42ThreadingSyncSemanticsEdgesTests.test_negative_capacity_throws
  PASS Z42ThreadingSyncSemanticsEdgesTests.test_rendezvous_send_blocks_until_received
  PASS Z42ThreadingSyncSemanticsEdgesTests.test_rendezvous_try_send_without_receiver_fails
  PASS Z42ThreadingSyncSemanticsEdgesTests.test_unbounded_growth_across_wraparound_preserves_order
  PASS Z42ThreadingSyncSemanticsEdgesTests.test_cross_thread_objects_survive_gc_pressure
  PASS Z42ThreadingSyncSemanticsEdgesTests.test_close_releases_all_blocked_receivers

  Result: 10 passed, 0 failed, 0 skipped

── test target: thread_basic ──
compiled: /Users/d.s.qiu/Documents/codesigner-ui/z42-callarity/src/libraries/z42.threading/artifacts/z42.threading/debug/build/app.zpkg
compiled: /Users/d.s.qiu/Documents/codesigner-ui/z42-callarity/src/libraries/z42.threading/artifacts/test-targets/thread_basic/build/app.zpkg
  PASS Z42ThreadingBasicTests.test_spawn_empty_action_then_join
  PASS Z42ThreadingBasicTests.test_join_after_join_throws_thread_exception

  Result: 2 passed, 0 failed, 0 skipped

── test target: thread_many ──
compiled: /Users/d.s.qiu/Documents/codesigner-ui/z42-callarity/src/libraries/z42.threading/artifacts/z42.threading/debug/build/app.zpkg
compiled: /Users/d.s.qiu/Documents/codesigner-ui/z42-callarity/src/libraries/z42.threading/artifacts/test-targets/thread_many/build/app.zpkg
  PASS Z42ThreadingManyTests.test_spawn_ten_threads_all_join
  PASS Z42ThreadingManyTests.test_spawn_many_slot_ids_unique_and_monotonic

  Result: 2 passed, 0 failed, 0 skipped

── test target: thread_shared_static ──
compiled: /Users/d.s.qiu/Documents/codesigner-ui/z42-callarity/src/libraries/z42.threading/artifacts/z42.threading/debug/build/app.zpkg
compiled: /Users/d.s.qiu/Documents/codesigner-ui/z42-callarity/src/libraries/z42.threading/artifacts/test-targets/thread_shared_static/build/app.zpkg
  PASS Z42ThreadingSharedStaticTests.test_worker_write_visible_after_join
  PASS Z42ThreadingSharedStaticTests.test_two_workers_then_join_sum_observed

  Result: 2 passed, 0 failed, 0 skipped

── test target: thread_sleep ──
compiled: /Users/d.s.qiu/Documents/codesigner-ui/z42-callarity/src/libraries/z42.threading/artifacts/z42.threading/debug/build/app.zpkg
compiled: /Users/d.s.qiu/Documents/codesigner-ui/z42-callarity/src/libraries/z42.threading/artifacts/test-targets/thread_sleep/build/app.zpkg
  PASS Z42ThreadingThreadSleepTests.test_sleep_actually_blocks
  PASS Z42ThreadingThreadSleepTests.test_sleep_zero_returns_immediately
  PASS Z42ThreadingThreadSleepTests.test_sleep_negative_saturates_to_zero

  Result: 3 passed, 0 failed, 0 skipped

── test target: thread_throws ──
compiled: /Users/d.s.qiu/Documents/codesigner-ui/z42-callarity/src/libraries/z42.threading/artifacts/z42.threading/debug/build/app.zpkg
compiled: /Users/d.s.qiu/Documents/codesigner-ui/z42-callarity/src/libraries/z42.threading/artifacts/test-targets/thread_throws/build/app.zpkg
  PASS Z42ThreadingThrowsTests.test_worker_throw_propagates_as_thread_exception
  PASS Z42ThreadingThrowsTests.test_worker_throw_subclass_propagates_as_thread_exception

  Result: 2 passed, 0 failed, 0 skipped

── test target: timer_basic ──
compiled: /Users/d.s.qiu/Documents/codesigner-ui/z42-callarity/src/libraries/z42.threading/artifacts/z42.threading/debug/build/app.zpkg
compiled: /Users/d.s.qiu/Documents/codesigner-ui/z42-callarity/src/libraries/z42.threading/artifacts/test-targets/timer_basic/build/app.zpkg
  PASS Z42ThreadingTimerTests.test_periodic_fires_multiple_times
  PASS Z42ThreadingTimerTests.test_start_once_fires_exactly_once
  PASS Z42ThreadingTimerTests.test_start_once_cancelled_before_fire
  PASS Z42ThreadingTimerTests.test_stop_responsive_for_large_interval
  PASS Z42ThreadingTimerTests.test_stop_idempotent
  PASS Z42ThreadingTimerTests.test_callback_exception_does_not_kill_timer
  PASS Z42ThreadingTimerTests.test_stop_and_join_waits_for_in_flight_callback
  PASS Z42ThreadingTimerTests.test_is_running_reflects_state
  PASS Z42ThreadingTimerTests.test_zero_interval_throws_argument_exception
  PASS Z42ThreadingTimerTests.test_negative_delay_once_throws

  Result: 10 passed, 0 failed, 0 skipped
[ERROR 2026-09-14T15:49:21.545Z] Timer.StartPeriodic: callback threw: first fire intentionally fails

── test target: try_variants ──
compiled: /Users/d.s.qiu/Documents/codesigner-ui/z42-callarity/src/libraries/z42.threading/artifacts/z42.threading/debug/build/app.zpkg
compiled: /Users/d.s.qiu/Documents/codesigner-ui/z42-callarity/src/libraries/z42.threading/artifacts/test-targets/try_variants/build/app.zpkg
  PASS Z42ThreadingTryVariantsTests.test_try_send_unbounded_succeeds
  PASS Z42ThreadingTryVariantsTests.test_try_send_bounded_full_returns_false
  PASS Z42ThreadingTryVariantsTests.test_try_send_closed_returns_false
  PASS Z42ThreadingTryVariantsTests.test_try_read_uncontended_succeeds
  PASS Z42ThreadingTryVariantsTests.test_try_write_uncontended_succeeds

  Result: 5 passed, 0 failed, 0 skipped

── z42.toml (test, z42b) : 8 unit(s) ──

── test target: parse_array ──
compiled: /Users/d.s.qiu/Documents/codesigner-ui/z42-callarity/src/libraries/z42.toml/artifacts/z42.toml/debug/build/app.zpkg
compiled: /Users/d.s.qiu/Documents/codesigner-ui/z42-callarity/src/libraries/z42.toml/artifacts/test-targets/parse_array/build/app.zpkg
  PASS Z42TomlArrayTests.test_empty_array
  PASS Z42TomlArrayTests.test_int_array
  PASS Z42TomlArrayTests.test_string_array
  PASS Z42TomlArrayTests.test_nested_array
  PASS Z42TomlArrayTests.test_array_trailing_comma_ok
  PASS Z42TomlArrayTests.test_array_multiline
  PASS Z42TomlArrayTests.test_inline_table
  PASS Z42TomlArrayTests.test_array_of_tables

  Result: 8 passed, 0 failed, 0 skipped

── test target: parse_basic ──
compiled: /Users/d.s.qiu/Documents/codesigner-ui/z42-callarity/src/libraries/z42.toml/artifacts/z42.toml/debug/build/app.zpkg
compiled: /Users/d.s.qiu/Documents/codesigner-ui/z42-callarity/src/libraries/z42.toml/artifacts/test-targets/parse_basic/build/app.zpkg
  PASS Z42TomlBasicTests.test_empty_document
  PASS Z42TomlBasicTests.test_single_string_kv
  PASS Z42TomlBasicTests.test_integer
  PASS Z42TomlBasicTests.test_negative_integer
  PASS Z42TomlBasicTests.test_double
  PASS Z42TomlBasicTests.test_double_exponent
  PASS Z42TomlBasicTests.test_bool_true_false
  PASS Z42TomlBasicTests.test_multiple_kv
  PASS Z42TomlBasicTests.test_simple_section
  PASS Z42TomlBasicTests.test_nested_section
  PASS Z42TomlBasicTests.test_comments_skipped
  PASS Z42TomlBasicTests.test_dotted_key
  PASS Z42TomlBasicTests.test_kind_predicates
  PASS Z42TomlBasicTests.test_kind_name

  Result: 14 passed, 0 failed, 0 skipped

── test target: parse_errors ──
compiled: /Users/d.s.qiu/Documents/codesigner-ui/z42-callarity/src/libraries/z42.toml/artifacts/z42.toml/debug/build/app.zpkg
compiled: /Users/d.s.qiu/Documents/codesigner-ui/z42-callarity/src/libraries/z42.toml/artifacts/test-targets/parse_errors/build/app.zpkg
  PASS Z42TomlErrorsTests.test_duplicate_key_rejected
  PASS Z42TomlErrorsTests.test_duplicate_section_rejected
  PASS Z42TomlErrorsTests.test_unterminated_string
  PASS Z42TomlErrorsTests.test_unterminated_section
  PASS Z42TomlErrorsTests.test_missing_value_after_equals
  PASS Z42TomlErrorsTests.test_error_has_line_info
  PASS Z42TomlErrorsTests.test_deep_nesting_rejected
  PASS Z42TomlErrorsTests.test_moderate_nesting_ok
  PASS Z42TomlErrorsTests.test_reject_multiple_dots
  PASS Z42TomlErrorsTests.test_reject_multiple_exponents
  PASS Z42TomlErrorsTests.test_reject_leading_zero_int
  PASS Z42TomlErrorsTests.test_reject_leading_zero_float
  PASS Z42TomlErrorsTests.test_accept_valid_zero_forms

  Result: 13 passed, 0 failed, 0 skipped

── test target: parse_multiline_strings ──
compiled: /Users/d.s.qiu/Documents/codesigner-ui/z42-callarity/src/libraries/z42.toml/artifacts/z42.toml/debug/build/app.zpkg
compiled: /Users/d.s.qiu/Documents/codesigner-ui/z42-callarity/src/libraries/z42.toml/artifacts/test-targets/parse_multiline_strings/build/app.zpkg
  PASS Z42TomlParseMultilineStringsTests.test_basic_multiline_two_lines
  PASS Z42TomlParseMultilineStringsTests.test_basic_multiline_trims_leading_newline
  PASS Z42TomlParseMultilineStringsTests.test_basic_multiline_with_escapes
  PASS Z42TomlParseMultilineStringsTests.test_basic_multiline_with_inner_quote
  PASS Z42TomlParseMultilineStringsTests.test_basic_multiline_with_two_inner_quotes
  PASS Z42TomlParseMultilineStringsTests.test_basic_multiline_line_continuation
  PASS Z42TomlParseMultilineStringsTests.test_basic_multiline_multiple_continuations
  PASS Z42TomlParseMultilineStringsTests.test_literal_multiline_basic
  PASS Z42TomlParseMultilineStringsTests.test_literal_multiline_no_escapes
  PASS Z42TomlParseMultilineStringsTests.test_literal_multiline_trims_leading_newline
  PASS Z42TomlParseMultilineStringsTests.test_literal_multiline_with_inner_quote
  PASS Z42TomlParseMultilineStringsTests.test_multiline_python_snippet
  PASS Z42TomlParseMultilineStringsTests.test_multiline_in_table
  PASS Z42TomlParseMultilineStringsTests.test_basic_multiline_empty
  PASS Z42TomlParseMultilineStringsTests.test_literal_multiline_empty
  PASS Z42TomlParseMultilineStringsTests.test_basic_multiline_only_newline
  PASS Z42TomlParseMultilineStringsTests.test_unterminated_basic_multiline_throws
  PASS Z42TomlParseMultilineStringsTests.test_unterminated_literal_multiline_throws
  PASS Z42TomlParseMultilineStringsTests.test_single_line_basic_unchanged
  PASS Z42TomlParseMultilineStringsTests.test_single_line_literal_unchanged

  Result: 20 passed, 0 failed, 0 skipped

── test target: parse_numeric_bases ──
compiled: /Users/d.s.qiu/Documents/codesigner-ui/z42-callarity/src/libraries/z42.toml/artifacts/z42.toml/debug/build/app.zpkg
compiled: /Users/d.s.qiu/Documents/codesigner-ui/z42-callarity/src/libraries/z42.toml/artifacts/test-targets/parse_numeric_bases/build/app.zpkg
  PASS Z42TomlParseNumericBasesTests.test_hex_uppercase
  PASS Z42TomlParseNumericBasesTests.test_hex_lowercase
  PASS Z42TomlParseNumericBasesTests.test_hex_mixed_case
  PASS Z42TomlParseNumericBasesTests.test_hex_max_i64
  PASS Z42TomlParseNumericBasesTests.test_octal_basic
  PASS Z42TomlParseNumericBasesTests.test_octal_file_mode
  PASS Z42TomlParseNumericBasesTests.test_octal_zero
  PASS Z42TomlParseNumericBasesTests.test_binary_basic
  PASS Z42TomlParseNumericBasesTests.test_binary_byte
  PASS Z42TomlParseNumericBasesTests.test_decimal_with_underscore
  PASS Z42TomlParseNumericBasesTests.test_negative_decimal_with_underscore
  PASS Z42TomlParseNumericBasesTests.test_float_with_underscore_in_mantissa
  PASS Z42TomlParseNumericBasesTests.test_float_with_underscore_in_exponent_mantissa
  PASS Z42TomlParseNumericBasesTests.test_hex_with_underscore
  PASS Z42TomlParseNumericBasesTests.test_binary_with_underscore_nibbles
  PASS Z42TomlParseNumericBasesTests.test_octal_with_underscore
  PASS Z42TomlParseNumericBasesTests.test_leading_underscore_throws
  PASS Z42TomlParseNumericBasesTests.test_trailing_underscore_throws
  PASS Z42TomlParseNumericBasesTests.test_double_underscore_throws
  PASS Z42TomlParseNumericBasesTests.test_hex_leading_underscore_throws
  PASS Z42TomlParseNumericBasesTests.test_bin_trailing_underscore_throws
  PASS Z42TomlParseNumericBasesTests.test_array_of_hex_values
  PASS Z42TomlParseNumericBasesTests.test_array_of_underscored_integers
  PASS Z42TomlParseNumericBasesTests.test_plain_decimal_unchanged

  Result: 24 passed, 0 failed, 0 skipped

── test target: parse_strings ──
compiled: /Users/d.s.qiu/Documents/codesigner-ui/z42-callarity/src/libraries/z42.toml/artifacts/z42.toml/debug/build/app.zpkg
compiled: /Users/d.s.qiu/Documents/codesigner-ui/z42-callarity/src/libraries/z42.toml/artifacts/test-targets/parse_strings/build/app.zpkg
  PASS Z42TomlStringsTests.test_basic_string
  PASS Z42TomlStringsTests.test_literal_string_no_escape
  PASS Z42TomlStringsTests.test_basic_string_escapes
  PASS Z42TomlStringsTests.test_basic_string_quote_escape
  PASS Z42TomlStringsTests.test_basic_string_backslash_escape
  PASS Z42TomlStringsTests.test_unicode_escape_4digit
  PASS Z42TomlStringsTests.test_empty_string
  PASS Z42TomlStringsTests.test_string_with_section_chars

  Result: 8 passed, 0 failed, 0 skipped

── test target: stringify ──
compiled: /Users/d.s.qiu/Documents/codesigner-ui/z42-callarity/src/libraries/z42.toml/artifacts/z42.toml/debug/build/app.zpkg
compiled: /Users/d.s.qiu/Documents/codesigner-ui/z42-callarity/src/libraries/z42.toml/artifacts/test-targets/stringify/build/app.zpkg
  PASS Z42TomlStringifyTests.test_stringify_simple
  PASS Z42TomlStringifyTests.test_round_trip_basic
  PASS Z42TomlStringifyTests.test_round_trip_section
  PASS Z42TomlStringifyTests.test_round_trip_array
  PASS Z42TomlStringifyTests.test_stringify_rejects_non_table_root
  PASS Z42TomlStringifyTests.test_stringify_preserves_insertion_order
  PASS Z42TomlStringifyTests.test_round_trip_preserves_key_order
  PASS Z42TomlStringifyTests.test_double_preserves_decimal

  Result: 8 passed, 0 failed, 0 skipped

── test target: toml_stream ──
compiled: /Users/d.s.qiu/Documents/codesigner-ui/z42-callarity/src/libraries/z42.toml/artifacts/z42.toml/debug/build/app.zpkg
compiled: /Users/d.s.qiu/Documents/codesigner-ui/z42-callarity/src/libraries/z42.toml/artifacts/test-targets/toml_stream/build/app.zpkg
  PASS Z42TomlStreamTests.test_parse_from_memory_stream
  PASS Z42TomlStreamTests.test_parse_from_file_stream
  PASS Z42TomlStreamTests.test_parse_utf8_multibyte
  PASS Z42TomlStreamTests.test_write_to_memory_stream
  PASS Z42TomlStreamTests.test_round_trip_filestream
  PASS Z42TomlStreamTests.test_write_non_table_throws

  Result: 6 passed, 0 failed, 0 skipped

── z42.uri (test, z42b) : 6 unit(s) ──

── test target: default_port ──
compiled: /Users/d.s.qiu/Documents/codesigner-ui/z42-callarity/src/libraries/z42.uri/artifacts/z42.uri/debug/build/app.zpkg
compiled: /Users/d.s.qiu/Documents/codesigner-ui/z42-callarity/src/libraries/z42.uri/artifacts/test-targets/default_port/build/app.zpkg
  PASS Z42UriDefaultPortTests.test_explicit_port_overrides_default
  PASS Z42UriDefaultPortTests.test_https_explicit_port
  PASS Z42UriDefaultPortTests.test_http_default_80
  PASS Z42UriDefaultPortTests.test_https_default_443
  PASS Z42UriDefaultPortTests.test_ws_default_80
  PASS Z42UriDefaultPortTests.test_wss_default_443
  PASS Z42UriDefaultPortTests.test_unknown_scheme_no_port_returns_minus_one
  PASS Z42UriDefaultPortTests.test_unknown_scheme_with_explicit_port_uses_explicit
  PASS Z42UriDefaultPortTests.test_default_port_for_http
  PASS Z42UriDefaultPortTests.test_default_port_for_https
  PASS Z42UriDefaultPortTests.test_default_port_for_ssh
  PASS Z42UriDefaultPortTests.test_default_port_for_ftp
  PASS Z42UriDefaultPortTests.test_default_port_for_postgresql
  PASS Z42UriDefaultPortTests.test_default_port_for_mysql
  PASS Z42UriDefaultPortTests.test_default_port_for_redis
  PASS Z42UriDefaultPortTests.test_default_port_for_mongodb
  PASS Z42UriDefaultPortTests.test_default_port_case_insensitive_uppercase
  PASS Z42UriDefaultPortTests.test_default_port_case_insensitive_mixed
  PASS Z42UriDefaultPortTests.test_default_port_for_unknown_returns_minus_one
  PASS Z42UriDefaultPortTests.test_default_port_for_empty_returns_minus_one
  PASS Z42UriDefaultPortTests.test_db_connection_default_ports_sweep
  PASS Z42UriDefaultPortTests.test_mail_protocols

  Result: 22 passed, 0 failed, 0 skipped

── test target: encoding ──
compiled: /Users/d.s.qiu/Documents/codesigner-ui/z42-callarity/src/libraries/z42.uri/artifacts/z42.uri/debug/build/app.zpkg
compiled: /Users/d.s.qiu/Documents/codesigner-ui/z42-callarity/src/libraries/z42.uri/artifacts/test-targets/encoding/build/app.zpkg
  PASS Z42UriEncodingTests.test_encode_unreserved_unchanged
  PASS Z42UriEncodingTests.test_encode_space
  PASS Z42UriEncodingTests.test_encode_reserved_chars
  PASS Z42UriEncodingTests.test_decode_basic
  PASS Z42UriEncodingTests.test_decode_lowercase_hex
  PASS Z42UriEncodingTests.test_decode_plus_to_space
  PASS Z42UriEncodingTests.test_encode_decode_round_trip_ascii
  PASS Z42UriEncodingTests.test_encode_decode_round_trip_utf8
  PASS Z42UriEncodingTests.test_decode_truncated_throws
  PASS Z42UriEncodingTests.test_decode_bad_hex_throws

  Result: 10 passed, 0 failed, 0 skipped

── test target: ipv6_host ──
compiled: /Users/d.s.qiu/Documents/codesigner-ui/z42-callarity/src/libraries/z42.uri/artifacts/z42.uri/debug/build/app.zpkg
compiled: /Users/d.s.qiu/Documents/codesigner-ui/z42-callarity/src/libraries/z42.uri/artifacts/test-targets/ipv6_host/build/app.zpkg
  PASS Z42UriIPv6HostTests.test_parse_ipv6_loopback_with_port
  PASS Z42UriIPv6HostTests.test_parse_ipv6_full_no_port
  PASS Z42UriIPv6HostTests.test_ipv6_no_port_no_path
  PASS Z42UriIPv6HostTests.test_ipv6_round_trips_via_tostring
  PASS Z42UriIPv6HostTests.test_ipv4_host_unaffected
  PASS Z42UriIPv6HostTests.test_regname_host_unaffected
  PASS Z42UriIPv6HostTests.test_unterminated_ipv6_bracket_throws

  Result: 7 passed, 0 failed, 0 skipped

── test target: parse_basic ──
compiled: /Users/d.s.qiu/Documents/codesigner-ui/z42-callarity/src/libraries/z42.uri/artifacts/z42.uri/debug/build/app.zpkg
compiled: /Users/d.s.qiu/Documents/codesigner-ui/z42-callarity/src/libraries/z42.uri/artifacts/test-targets/parse_basic/build/app.zpkg
  PASS Z42UriBasicTests.test_simple_https_url
  PASS Z42UriBasicTests.test_http_with_port
  PASS Z42UriBasicTests.test_with_query_string
  PASS Z42UriBasicTests.test_with_fragment
  PASS Z42UriBasicTests.test_query_and_fragment
  PASS Z42UriBasicTests.test_user_info
  PASS Z42UriBasicTests.test_path_only_no_query
  PASS Z42UriBasicTests.test_empty_path
  PASS Z42UriBasicTests.test_opaque_uri_mailto
  PASS Z42UriBasicTests.test_file_uri
  PASS Z42UriBasicTests.test_round_trip_simple
  PASS Z42UriBasicTests.test_round_trip_with_port_and_user

  Result: 12 passed, 0 failed, 0 skipped

── test target: parse_errors ──
compiled: /Users/d.s.qiu/Documents/codesigner-ui/z42-callarity/src/libraries/z42.uri/artifacts/z42.uri/debug/build/app.zpkg
compiled: /Users/d.s.qiu/Documents/codesigner-ui/z42-callarity/src/libraries/z42.uri/artifacts/test-targets/parse_errors/build/app.zpkg
  PASS Z42UriErrorsTests.test_empty_input_throws
  PASS Z42UriErrorsTests.test_no_scheme_throws
  PASS Z42UriErrorsTests.test_scheme_starting_with_digit_throws
  PASS Z42UriErrorsTests.test_missing_colon_after_scheme_throws
  PASS Z42UriErrorsTests.test_empty_host_allowed
  PASS Z42UriErrorsTests.test_port_with_no_digits_throws

  Result: 6 passed, 0 failed, 0 skipped

── test target: resolve ──
compiled: /Users/d.s.qiu/Documents/codesigner-ui/z42-callarity/src/libraries/z42.uri/artifacts/z42.uri/debug/build/app.zpkg
compiled: /Users/d.s.qiu/Documents/codesigner-ui/z42-callarity/src/libraries/z42.uri/artifacts/test-targets/resolve/build/app.zpkg
  PASS Z42UriResolveTests.test_resolve_dotdot_climbs_one_segment
  PASS Z42UriResolveTests.test_resolve_relative_with_trailing_slash_base
  PASS Z42UriResolveTests.test_resolve_relative_without_trailing_slash_replaces_last_segment
  PASS Z42UriResolveTests.test_resolve_absolute_path_replaces_path
  PASS Z42UriResolveTests.test_resolve_protocol_relative_swaps_host
  PASS Z42UriResolveTests.test_resolve_query_only_keeps_base_path
  PASS Z42UriResolveTests.test_resolve_fragment_only_keeps_base_path_and_query
  PASS Z42UriResolveTests.test_resolve_absolute_reference_passes_through
  PASS Z42UriResolveTests.test_resolve_empty_reference_strips_fragment
  PASS Z42UriResolveTests.test_resolve_multiple_dotdot_collapses
  PASS Z42UriResolveTests.test_resolve_dotdot_at_root_clamps
  PASS Z42UriResolveTests.test_resolve_current_dir_dot_skipped
  PASS Z42UriResolveTests.test_resolve_relative_preserves_scheme_and_authority

  Result: 13 passed, 0 failed, 0 skipped

── z42.yaml (test, z42b) : 14 unit(s) ──

── test target: parse_anchors_aliases ──
compiled: /Users/d.s.qiu/Documents/codesigner-ui/z42-callarity/src/libraries/z42.yaml/artifacts/z42.yaml/debug/build/app.zpkg
compiled: /Users/d.s.qiu/Documents/codesigner-ui/z42-callarity/src/libraries/z42.yaml/artifacts/test-targets/parse_anchors_aliases/build/app.zpkg
  PASS Z42YamlParseAnchorsAliasesTests.test_scalar_anchor_then_alias
  PASS Z42YamlParseAnchorsAliasesTests.test_string_anchor_then_alias
  PASS Z42YamlParseAnchorsAliasesTests.test_mapping_anchor_block_form
  PASS Z42YamlParseAnchorsAliasesTests.test_alias_is_deep_clone_not_shared
  PASS Z42YamlParseAnchorsAliasesTests.test_sequence_anchor_block_form
  PASS Z42YamlParseAnchorsAliasesTests.test_anchor_in_sequence_item
  PASS Z42YamlParseAnchorsAliasesTests.test_anchor_with_flow_sequence
  PASS Z42YamlParseAnchorsAliasesTests.test_anchor_with_flow_mapping
  PASS Z42YamlParseAnchorsAliasesTests.test_multiple_anchors_independent
  PASS Z42YamlParseAnchorsAliasesTests.test_multiple_aliases_to_same_anchor
  PASS Z42YamlParseAnchorsAliasesTests.test_anchor_name_with_underscore_and_dash
  PASS Z42YamlParseAnchorsAliasesTests.test_undefined_alias_throws
  PASS Z42YamlParseAnchorsAliasesTests.test_forward_reference_throws
  PASS Z42YamlParseAnchorsAliasesTests.test_anchor_scope_per_document_in_parse_all
  PASS Z42YamlParseAnchorsAliasesTests.test_same_anchor_name_in_two_docs
  PASS Z42YamlParseAnchorsAliasesTests.test_nested_anchor_inside_aliased_block
  PASS Z42YamlParseAnchorsAliasesTests.test_alias_captures_value_at_declaration

  Result: 17 passed, 0 failed, 0 skipped

── test target: parse_basic ──
compiled: /Users/d.s.qiu/Documents/codesigner-ui/z42-callarity/src/libraries/z42.yaml/artifacts/z42.yaml/debug/build/app.zpkg
compiled: /Users/d.s.qiu/Documents/codesigner-ui/z42-callarity/src/libraries/z42.yaml/artifacts/test-targets/parse_basic/build/app.zpkg
  PASS Z42YamlParseBasicTests.test_empty_input_yields_null
  PASS Z42YamlParseBasicTests.test_null_tilde
  PASS Z42YamlParseBasicTests.test_null_word
  PASS Z42YamlParseBasicTests.test_bool_true
  PASS Z42YamlParseBasicTests.test_bool_false
  PASS Z42YamlParseBasicTests.test_int_positive
  PASS Z42YamlParseBasicTests.test_int_negative
  PASS Z42YamlParseBasicTests.test_float_decimal
  PASS Z42YamlParseBasicTests.test_float_exponent
  PASS Z42YamlParseBasicTests.test_plain_string
  PASS Z42YamlParseBasicTests.test_single_level_mapping
  PASS Z42YamlParseBasicTests.test_mapping_with_null_value
  PASS Z42YamlParseBasicTests.test_mapping_with_empty_value
  PASS Z42YamlParseBasicTests.test_comment_at_end_of_line
  PASS Z42YamlParseBasicTests.test_standalone_comment_lines
  PASS Z42YamlParseBasicTests.test_document_start_marker_ignored

  Result: 16 passed, 0 failed, 0 skipped

── test target: parse_block ──
compiled: /Users/d.s.qiu/Documents/codesigner-ui/z42-callarity/src/libraries/z42.yaml/artifacts/z42.yaml/debug/build/app.zpkg
compiled: /Users/d.s.qiu/Documents/codesigner-ui/z42-callarity/src/libraries/z42.yaml/artifacts/test-targets/parse_block/build/app.zpkg
  PASS Z42YamlParseBlockTests.test_nested_mapping
  PASS Z42YamlParseBlockTests.test_simple_block_sequence
  PASS Z42YamlParseBlockTests.test_mapping_with_block_sequence_value
  PASS Z42YamlParseBlockTests.test_deeply_nested_mapping
  PASS Z42YamlParseBlockTests.test_mixed_mapping_and_sequence
  PASS Z42YamlParseBlockTests.test_sequence_of_inline_mappings
  PASS Z42YamlParseBlockTests.test_top_level_sequence
  PASS Z42YamlParseBlockTests.test_empty_mapping_value_then_sibling

  Result: 8 passed, 0 failed, 0 skipped

── test target: parse_block_scalars ──
compiled: /Users/d.s.qiu/Documents/codesigner-ui/z42-callarity/src/libraries/z42.yaml/artifacts/z42.yaml/debug/build/app.zpkg
compiled: /Users/d.s.qiu/Documents/codesigner-ui/z42-callarity/src/libraries/z42.yaml/artifacts/test-targets/parse_block_scalars/build/app.zpkg
  PASS Z42YamlParseBlockScalarsTests.test_literal_two_lines
  PASS Z42YamlParseBlockScalarsTests.test_literal_single_line
  PASS Z42YamlParseBlockScalarsTests.test_literal_preserves_blank_line
  PASS Z42YamlParseBlockScalarsTests.test_literal_multiple_blank_lines
  PASS Z42YamlParseBlockScalarsTests.test_literal_strip_chomping
  PASS Z42YamlParseBlockScalarsTests.test_literal_strip_with_trailing_blanks
  PASS Z42YamlParseBlockScalarsTests.test_literal_keep_chomping
  PASS Z42YamlParseBlockScalarsTests.test_folded_two_lines_join_with_space
  PASS Z42YamlParseBlockScalarsTests.test_folded_blank_line_becomes_newline
  PASS Z42YamlParseBlockScalarsTests.test_folded_three_consecutive_non_blank_lines_fold
  PASS Z42YamlParseBlockScalarsTests.test_folded_strip_chomping
  PASS Z42YamlParseBlockScalarsTests.test_folded_keep_chomping
  PASS Z42YamlParseBlockScalarsTests.test_literal_in_sequence_item
  PASS Z42YamlParseBlockScalarsTests.test_folded_in_sequence_item
  PASS Z42YamlParseBlockScalarsTests.test_block_scalar_then_sibling_key
  PASS Z42YamlParseBlockScalarsTests.test_literal_extra_indent_preserved
  PASS Z42YamlParseBlockScalarsTests.test_empty_block_scalar
  PASS Z42YamlParseBlockScalarsTests.test_literal_at_eof_no_trailing_newline_in_src

  Result: 18 passed, 0 failed, 0 skipped

── test target: parse_errors ──
compiled: /Users/d.s.qiu/Documents/codesigner-ui/z42-callarity/src/libraries/z42.yaml/artifacts/z42.yaml/debug/build/app.zpkg
compiled: /Users/d.s.qiu/Documents/codesigner-ui/z42-callarity/src/libraries/z42.yaml/artifacts/test-targets/parse_errors/build/app.zpkg
  PASS Z42YamlParseErrorsTests.test_tab_in_indentation_throws
  PASS Z42YamlParseErrorsTests.test_unterminated_double_quote_throws
  PASS Z42YamlParseErrorsTests.test_unterminated_single_quote_throws
  PASS Z42YamlParseErrorsTests.test_unterminated_flow_sequence_throws
  PASS Z42YamlParseErrorsTests.test_unterminated_flow_mapping_throws
  PASS Z42YamlParseErrorsTests.test_duplicate_mapping_key_throws
  PASS Z42YamlParseErrorsTests.test_unknown_escape_in_double_quote_throws
  PASS Z42YamlParseErrorsTests.test_accessor_type_mismatch_throws
  PASS Z42YamlParseErrorsTests.test_missing_key_throws
  PASS Z42YamlParseErrorsTests.test_deep_flow_nesting_rejected
  PASS Z42YamlParseErrorsTests.test_moderate_flow_nesting_ok

  Result: 11 passed, 0 failed, 0 skipped

── test target: parse_flow ──
compiled: /Users/d.s.qiu/Documents/codesigner-ui/z42-callarity/src/libraries/z42.yaml/artifacts/z42.yaml/debug/build/app.zpkg
compiled: /Users/d.s.qiu/Documents/codesigner-ui/z42-callarity/src/libraries/z42.yaml/artifacts/test-targets/parse_flow/build/app.zpkg
  PASS Z42YamlParseFlowTests.test_empty_flow_sequence
  PASS Z42YamlParseFlowTests.test_empty_flow_mapping
  PASS Z42YamlParseFlowTests.test_flow_sequence_of_ints
  PASS Z42YamlParseFlowTests.test_flow_mapping_simple
  PASS Z42YamlParseFlowTests.test_block_mapping_with_flow_sequence_value
  PASS Z42YamlParseFlowTests.test_block_mapping_with_flow_mapping_value
  PASS Z42YamlParseFlowTests.test_nested_flow_sequence_inside_flow_sequence
  PASS Z42YamlParseFlowTests.test_nested_flow_mapping_inside_flow_sequence
  PASS Z42YamlParseFlowTests.test_flow_sequence_with_string_items
  PASS Z42YamlParseFlowTests.test_flow_sequence_with_mixed_types

  Result: 10 passed, 0 failed, 0 skipped

── test target: parse_merge_keys ──
compiled: /Users/d.s.qiu/Documents/codesigner-ui/z42-callarity/src/libraries/z42.yaml/artifacts/z42.yaml/debug/build/app.zpkg
compiled: /Users/d.s.qiu/Documents/codesigner-ui/z42-callarity/src/libraries/z42.yaml/artifacts/test-targets/parse_merge_keys/build/app.zpkg
  PASS Z42YamlParseMergeKeysTests.test_basic_merge_from_anchor
  PASS Z42YamlParseMergeKeysTests.test_explicit_after_merge_overrides
  PASS Z42YamlParseMergeKeysTests.test_explicit_before_merge_still_wins
  PASS Z42YamlParseMergeKeysTests.test_merge_sequence_earlier_source_wins
  PASS Z42YamlParseMergeKeysTests.test_merge_in_flow_mapping
  PASS Z42YamlParseMergeKeysTests.test_quoted_double_lt_stays_literal_key
  PASS Z42YamlParseMergeKeysTests.test_quoted_single_lt_stays_literal_key
  PASS Z42YamlParseMergeKeysTests.test_direct_mapping_as_merge_value
  PASS Z42YamlParseMergeKeysTests.test_merge_alias_to_scalar_throws
  PASS Z42YamlParseMergeKeysTests.test_merge_sequence_with_non_mapping_throws
  PASS Z42YamlParseMergeKeysTests.test_merge_value_null_throws
  PASS Z42YamlParseMergeKeysTests.test_docker_compose_pattern
  PASS Z42YamlParseMergeKeysTests.test_deep_clone_independence_across_siblings
  PASS Z42YamlParseMergeKeysTests.test_stringify_drops_merge_token
  PASS Z42YamlParseMergeKeysTests.test_per_doc_merge_scope_via_parse_all
  PASS Z42YamlParseMergeKeysTests.test_duplicate_explicit_key_after_merge_still_errors

  Result: 16 passed, 0 failed, 0 skipped

── test target: parse_multi_doc ──
compiled: /Users/d.s.qiu/Documents/codesigner-ui/z42-callarity/src/libraries/z42.yaml/artifacts/z42.yaml/debug/build/app.zpkg
compiled: /Users/d.s.qiu/Documents/codesigner-ui/z42-callarity/src/libraries/z42.yaml/artifacts/test-targets/parse_multi_doc/build/app.zpkg
  PASS Z42YamlParseMultiDocTests.test_two_docs_simple
  PASS Z42YamlParseMultiDocTests.test_three_docs
  PASS Z42YamlParseMultiDocTests.test_leading_dash_marker
  PASS Z42YamlParseMultiDocTests.test_trailing_dot_marker
  PASS Z42YamlParseMultiDocTests.test_dot_then_dash_between_docs
  PASS Z42YamlParseMultiDocTests.test_empty_input_returns_empty_array
  PASS Z42YamlParseMultiDocTests.test_whitespace_only_input_returns_empty_array
  PASS Z42YamlParseMultiDocTests.test_bare_dash_marker_yields_null_doc
  PASS Z42YamlParseMultiDocTests.test_two_dashes_yield_two_null_docs
  PASS Z42YamlParseMultiDocTests.test_single_doc_via_parse_all
  PASS Z42YamlParseMultiDocTests.test_mixed_doc_types
  PASS Z42YamlParseMultiDocTests.test_nested_mappings_per_doc
  PASS Z42YamlParseMultiDocTests.test_sequence_then_mapping
  PASS Z42YamlParseMultiDocTests.test_kubectl_style_manifest_stack
  PASS Z42YamlParseMultiDocTests.test_single_doc_parse_rejects_multi_doc
  PASS Z42YamlParseMultiDocTests.test_single_doc_parse_accepts_trailing_dots
  PASS Z42YamlParseMultiDocTests.test_comments_between_docs_preserved

  Result: 17 passed, 0 failed, 0 skipped

── test target: parse_numeric_bases ──
compiled: /Users/d.s.qiu/Documents/codesigner-ui/z42-callarity/src/libraries/z42.yaml/artifacts/z42.yaml/debug/build/app.zpkg
compiled: /Users/d.s.qiu/Documents/codesigner-ui/z42-callarity/src/libraries/z42.yaml/artifacts/test-targets/parse_numeric_bases/build/app.zpkg
  PASS Z42YamlParseNumericBasesTests.test_hex_uppercase
  PASS Z42YamlParseNumericBasesTests.test_hex_lowercase
  PASS Z42YamlParseNumericBasesTests.test_hex_mixed_case
  PASS Z42YamlParseNumericBasesTests.test_hex_zero
  PASS Z42YamlParseNumericBasesTests.test_hex_big
  PASS Z42YamlParseNumericBasesTests.test_hex_in_mapping_value
  PASS Z42YamlParseNumericBasesTests.test_octal_basic
  PASS Z42YamlParseNumericBasesTests.test_octal_zero
  PASS Z42YamlParseNumericBasesTests.test_octal_file_mode
  PASS Z42YamlParseNumericBasesTests.test_uppercase_X_not_hex_so_treated_as_string
  PASS Z42YamlParseNumericBasesTests.test_uppercase_O_not_octal_so_treated_as_string
  PASS Z42YamlParseNumericBasesTests.test_hex_with_invalid_char_falls_through
  PASS Z42YamlParseNumericBasesTests.test_octal_with_digit_8_falls_through
  PASS Z42YamlParseNumericBasesTests.test_decimal_zero_not_misread_as_base_prefix
  PASS Z42YamlParseNumericBasesTests.test_decimal_with_leading_zero
  PASS Z42YamlParseNumericBasesTests.test_negative_decimal_still_works
  PASS Z42YamlParseNumericBasesTests.test_bare_0x_treated_as_string
  PASS Z42YamlParseNumericBasesTests.test_bare_0o_treated_as_string
  PASS Z42YamlParseNumericBasesTests.test_hex_and_octal_in_sequence

  Result: 19 passed, 0 failed, 0 skipped

── test target: parse_strings ──
compiled: /Users/d.s.qiu/Documents/codesigner-ui/z42-callarity/src/libraries/z42.yaml/artifacts/z42.yaml/debug/build/app.zpkg
compiled: /Users/d.s.qiu/Documents/codesigner-ui/z42-callarity/src/libraries/z42.yaml/artifacts/test-targets/parse_strings/build/app.zpkg
  PASS Z42YamlParseStringsTests.test_double_quoted_basic
  PASS Z42YamlParseStringsTests.test_double_quoted_with_newline_escape
  PASS Z42YamlParseStringsTests.test_double_quoted_with_tab_escape
  PASS Z42YamlParseStringsTests.test_double_quoted_with_quote_escape
  PASS Z42YamlParseStringsTests.test_double_quoted_with_unicode_escape
  PASS Z42YamlParseStringsTests.test_single_quoted_basic
  PASS Z42YamlParseStringsTests.test_single_quoted_with_apostrophe
  PASS Z42YamlParseStringsTests.test_single_quoted_no_escapes
  PASS Z42YamlParseStringsTests.test_quoted_string_preserves_leading_space
  PASS Z42YamlParseStringsTests.test_quoted_string_as_mapping_value
  PASS Z42YamlParseStringsTests.test_quoted_key_in_mapping
  PASS Z42YamlParseStringsTests.test_plain_string_with_colon_not_followed_by_space

  Result: 12 passed, 0 failed, 0 skipped

── test target: parse_tags ──
compiled: /Users/d.s.qiu/Documents/codesigner-ui/z42-callarity/src/libraries/z42.yaml/artifacts/z42.yaml/debug/build/app.zpkg
compiled: /Users/d.s.qiu/Documents/codesigner-ui/z42-callarity/src/libraries/z42.yaml/artifacts/test-targets/parse_tags/build/app.zpkg
  PASS Z42YamlParseTagsTests.test_tag_str_forces_int_looking_to_string
  PASS Z42YamlParseTagsTests.test_tag_str_forces_bool_looking_to_string
  PASS Z42YamlParseTagsTests.test_tag_str_forces_null_looking_to_string
  PASS Z42YamlParseTagsTests.test_tag_str_with_quoted_value
  PASS Z42YamlParseTagsTests.test_tag_int_with_quoted_digits
  PASS Z42YamlParseTagsTests.test_tag_int_plain_value
  PASS Z42YamlParseTagsTests.test_tag_int_invalid_throws
  PASS Z42YamlParseTagsTests.test_tag_float_quoted_digit
  PASS Z42YamlParseTagsTests.test_tag_float_invalid_throws
  PASS Z42YamlParseTagsTests.test_tag_bool_quoted_true
  PASS Z42YamlParseTagsTests.test_tag_bool_uppercase
  PASS Z42YamlParseTagsTests.test_tag_bool_invalid_throws
  PASS Z42YamlParseTagsTests.test_tag_null_empty
  PASS Z42YamlParseTagsTests.test_tag_null_tilde
  PASS Z42YamlParseTagsTests.test_tag_null_word
  PASS Z42YamlParseTagsTests.test_tag_null_with_non_null_throws
  PASS Z42YamlParseTagsTests.test_tag_in_sequence_item
  PASS Z42YamlParseTagsTests.test_local_tag_falls_through_to_scalar_inference
  PASS Z42YamlParseTagsTests.test_unknown_double_bang_tag_falls_through
  PASS Z42YamlParseTagsTests.test_kubernetes_configmap_pattern

  Result: 20 passed, 0 failed, 0 skipped

── test target: stringify ──
compiled: /Users/d.s.qiu/Documents/codesigner-ui/z42-callarity/src/libraries/z42.yaml/artifacts/z42.yaml/debug/build/app.zpkg
compiled: /Users/d.s.qiu/Documents/codesigner-ui/z42-callarity/src/libraries/z42.yaml/artifacts/test-targets/stringify/build/app.zpkg
  PASS Z42YamlStringifyTests.test_stringify_simple_mapping_round_trip
  PASS Z42YamlStringifyTests.test_stringify_nested_round_trip
  PASS Z42YamlStringifyTests.test_stringify_sequence_round_trip
  PASS Z42YamlStringifyTests.test_stringify_quotes_ambiguous_string
  PASS Z42YamlStringifyTests.test_stringify_quotes_numeric_string
  PASS Z42YamlStringifyTests.test_stringify_null_value
  PASS Z42YamlStringifyTests.test_stringify_bool_value
  PASS Z42YamlStringifyTests.test_stringify_preserves_insertion_order

  Result: 8 passed, 0 failed, 0 skipped

── test target: yaml_stream ──
compiled: /Users/d.s.qiu/Documents/codesigner-ui/z42-callarity/src/libraries/z42.yaml/artifacts/z42.yaml/debug/build/app.zpkg
compiled: /Users/d.s.qiu/Documents/codesigner-ui/z42-callarity/src/libraries/z42.yaml/artifacts/test-targets/yaml_stream/build/app.zpkg
  PASS Z42YamlStreamTests.test_parse_from_memory_stream
  PASS Z42YamlStreamTests.test_parse_from_file_stream
  PASS Z42YamlStreamTests.test_write_to_memory_stream
  PASS Z42YamlStreamTests.test_round_trip_filestream

  Result: 4 passed, 0 failed, 0 skipped

── test target: yaml_timestamps ──
compiled: /Users/d.s.qiu/Documents/codesigner-ui/z42-callarity/src/libraries/z42.yaml/artifacts/z42.yaml/debug/build/app.zpkg
compiled: /Users/d.s.qiu/Documents/codesigner-ui/z42-callarity/src/libraries/z42.yaml/artifacts/test-targets/yaml_timestamps/build/app.zpkg
  PASS Z42YamlTimestampsTests.test_parse_recognises_iso8601_utc
  PASS Z42YamlTimestampsTests.test_parse_recognises_iso8601_with_offset
  PASS Z42YamlTimestampsTests.test_parse_recognises_date_only_as_midnight_utc
  PASS Z42YamlTimestampsTests.test_parse_recognises_with_milliseconds
  PASS Z42YamlTimestampsTests.test_stringify_preserves_raw_lexeme
  PASS Z42YamlTimestampsTests.test_stringify_from_datetime_emits_canonical_utc
  PASS Z42YamlTimestampsTests.test_kind_name_is_timestamp
  PASS Z42YamlTimestampsTests.test_predicates_are_disjoint
  PASS Z42YamlTimestampsTests.test_as_timestamp_on_wrong_kind_throws
  PASS Z42YamlTimestampsTests.test_almost_timestamp_falls_through_to_string
  PASS Z42YamlTimestampsTests.test_deep_clone_preserves_timestamp
  PASS Z42YamlTimestampsTests.test_sequence_of_timestamps

  Result: 12 passed, 0 failed, 0 skipped

── z42c.core (test, z42b) : 2 unit(s) ──

── test target: diag ──
compiled: /Users/d.s.qiu/Documents/codesigner-ui/z42-callarity/src/libraries/z42c.core/artifacts/z42c.core/debug/build/app.zpkg
compiled: /Users/d.s.qiu/Documents/codesigner-ui/z42-callarity/src/libraries/z42c.core/artifacts/test-targets/diag/build/app.zpkg
  PASS Z42cCoreDiagTests.test_span_fields
  PASS Z42cCoreDiagTests.test_diagnostic_error_factory
  PASS Z42cCoreDiagTests.test_diagnostic_warning_factory
  PASS Z42cCoreDiagTests.test_diagnostic_format
  PASS Z42cCoreDiagTests.test_bag_counts
  PASS Z42cCoreDiagTests.test_bag_get_and_grow
  PASS Z42cCoreDiagTests.test_diagnostic_codes_values

  Result: 7 passed, 0 failed, 0 skipped

── test target: features ──
compiled: /Users/d.s.qiu/Documents/codesigner-ui/z42-callarity/src/libraries/z42c.core/artifacts/z42c.core/debug/build/app.zpkg
compiled: /Users/d.s.qiu/Documents/codesigner-ui/z42-callarity/src/libraries/z42c.core/artifacts/test-targets/features/build/app.zpkg
  PASS Z42cCoreFeaturesTests.test_phase1_profile_all_on
  PASS Z42cCoreFeaturesTests.test_minimal_profile_subset
  PASS Z42cCoreFeaturesTests.test_unknown_feature_is_false
  PASS Z42cCoreFeaturesTests.test_set_upsert_overrides

  Result: 4 passed, 0 failed, 0 skipped

── z42c.syntax (test, z42b) : 6 unit(s) ──

── test target: decl ──
compiled: /Users/d.s.qiu/Documents/codesigner-ui/z42-callarity/src/libraries/z42c.syntax/artifacts/z42c.syntax/debug/build/app.zpkg
compiled: /Users/d.s.qiu/Documents/codesigner-ui/z42-callarity/src/libraries/z42c.syntax/artifacts/test-targets/decl/build/app.zpkg
  PASS Z42cSyntaxDeclTests.test_namespace_and_usings
  PASS Z42cSyntaxDeclTests.test_empty_class
  PASS Z42cSyntaxDeclTests.test_class_modifiers_and_base
  PASS Z42cSyntaxDeclTests.test_fields
  PASS Z42cSyntaxDeclTests.test_const_field
  PASS Z42cSyntaxDeclTests.test_method
  PASS Z42cSyntaxDeclTests.test_constructor
  PASS Z42cSyntaxDeclTests.test_abstract_method_no_body
  PASS Z42cSyntaxDeclTests.test_generic_and_array_types
  PASS Z42cSyntaxDeclTests.test_nested_generic_type
  PASS Z42cSyntaxDeclTests.test_full_class
  PASS Z42cSyntaxDeclTests.test_struct
  PASS Z42cSyntaxDeclTests.test_interface
  PASS Z42cSyntaxDeclTests.test_enum
  PASS Z42cSyntaxDeclTests.test_top_level_func
  PASS Z42cSyntaxDeclTests.test_delegate
  PASS Z42cSyntaxDeclTests.test_record
  PASS Z42cSyntaxDeclTests.test_record_keyword_removed
  PASS Z42cSyntaxDeclTests.test_property
  PASS Z42cSyntaxDeclTests.test_property_in_interface
  PASS Z42cSyntaxDeclTests.test_computed_property_getter
  PASS Z42cSyntaxDeclTests.test_expression_bodied_property
  PASS Z42cSyntaxDeclTests.test_expression_bodied_indexer
  PASS Z42cSyntaxDeclTests.test_generic_type_decl
  PASS Z42cSyntaxDeclTests.test_generic_method
  PASS Z42cSyntaxDeclTests.test_generic_delegate_and_record
  PASS Z42cSyntaxDeclTests.test_generic_where_constraints
  PASS Z42cSyntaxDeclTests.test_attribute_on_member
  PASS Z42cSyntaxDeclTests.test_attribute_on_type
  PASS Z42cSyntaxDeclTests.test_attribute_named_args
  PASS Z42cSyntaxDeclTests.test_params_not_last_error
  PASS Z42cSyntaxDeclTests.test_params_not_array_error
  PASS Z42cSyntaxDeclTests.test_params_modifier_conflict_with_ref_error
  PASS Z42cSyntaxDeclTests.test_params_modifier_conflict_with_default_error
  PASS Z42cSyntaxDeclTests.test_params_valid_no_error
  PASS Z42cSyntaxDeclTests.test_assoc_type_decl_in_interface
  PASS Z42cSyntaxDeclTests.test_assoc_type_binding_in_class
  PASS Z42cSyntaxDeclTests.test_assoc_type_binding_in_where_clause
  PASS Z42cSyntaxDeclTests.test_assoc_binding_not_allowed_in_ordinary_type_position
  PASS Z42cSyntaxDeclTests.test_type_as_identifier_still_parses

  Result: 40 passed, 0 failed, 0 skipped

── test target: dump ──
compiled: /Users/d.s.qiu/Documents/codesigner-ui/z42-callarity/src/libraries/z42c.syntax/artifacts/z42c.syntax/debug/build/app.zpkg
compiled: /Users/d.s.qiu/Documents/codesigner-ui/z42-callarity/src/libraries/z42c.syntax/artifacts/test-targets/dump/build/app.zpkg
  PASS Z42cSyntaxDumpTests.test_dump_tokens
  PASS Z42cSyntaxDumpTests.test_dump_ast

  Result: 2 passed, 0 failed, 0 skipped

── test target: incomplete_at_eof ──
compiled: /Users/d.s.qiu/Documents/codesigner-ui/z42-callarity/src/libraries/z42c.syntax/artifacts/z42c.syntax/debug/build/app.zpkg
compiled: /Users/d.s.qiu/Documents/codesigner-ui/z42-callarity/src/libraries/z42c.syntax/artifacts/test-targets/incomplete_at_eof/build/app.zpkg
  PASS Z42cSyntaxIncompleteTests.test_type_decl_missing_body
  PASS Z42cSyntaxIncompleteTests.test_type_decl_complete_not_incomplete
  PASS Z42cSyntaxIncompleteTests.test_missing_decl_name
  PASS Z42cSyntaxIncompleteTests.test_free_function_body
  PASS Z42cSyntaxIncompleteTests.test_expression_dangling_operator
  PASS Z42cSyntaxIncompleteTests.test_statement_missing_brace
  PASS Z42cSyntaxIncompleteTests.test_expression_without_semicolon_is_complete
  PASS Z42cSyntaxIncompleteTests.test_real_error_is_not_incomplete

  Result: 8 passed, 0 failed, 0 skipped

── test target: lexer ──
compiled: /Users/d.s.qiu/Documents/codesigner-ui/z42-callarity/src/libraries/z42c.syntax/artifacts/z42c.syntax/debug/build/app.zpkg
compiled: /Users/d.s.qiu/Documents/codesigner-ui/z42-callarity/src/libraries/z42c.syntax/artifacts/test-targets/lexer/build/app.zpkg
  PASS Z42cSyntaxLexerTests.test_identifier
  PASS Z42cSyntaxLexerTests.test_keywords
  PASS Z42cSyntaxLexerTests.test_underscore_is_own_token
  PASS Z42cSyntaxLexerTests.test_int_and_float
  PASS Z42cSyntaxLexerTests.test_member_access_not_float
  PASS Z42cSyntaxLexerTests.test_string_literal
  PASS Z42cSyntaxLexerTests.test_symbols_longest_match
  PASS Z42cSyntaxLexerTests.test_snippet_token_sequence
  PASS Z42cSyntaxLexerTests.test_comments_skipped
  PASS Z42cSyntaxLexerTests.test_hex_bin_literals
  PASS Z42cSyntaxLexerTests.test_digit_separators
  PASS Z42cSyntaxLexerTests.test_numeric_suffixes
  PASS Z42cSyntaxLexerTests.test_float_exponent
  PASS Z42cSyntaxLexerTests.test_raw_string
  PASS Z42cSyntaxLexerTests.test_interpolated_string
  PASS Z42cSyntaxLexerTests.test_decode_string
  PASS Z42cSyntaxLexerTests.test_line_column_tracking
  PASS Z42cSyntaxLexerTests.test_char_literal_tokens
  PASS Z42cSyntaxLexerTests.test_decode_control_escapes
  PASS Z42cSyntaxLexerTests.test_invalid_escape_string_reports_e0102
  PASS Z42cSyntaxLexerTests.test_invalid_escape_char_reports_e0102
  PASS Z42cSyntaxLexerTests.test_invalid_escape_interpolated_reports_e0102
  PASS Z42cSyntaxLexerTests.test_invalid_escape_surfaces_through_parser
  PASS Z42cSyntaxLexerTests.test_unterminated_string_still_incomplete
  PASS Z42cSyntaxLexerTests.test_valid_escapes_no_diag
  PASS Z42cSyntaxLexerTests.test_keyword_table_accessors
  PASS Z42cSyntaxLexerTests.test_dump_keywords_matches_table

  Result: 27 passed, 0 failed, 0 skipped

── test target: parser ──
compiled: /Users/d.s.qiu/Documents/codesigner-ui/z42-callarity/src/libraries/z42c.syntax/artifacts/z42c.syntax/debug/build/app.zpkg
compiled: /Users/d.s.qiu/Documents/codesigner-ui/z42-callarity/src/libraries/z42c.syntax/artifacts/test-targets/parser/build/app.zpkg
  PASS Z42cSyntaxParserTests.test_literal_and_ident
  PASS Z42cSyntaxParserTests.test_simple_binary
  PASS Z42cSyntaxParserTests.test_precedence_mul_over_add
  PASS Z42cSyntaxParserTests.test_parens_override_precedence
  PASS Z42cSyntaxParserTests.test_left_associativity
  PASS Z42cSyntaxParserTests.test_logical_precedence
  PASS Z42cSyntaxParserTests.test_comparison_and_arithmetic
  PASS Z42cSyntaxParserTests.test_unary
  PASS Z42cSyntaxParserTests.test_mixed_complex
  PASS Z42cSyntaxParserTests.test_member_access
  PASS Z42cSyntaxParserTests.test_call
  PASS Z42cSyntaxParserTests.test_index
  PASS Z42cSyntaxParserTests.test_index_multidim
  PASS Z42cSyntaxParserTests.test_assign_right_assoc
  PASS Z42cSyntaxParserTests.test_ternary
  PASS Z42cSyntaxParserTests.test_bitwise_precedence
  PASS Z42cSyntaxParserTests.test_null_coalescing
  PASS Z42cSyntaxParserTests.test_is_as
  PASS Z42cSyntaxParserTests.test_compound_assign
  PASS Z42cSyntaxParserTests.test_new
  PASS Z42cSyntaxParserTests.test_type_expr_forms
  PASS Z42cSyntaxParserTests.test_parse_partial_type_modifiers
  PASS Z42cSyntaxParserTests.test_parse_partial_method_no_body

  Result: 23 passed, 0 failed, 0 skipped

── test target: stmt ──
compiled: /Users/d.s.qiu/Documents/codesigner-ui/z42-callarity/src/libraries/z42c.syntax/artifacts/z42c.syntax/debug/build/app.zpkg
compiled: /Users/d.s.qiu/Documents/codesigner-ui/z42-callarity/src/libraries/z42c.syntax/artifacts/test-targets/stmt/build/app.zpkg
  PASS Z42cSyntaxStmtTests.test_var_decl
  PASS Z42cSyntaxStmtTests.test_const_local
  PASS Z42cSyntaxStmtTests.test_return
  PASS Z42cSyntaxStmtTests.test_expr_stmt
  PASS Z42cSyntaxStmtTests.test_block
  PASS Z42cSyntaxStmtTests.test_if
  PASS Z42cSyntaxStmtTests.test_while
  PASS Z42cSyntaxStmtTests.test_nested
  PASS Z42cSyntaxStmtTests.test_foreach
  PASS Z42cSyntaxStmtTests.test_break_continue
  PASS Z42cSyntaxStmtTests.test_throw
  PASS Z42cSyntaxStmtTests.test_ternary_in_stmt
  PASS Z42cSyntaxStmtTests.test_for
  PASS Z42cSyntaxStmtTests.test_do_while
  PASS Z42cSyntaxStmtTests.test_switch
  PASS Z42cSyntaxStmtTests.test_try
  PASS Z42cSyntaxStmtTests.test_stmt_spans
  PASS Z42cSyntaxStmtTests.test_using_in_function_body_is_one_clear_error
  PASS Z42cSyntaxStmtTests.test_namespace_in_function_body_is_reported_too
  PASS Z42cSyntaxStmtTests.test_global_using_in_function_body_is_reported
  PASS Z42cSyntaxStmtTests.test_top_level_using_still_parses
  PASS Z42cSyntaxStmtTests.test_second_file_scoped_namespace_is_reported
  PASS Z42cSyntaxStmtTests.test_duplicate_namespace_keeps_the_first
  PASS Z42cSyntaxStmtTests.test_namespace_after_type_declaration_is_reported
  PASS Z42cSyntaxStmtTests.test_namespace_after_usings_is_fine
  PASS Z42cSyntaxStmtTests.test_single_namespace_at_top_reports_nothing

  Result: 26 passed, 0 failed, 0 skipped

════════════════════════════════════════════════
  ✅ stdlib test: all 336 file(s) passed (in 23 lib(s))
--- stage: stdlib [Test] — 3m11s ---

=== stage: stdlib [Benchmark] ===
→ Building z42b (z42.builder.zpkg; reflective test runner)...
cached: 14/14 files
no changes; preserved -> /Users/d.s.qiu/Documents/codesigner-ui/z42-callarity/src/toolchain/builder/core/../../../../artifacts/build/toolchain/builder/z42.builder.zpkg
z42b test: 本清单未声明任何 test 目标，且本包源里没有 [Test]/[Benchmark] —— 无事可做

── test target: cli_basic ──
compiled: /Users/d.s.qiu/Documents/codesigner-ui/z42-callarity/src/libraries/z42.cli/artifacts/z42.cli/debug/build/app.zpkg
compiled: /Users/d.s.qiu/Documents/codesigner-ui/z42-callarity/src/libraries/z42.cli/artifacts/test-targets/cli_basic/build/app.zpkg
  PASS Z42CliBasicTests.test_flag_set_when_long_passed
  PASS Z42CliBasicTests.test_flag_set_when_short_passed
  PASS Z42CliBasicTests.test_flag_default_false
  PASS Z42CliBasicTests.test_option_with_space_value
  PASS Z42CliBasicTests.test_option_with_equals_value
  PASS Z42CliBasicTests.test_option_short_form
  PASS Z42CliBasicTests.test_option_default_when_not_passed
  PASS Z42CliBasicTests.test_positional_args
  PASS Z42CliBasicTests.test_mixed_flag_option_positional
  PASS Z42CliBasicTests.test_no_short_name_still_works

  Result: 10 passed, 0 failed, 0 skipped

── test target: cli_env_fallback_and_mutex ──
compiled: /Users/d.s.qiu/Documents/codesigner-ui/z42-callarity/src/libraries/z42.cli/artifacts/z42.cli/debug/build/app.zpkg
compiled: /Users/d.s.qiu/Documents/codesigner-ui/z42-callarity/src/libraries/z42.cli/artifacts/test-targets/cli_env_fallback_and_mutex/build/app.zpkg
  PASS Z42CliEnvFallbackMutexTests.test_env_fallback_used_when_no_argv
  PASS Z42CliEnvFallbackMutexTests.test_argv_overrides_env_fallback
  PASS Z42CliEnvFallbackMutexTests.test_env_fallback_default_when_env_missing
  PASS Z42CliEnvFallbackMutexTests.test_empty_env_var_uses_default
  PASS Z42CliEnvFallbackMutexTests.test_mutex_both_set_throws
  PASS Z42CliEnvFallbackMutexTests.test_mutex_one_set_ok
  PASS Z42CliEnvFallbackMutexTests.test_mutex_neither_set_ok
  PASS Z42CliEnvFallbackMutexTests.test_mutex_unregistered_option_throws_at_declaration

  Result: 8 passed, 0 failed, 0 skipped

── test target: cli_errors ──
compiled: /Users/d.s.qiu/Documents/codesigner-ui/z42-callarity/src/libraries/z42.cli/artifacts/z42.cli/debug/build/app.zpkg
compiled: /Users/d.s.qiu/Documents/codesigner-ui/z42-callarity/src/libraries/z42.cli/artifacts/test-targets/cli_errors/build/app.zpkg
  PASS Z42CliErrorsTests.test_unknown_long_flag_throws
  PASS Z42CliErrorsTests.test_unknown_short_flag_throws
  PASS Z42CliErrorsTests.test_option_without_value_throws
  PASS Z42CliErrorsTests.test_value_on_flag_throws
  PASS Z42CliErrorsTests.test_too_few_positionals_throws
  PASS Z42CliErrorsTests.test_too_many_positionals_throws
  PASS Z42CliErrorsTests.test_get_flag_not_registered_throws
  PASS Z42CliErrorsTests.test_positional_out_of_range_throws

  Result: 8 passed, 0 failed, 0 skipped

── test target: cli_help ──
compiled: /Users/d.s.qiu/Documents/codesigner-ui/z42-callarity/src/libraries/z42.cli/artifacts/z42.cli/debug/build/app.zpkg
compiled: /Users/d.s.qiu/Documents/codesigner-ui/z42-callarity/src/libraries/z42.cli/artifacts/test-targets/cli_help/build/app.zpkg
  PASS Z42CliHelpTests.test_short_help_sets_show_help
  PASS Z42CliHelpTests.test_long_help_sets_show_help
  PASS Z42CliHelpTests.test_show_help_skips_positional_check
  PASS Z42CliHelpTests.test_help_text_contains_program_name
  PASS Z42CliHelpTests.test_help_text_lists_flags
  PASS Z42CliHelpTests.test_help_text_lists_options_with_defaults
  PASS Z42CliHelpTests.test_help_text_lists_positionals

  Result: 7 passed, 0 failed, 0 skipped

── test target: cli_nested_subcommand ──
compiled: /Users/d.s.qiu/Documents/codesigner-ui/z42-callarity/src/libraries/z42.cli/artifacts/z42.cli/debug/build/app.zpkg
compiled: /Users/d.s.qiu/Documents/codesigner-ui/z42-callarity/src/libraries/z42.cli/artifacts/test-targets/cli_nested_subcommand/build/app.zpkg
  PASS Z42CliNestedSubcommandTests.test_nested_match_two_levels
  PASS Z42CliNestedSubcommandTests.test_single_level_leaf_match
  PASS Z42CliNestedSubcommandTests.test_three_level_match
  PASS Z42CliNestedSubcommandTests.test_nested_leaf_sees_only_remainder
  PASS Z42CliNestedSubcommandTests.test_top_help_dashh
  PASS Z42CliNestedSubcommandTests.test_top_help_empty_argv
  PASS Z42CliNestedSubcommandTests.test_mid_level_help
  PASS Z42CliNestedSubcommandTests.test_leaf_level_help
  PASS Z42CliNestedSubcommandTests.test_router_with_no_token_is_help
  PASS Z42CliNestedSubcommandTests.test_top_unknown_command
  PASS Z42CliNestedSubcommandTests.test_mid_level_unknown_subcommand
  PASS Z42CliNestedSubcommandTests.test_three_state_mutual_exclusion_match
  PASS Z42CliNestedSubcommandTests.test_leaf_cliexception_propagates
  PASS Z42CliNestedSubcommandTests.test_legacy_match_still_works_on_leaf_router

  Result: 14 passed, 0 failed, 0 skipped

── test target: cli_optional_positional ──
compiled: /Users/d.s.qiu/Documents/codesigner-ui/z42-callarity/src/libraries/z42.cli/artifacts/z42.cli/debug/build/app.zpkg
compiled: /Users/d.s.qiu/Documents/codesigner-ui/z42-callarity/src/libraries/z42.cli/artifacts/test-targets/cli_optional_positional/build/app.zpkg
  PASS Z42CliOptionalPositionalTests.test_optional_absent_returns_empty
  PASS Z42CliOptionalPositionalTests.test_optional_provided
  PASS Z42CliOptionalPositionalTests.test_required_then_optional_only_required
  PASS Z42CliOptionalPositionalTests.test_required_then_optional_both
  PASS Z42CliOptionalPositionalTests.test_missing_required_with_optional_throws
  PASS Z42CliOptionalPositionalTests.test_optional_positional_with_flags_and_options
  PASS Z42CliOptionalPositionalTests.test_required_after_optional_throws_at_declaration
  PASS Z42CliOptionalPositionalTests.test_extra_beyond_declared_throws
  PASS Z42CliOptionalPositionalTests.test_help_short_circuits_missing_required
  PASS Z42CliOptionalPositionalTests.test_help_text_marks_required_and_optional
  PASS Z42CliOptionalPositionalTests.test_get_positional_beyond_declared_throws

  Result: 11 passed, 0 failed, 0 skipped

── test target: cli_repeated_and_extras ──
compiled: /Users/d.s.qiu/Documents/codesigner-ui/z42-callarity/src/libraries/z42.cli/artifacts/z42.cli/debug/build/app.zpkg
compiled: /Users/d.s.qiu/Documents/codesigner-ui/z42-callarity/src/libraries/z42.cli/artifacts/test-targets/cli_repeated_and_extras/build/app.zpkg
  PASS Z42CliRepeatedAndExtrasTests.test_repeated_option_two_values
  PASS Z42CliRepeatedAndExtrasTests.test_repeated_option_three_values_long_form
  PASS Z42CliRepeatedAndExtrasTests.test_repeated_option_equals_form
  PASS Z42CliRepeatedAndExtrasTests.test_repeated_option_not_passed_returns_empty
  PASS Z42CliRepeatedAndExtrasTests.test_repeated_option_get_option_returns_last
  PASS Z42CliRepeatedAndExtrasTests.test_get_repeated_on_plain_option_throws
  PASS Z42CliRepeatedAndExtrasTests.test_extras_disabled_by_default_unknown_throws
  PASS Z42CliRepeatedAndExtrasTests.test_extras_enabled_unknown_long_collected
  PASS Z42CliRepeatedAndExtrasTests.test_extras_enabled_unknown_short_collected
  PASS Z42CliRepeatedAndExtrasTests.test_extras_mixed_with_known_options
  PASS Z42CliRepeatedAndExtrasTests.test_extras_count_zero_when_none
  PASS Z42CliRepeatedAndExtrasTests.test_repeated_with_extras_combo
  PASS Z42CliRepeatedAndExtrasTests.test_gcc_style_repeated_defines_and_includes

  Result: 13 passed, 0 failed, 0 skipped

── test target: cli_required_and_typed ──
compiled: /Users/d.s.qiu/Documents/codesigner-ui/z42-callarity/src/libraries/z42.cli/artifacts/z42.cli/debug/build/app.zpkg
compiled: /Users/d.s.qiu/Documents/codesigner-ui/z42-callarity/src/libraries/z42.cli/artifacts/test-targets/cli_required_and_typed/build/app.zpkg
  PASS Z42CliRequiredAndTypedTests.test_required_option_missing_throws
  PASS Z42CliRequiredAndTypedTests.test_required_option_provided_long_succeeds
  PASS Z42CliRequiredAndTypedTests.test_required_option_provided_short_succeeds
  PASS Z42CliRequiredAndTypedTests.test_required_option_provided_equals_form
  PASS Z42CliRequiredAndTypedTests.test_required_help_short_circuit
  PASS Z42CliRequiredAndTypedTests.test_was_option_set_true_when_provided
  PASS Z42CliRequiredAndTypedTests.test_was_option_set_false_when_unset
  PASS Z42CliRequiredAndTypedTests.test_get_int_option_basic
  PASS Z42CliRequiredAndTypedTests.test_get_int_option_explicit
  PASS Z42CliRequiredAndTypedTests.test_get_int_option_negative
  PASS Z42CliRequiredAndTypedTests.test_get_int_option_invalid_throws
  PASS Z42CliRequiredAndTypedTests.test_get_long_option_large_value
  PASS Z42CliRequiredAndTypedTests.test_get_double_option
  PASS Z42CliRequiredAndTypedTests.test_get_double_option_invalid_throws
  PASS Z42CliRequiredAndTypedTests.test_get_bool_option_true
  PASS Z42CliRequiredAndTypedTests.test_get_bool_option_false
  PASS Z42CliRequiredAndTypedTests.test_get_bool_option_case_insensitive
  PASS Z42CliRequiredAndTypedTests.test_get_bool_option_invalid_throws
  PASS Z42CliRequiredAndTypedTests.test_required_typed_combo

  Result: 19 passed, 0 failed, 0 skipped

── test target: cli_short_flag_cluster ──
compiled: /Users/d.s.qiu/Documents/codesigner-ui/z42-callarity/src/libraries/z42.cli/artifacts/z42.cli/debug/build/app.zpkg
compiled: /Users/d.s.qiu/Documents/codesigner-ui/z42-callarity/src/libraries/z42.cli/artifacts/test-targets/cli_short_flag_cluster/build/app.zpkg
  PASS Z42CliShortFlagClusterTests.test_two_flag_cluster
  PASS Z42CliShortFlagClusterTests.test_three_flag_cluster
  PASS Z42CliShortFlagClusterTests.test_cluster_order_independent
  PASS Z42CliShortFlagClusterTests.test_single_short_flag_unchanged
  PASS Z42CliShortFlagClusterTests.test_single_short_option_unchanged
  PASS Z42CliShortFlagClusterTests.test_cluster_then_separate_flag
  PASS Z42CliShortFlagClusterTests.test_cluster_then_option_with_value
  PASS Z42CliShortFlagClusterTests.test_cluster_with_option_short_throws
  PASS Z42CliShortFlagClusterTests.test_cluster_with_unknown_short_throws
  PASS Z42CliShortFlagClusterTests.test_tar_style_cluster_x_v
  PASS Z42CliShortFlagClusterTests.test_single_char_short_not_treated_as_cluster

  Result: 11 passed, 0 failed, 0 skipped

── test target: cli_subcommand ──
compiled: /Users/d.s.qiu/Documents/codesigner-ui/z42-callarity/src/libraries/z42.cli/artifacts/z42.cli/debug/build/app.zpkg
compiled: /Users/d.s.qiu/Documents/codesigner-ui/z42-callarity/src/libraries/z42.cli/artifacts/test-targets/cli_subcommand/build/app.zpkg
  PASS Z42CliSubcommandTests.test_count_after_adds
  PASS Z42CliSubcommandTests.test_has_known_subcommand
  PASS Z42CliSubcommandTests.test_has_unknown_returns_false
  PASS Z42CliSubcommandTests.test_match_dispatches_to_commit_with_option
  PASS Z42CliSubcommandTests.test_match_dispatches_to_status_with_flag
  PASS Z42CliSubcommandTests.test_match_unknown_returns_null
  PASS Z42CliSubcommandTests.test_match_empty_argv_returns_null
  PASS Z42CliSubcommandTests.test_match_help_flag_returns_null
  PASS Z42CliSubcommandTests.test_match_strips_subcommand_arg_from_child_parse
  PASS Z42CliSubcommandTests.test_re_add_overwrites_existing
  PASS Z42CliSubcommandTests.test_help_text_lists_all_subcommands
  PASS Z42CliSubcommandTests.test_help_text_includes_program_name
  PASS Z42CliSubcommandTests.test_grow_beyond_initial_capacity

  Result: 13 passed, 0 failed, 0 skipped

── z42.collections (bench, z42b) : 1 unit(s) ──

── bench target: collection_bench ──
compiled: /Users/d.s.qiu/Documents/codesigner-ui/z42-callarity/src/libraries/z42.collections/artifacts/z42.collections/debug/build/app.zpkg
compiled: /Users/d.s.qiu/Documents/codesigner-ui/z42-callarity/src/libraries/z42.collections/artifacts/bench-targets/collection_bench/build/app.zpkg
bench[sortedset_add_64] min=117750ns median=119208ns max=120458ns mean=119016ns stddev=609ns samples=20
  PASS Z42CollectionsBench.bench_sortedset_add
bench[sortedset_contains] min=1333ns median=1417ns max=1541ns mean=1410ns stddev=44ns samples=20
  PASS Z42CollectionsBench.bench_sortedset_contains
  PASS Z42CollectionsBench.test_collection_bench_bodies_run
bench[queue_stack_cycle] min=71833ns median=75666ns max=80250ns mean=74901ns stddev=2042ns samples=20
  PASS Z42CollectionsBench.bench_queue_stack_cycle
bench[priority_queue] min=157333ns median=159917ns max=164542ns mean=160302ns stddev=1871ns samples=20
  PASS Z42CollectionsBench.bench_priority_queue
bench[linked_list] min=80000ns median=83459ns max=87500ns mean=83220ns stddev=1910ns samples=20
  PASS Z42CollectionsBench.bench_linked_list

  Result: 6 passed, 0 failed, 0 skipped

── z42.compression (bench, z42b) : 1 unit(s) ──

── bench target: compression_bench ──
compiled: /Users/d.s.qiu/Documents/codesigner-ui/z42-callarity/src/libraries/z42.compression/artifacts/z42.compression/debug/build/app.zpkg
compiled: /Users/d.s.qiu/Documents/codesigner-ui/z42-callarity/src/libraries/z42.compression/artifacts/bench-targets/compression_bench/build/app.zpkg
bench[gzip_roundtrip_4k] min=10167ns median=10542ns max=12084ns mean=10791ns stddev=563ns samples=10
  PASS Z42CompressionBench.bench_gzip_roundtrip_4k
bench[deflate_roundtrip_4k] min=9000ns median=9542ns max=9750ns mean=9408ns stddev=249ns samples=10
  PASS Z42CompressionBench.bench_deflate_roundtrip_4k
bench[zstd_roundtrip_4k] min=76166ns median=82875ns max=106583ns mean=84316ns stddev=8644ns samples=10
  PASS Z42CompressionBench.bench_zstd_roundtrip_4k
  PASS Z42CompressionBench.test_compression_bench_bodies_run

  Result: 4 passed, 0 failed, 0 skipped

── z42.core (bench, z42b) : 5 unit(s) ──

── bench target: core_bench ──
compiled: /Users/d.s.qiu/Documents/codesigner-ui/z42-callarity/src/libraries/z42.core/artifacts/z42.core/debug/build/app.zpkg
compiled: /Users/d.s.qiu/Documents/codesigner-ui/z42-callarity/src/libraries/z42.core/artifacts/bench-targets/core_bench/build/app.zpkg
bench[string_concat] min=1875ns median=1917ns max=3750ns mean=2047ns stddev=408ns samples=20
  PASS Z42CoreBench.bench_string_concat
bench[string_index_of] min=9542ns median=9709ns max=12541ns mean=9931ns stddev=678ns samples=20
  PASS Z42CoreBench.bench_string_index_of
bench[string_substring] min=6667ns median=6959ns max=7375ns mean=6962ns stddev=150ns samples=20
  PASS Z42CoreBench.bench_string_substring
bench[string_split] min=10875ns median=11125ns max=12542ns mean=11183ns stddev=339ns samples=20
  PASS Z42CoreBench.bench_string_split
bench[list_add_index] min=22667ns median=23084ns max=25584ns mean=23341ns stddev=739ns samples=20
  PASS Z42CoreBench.bench_list_add_index
bench[list_sort_256] min=507125ns median=515333ns max=553167ns mean=516810ns stddev=8634ns samples=20
  PASS Z42CoreBench.bench_list_sort
  PASS Z42CoreBench.test_core_bench_bodies_run
bench[dict_set_get] min=144041ns median=147708ns max=180042ns mean=150206ns stddev=8010ns samples=20
  PASS Z42CoreBench.bench_dict_set_get
bench[int_tostring_parse] min=14416ns median=15042ns max=20708ns mean=15393ns stddev=1386ns samples=20
  PASS Z42CoreBench.bench_int_tostring_parse
bench[string_join] min=1542ns median=1625ns max=3417ns mean=1716ns stddev=395ns samples=20
  PASS Z42CoreBench.bench_string_join
bench[string_format] min=152625ns median=155208ns max=158292ns mean=155139ns stddev=1508ns samples=20
  PASS Z42CoreBench.bench_string_format

  Result: 11 passed, 0 failed, 0 skipped

── bench target: math_bench ──
compiled: /Users/d.s.qiu/Documents/codesigner-ui/z42-callarity/src/libraries/z42.core/artifacts/z42.core/debug/build/app.zpkg
compiled: /Users/d.s.qiu/Documents/codesigner-ui/z42-callarity/src/libraries/z42.core/artifacts/bench-targets/math_bench/build/app.zpkg
bench[sqrt] min=500ns median=584ns max=750ns mean=587ns stddev=63ns samples=20
  PASS Z42MathBench.bench_sqrt
bench[pow] min=375ns median=375ns max=417ns mean=387ns stddev=19ns samples=20
  PASS Z42MathBench.bench_pow
bench[bench_abs_loop] min=9584ns median=10291ns max=45917ns mean=10310ns stddev=850ns samples=2000
  PASS Z42MathBench.bench_abs_loop
  PASS Z42MathBench.test_math_bench_bodies_run

  Result: 4 passed, 0 failed, 0 skipped

── bench target: pure_call_bench ──
compiled: /Users/d.s.qiu/Documents/codesigner-ui/z42-callarity/src/libraries/z42.core/artifacts/z42.core/debug/build/app.zpkg
compiled: /Users/d.s.qiu/Documents/codesigner-ui/z42-callarity/src/libraries/z42.core/artifacts/bench-targets/pure_call_bench/build/app.zpkg
bench[pure_call_hot_loop] min=48743083ns median=49393959ns max=49772291ns mean=49273212ns stddev=303456ns samples=10
  PASS Z42PureCallBench.bench_pure_call_hot_loop

  Result: 1 passed, 0 failed, 0 skipped

── bench target: readonly_field_bench ──
compiled: /Users/d.s.qiu/Documents/codesigner-ui/z42-callarity/src/libraries/z42.core/artifacts/z42.core/debug/build/app.zpkg
compiled: /Users/d.s.qiu/Documents/codesigner-ui/z42-callarity/src/libraries/z42.core/artifacts/bench-targets/readonly_field_bench/build/app.zpkg
bench[readonly_field_hot_loop] min=236583ns median=242625ns max=248959ns mean=242556ns stddev=2657ns samples=30
  PASS Z42ReadonlyBench.bench_readonly_field_hot_loop

  Result: 1 passed, 0 failed, 0 skipped

── bench target: time_bench ──
compiled: /Users/d.s.qiu/Documents/codesigner-ui/z42-callarity/src/libraries/z42.core/artifacts/z42.core/debug/build/app.zpkg
compiled: /Users/d.s.qiu/Documents/codesigner-ui/z42-callarity/src/libraries/z42.core/artifacts/bench-targets/time_bench/build/app.zpkg
bench[parse_iso8601] min=15042ns median=15334ns max=16125ns mean=15364ns stddev=232ns samples=20
  PASS Z42TimeBench.bench_parse_iso8601
bench[to_iso8601] min=2625ns median=2792ns max=3125ns mean=2793ns stddev=127ns samples=20
  PASS Z42TimeBench.bench_to_iso8601
bench[add_days_months] min=4333ns median=4417ns max=4584ns mean=4429ns stddev=78ns samples=20
  PASS Z42TimeBench.bench_add_days_months
  PASS Z42TimeBench.test_time_bench_bodies_run

  Result: 4 passed, 0 failed, 0 skipped

── z42.crypto (bench, z42b) : 1 unit(s) ──

── bench target: crypto_bench ──
compiled: /Users/d.s.qiu/Documents/codesigner-ui/z42-callarity/src/libraries/z42.crypto/artifacts/z42.crypto/debug/build/app.zpkg
compiled: /Users/d.s.qiu/Documents/codesigner-ui/z42-callarity/src/libraries/z42.crypto/artifacts/bench-targets/crypto_bench/build/app.zpkg
bench[sha256_small] min=60917ns median=62000ns max=63083ns mean=61889ns stddev=586ns samples=20
  PASS Z42CryptoBench.bench_sha256_small
bench[sha256_4k] min=1954250ns median=1999708ns max=2049083ns mean=1997108ns stddev=30811ns samples=10
  PASS Z42CryptoBench.bench_sha256_4k
bench[blake3_small] min=42250ns median=43500ns max=45000ns mean=43591ns stddev=784ns samples=20
  PASS Z42CryptoBench.bench_blake3_small
bench[blake3_4k_multichunk] min=1856916ns median=1909416ns max=1932084ns mean=1898108ns stddev=28174ns samples=10
  PASS Z42CryptoBench.bench_blake3_4k_multichunk
  PASS Z42CryptoBench.test_crypto_bench_bodies_run
bench[aes_cbc_roundtrip_4k] min=133673750ns median=136912083ns max=172409625ns mean=140119212ns stddev=10834756ns samples=10
  PASS Z42CryptoBench.bench_aes_cbc_roundtrip_4k
bench[aes_gcm_roundtrip_4k] min=39826708ns median=40219500ns max=41137583ns mean=40290562ns stddev=395056ns samples=10
  PASS Z42CryptoBench.bench_aes_gcm_roundtrip_4k

  Result: 7 passed, 0 failed, 0 skipped

── test target: log_basic ──
compiled: /Users/d.s.qiu/Documents/codesigner-ui/z42-callarity/src/libraries/z42.diagnostics/artifacts/z42.diagnostics/debug/build/app.zpkg
compiled: /Users/d.s.qiu/Documents/codesigner-ui/z42-callarity/src/libraries/z42.diagnostics/artifacts/test-targets/log_basic/build/app.zpkg
  PASS Z42DiagnosticsBasicTests.test_level_constants_are_ordered
  PASS Z42DiagnosticsBasicTests.test_level_name_lookup
  PASS Z42DiagnosticsBasicTests.test_level_name_unknown
  PASS Z42DiagnosticsBasicTests.test_default_min_level_is_info
  PASS Z42DiagnosticsBasicTests.test_log_methods_do_not_throw

  Result: 5 passed, 0 failed, 0 skipped

── test target: log_fields ──
compiled: /Users/d.s.qiu/Documents/codesigner-ui/z42-callarity/src/libraries/z42.diagnostics/artifacts/z42.diagnostics/debug/build/app.zpkg
compiled: /Users/d.s.qiu/Documents/codesigner-ui/z42-callarity/src/libraries/z42.diagnostics/artifacts/test-targets/log_fields/build/app.zpkg
  PASS Z42DiagnosticsLogFieldsTests.test_empty_fields_format
  PASS Z42DiagnosticsLogFieldsTests.test_single_field_format
  PASS Z42DiagnosticsLogFieldsTests.test_multiple_fields_chain
  PASS Z42DiagnosticsLogFieldsTests.test_value_quote_escape
  PASS Z42DiagnosticsLogFieldsTests.test_value_backslash_escape
  PASS Z42DiagnosticsLogFieldsTests.test_empty_value_still_emits_pair
  PASS Z42DiagnosticsLogFieldsTests.test_value_with_spaces_quoted_as_is
  PASS Z42DiagnosticsLogFieldsTests.test_grow_beyond_initial_capacity
  PASS Z42DiagnosticsLogFieldsTests.test_log_info_with_fields_does_not_crash
  PASS Z42DiagnosticsLogFieldsTests.test_log_info_with_null_fields_does_not_crash
  PASS Z42DiagnosticsLogFieldsTests.test_log_all_levels_have_fields_overload

  Result: 11 passed, 0 failed, 0 skipped

── test target: log_filter ──
compiled: /Users/d.s.qiu/Documents/codesigner-ui/z42-callarity/src/libraries/z42.diagnostics/artifacts/z42.diagnostics/debug/build/app.zpkg
compiled: /Users/d.s.qiu/Documents/codesigner-ui/z42-callarity/src/libraries/z42.diagnostics/artifacts/test-targets/log_filter/build/app.zpkg
  PASS Z42DiagnosticsFilterTests.test_set_min_level_changes_gate
  PASS Z42DiagnosticsFilterTests.test_min_level_trace_allows_all
  PASS Z42DiagnosticsFilterTests.test_min_level_error_silences_lower
  PASS Z42DiagnosticsFilterTests.test_min_level_round_trip

  Result: 4 passed, 0 failed, 0 skipped

── test target: log_format ──
compiled: /Users/d.s.qiu/Documents/codesigner-ui/z42-callarity/src/libraries/z42.diagnostics/artifacts/z42.diagnostics/debug/build/app.zpkg
compiled: /Users/d.s.qiu/Documents/codesigner-ui/z42-callarity/src/libraries/z42.diagnostics/artifacts/test-targets/log_format/build/app.zpkg
  PASS Z42DiagnosticsLogFormatTests.test_header_uses_iso8601_when_colour_disabled
  PASS Z42DiagnosticsLogFormatTests.test_header_iso8601_for_all_levels
  PASS Z42DiagnosticsLogFormatTests.test_error_is_red_and_bold_when_enabled
  PASS Z42DiagnosticsLogFormatTests.test_warn_is_yellow_when_enabled
  PASS Z42DiagnosticsLogFormatTests.test_info_is_green_when_enabled
  PASS Z42DiagnosticsLogFormatTests.test_debug_is_cyan_when_enabled
  PASS Z42DiagnosticsLogFormatTests.test_trace_is_dim_when_enabled
  PASS Z42DiagnosticsLogFormatTests.test_iso8601_timestamp_still_present_when_coloured
  PASS Z42DiagnosticsLogFormatTests.test_disable_strips_all_colour
  PASS Z42DiagnosticsLogFormatTests.test_log_methods_still_callable

  Result: 10 passed, 0 failed, 0 skipped

── test target: runtime_counters ──
compiled: /Users/d.s.qiu/Documents/codesigner-ui/z42-callarity/src/libraries/z42.diagnostics/artifacts/z42.diagnostics/debug/build/app.zpkg
compiled: /Users/d.s.qiu/Documents/codesigner-ui/z42-callarity/src/libraries/z42.diagnostics/artifacts/test-targets/runtime_counters/build/app.zpkg
  PASS Z42DiagnosticsRuntimeCountersTests.test_counters_all_fields_readable
  PASS Z42DiagnosticsRuntimeCountersTests.test_allocations_increase_after_alloc
  PASS Z42DiagnosticsRuntimeCountersTests.test_allocations_monotonic
  PASS Z42DiagnosticsRuntimeCountersTests.test_exception_fields_monotonic_across_throw

  Result: 4 passed, 0 failed, 0 skipped
[ERROR 2026-09-14T15:50:05.716Z] error msg
[INFO 2026-09-14T15:50:06.805Z] startup port="8080"
[INFO 2026-09-14T15:50:06.805Z] safe
[INFO 2026-09-14T15:50:06.805Z] i k="v"
[WARN 2026-09-14T15:50:06.805Z] w k="v"
[ERROR 2026-09-14T15:50:06.805Z] e k="v"
[ERROR 2026-09-14T15:50:09.059Z] emitted but harmless in test

── z42.encoding (bench, z42b) : 1 unit(s) ──

── bench target: encoding_bench ──
compiled: /Users/d.s.qiu/Documents/codesigner-ui/z42-callarity/src/libraries/z42.encoding/artifacts/z42.encoding/debug/build/app.zpkg
compiled: /Users/d.s.qiu/Documents/codesigner-ui/z42-callarity/src/libraries/z42.encoding/artifacts/bench-targets/encoding_bench/build/app.zpkg
bench[base64_roundtrip_4k] min=1473334ns median=1530459ns max=1567459ns mean=1521287ns stddev=32452ns samples=10
  PASS Z42EncodingBench.bench_base64_roundtrip_4k
bench[hex_roundtrip_4k] min=2115167ns median=2134625ns max=2165958ns mean=2136495ns stddev=15336ns samples=10
  PASS Z42EncodingBench.bench_hex_roundtrip_4k
bench[base64_roundtrip] min=100083ns median=101625ns max=104083ns mean=101893ns stddev=957ns samples=20
  PASS Z42EncodingBench.bench_base64_roundtrip
bench[hex_roundtrip] min=136750ns median=139333ns max=145208ns mean=139466ns stddev=2178ns samples=20
  PASS Z42EncodingBench.bench_hex_roundtrip
bench[utf8_roundtrip] min=14667ns median=15583ns max=16125ns mean=15514ns stddev=310ns samples=20
  PASS Z42EncodingBench.bench_utf8_roundtrip
  PASS Z42EncodingBench.test_encoding_bench_bodies_run

  Result: 6 passed, 0 failed, 0 skipped

── test target: ansi_color ──
compiled: /Users/d.s.qiu/Documents/codesigner-ui/z42-callarity/src/libraries/z42.io/artifacts/z42.io/debug/build/app.zpkg
compiled: /Users/d.s.qiu/Documents/codesigner-ui/z42-callarity/src/libraries/z42.io/artifacts/test-targets/ansi_color/build/app.zpkg
  PASS Z42IoAnsiColorTests.test_red_wraps_when_enabled
  PASS Z42IoAnsiColorTests.test_bright_green_uses_90_offset
  PASS Z42IoAnsiColorTests.test_bold_style_emits_code_1
  PASS Z42IoAnsiColorTests.test_nested_compose_red_bold
  PASS Z42IoAnsiColorTests.test_disabled_passes_through_unchanged
  PASS Z42IoAnsiColorTests.test_disabled_applies_to_every_method
  PASS Z42IoAnsiColorTests.test_set_enabled_override_survives_across_calls
  PASS Z42IoAnsiColorTests.test_manual_set_enabled_overrides_no_color
  PASS Z42IoAnsiColorTests.test_strip_simple_color_wrap
  PASS Z42IoAnsiColorTests.test_strip_nested_wraps
  PASS Z42IoAnsiColorTests.test_strip_plain_text_is_identity
  PASS Z42IoAnsiColorTests.test_strip_handles_non_sgr_escapes
  PASS Z42IoAnsiColorTests.test_strip_handles_truncated_escape_at_eof

  Result: 13 passed, 0 failed, 0 skipped

── test target: binary_basic ──
compiled: /Users/d.s.qiu/Documents/codesigner-ui/z42-callarity/src/libraries/z42.io/artifacts/z42.io/debug/build/app.zpkg
compiled: /Users/d.s.qiu/Documents/codesigner-ui/z42-callarity/src/libraries/z42.io/artifacts/test-targets/binary_basic/build/app.zpkg
  PASS Z42IoBinaryBasicTests.test_byte_round_trip
  PASS Z42IoBinaryBasicTests.test_int16_le_round_trip
  PASS Z42IoBinaryBasicTests.test_int16_be_byte_order
  PASS Z42IoBinaryBasicTests.test_int16_le_byte_order
  PASS Z42IoBinaryBasicTests.test_int32_round_trip
  PASS Z42IoBinaryBasicTests.test_int32_byte_order
  PASS Z42IoBinaryBasicTests.test_int64_round_trip
  PASS Z42IoBinaryBasicTests.test_int64_byte_order
  PASS Z42IoBinaryBasicTests.test_cursor_position_and_seek
  PASS Z42IoBinaryBasicTests.test_mixed_types_stream

  Result: 10 passed, 0 failed, 0 skipped

── test target: binary_errors ──
compiled: /Users/d.s.qiu/Documents/codesigner-ui/z42-callarity/src/libraries/z42.io/artifacts/z42.io/debug/build/app.zpkg
compiled: /Users/d.s.qiu/Documents/codesigner-ui/z42-callarity/src/libraries/z42.io/artifacts/test-targets/binary_errors/build/app.zpkg
  PASS Z42IoBinaryErrorsTests.test_read_past_end_throws
  PASS Z42IoBinaryErrorsTests.test_read_int32_short_buffer_throws
  PASS Z42IoBinaryErrorsTests.test_seek_negative_throws
  PASS Z42IoBinaryErrorsTests.test_seek_past_end_throws
  PASS Z42IoBinaryErrorsTests.test_read_bytes_negative_count_throws
  PASS Z42IoBinaryErrorsTests.test_writer_grows_past_initial_capacity
  PASS Z42IoBinaryErrorsTests.test_writer_clear_resets_position
  PASS Z42IoBinaryErrorsTests.test_to_array_is_snapshot

  Result: 8 passed, 0 failed, 0 skipped

── test target: binary_float ──
compiled: /Users/d.s.qiu/Documents/codesigner-ui/z42-callarity/src/libraries/z42.io/artifacts/z42.io/debug/build/app.zpkg
compiled: /Users/d.s.qiu/Documents/codesigner-ui/z42-callarity/src/libraries/z42.io/artifacts/test-targets/binary_float/build/app.zpkg
  PASS Z42IoBinaryFloatTests.test_single_le_known_pattern
  PASS Z42IoBinaryFloatTests.test_single_be_known_pattern
  PASS Z42IoBinaryFloatTests.test_double_le_known_pattern
  PASS Z42IoBinaryFloatTests.test_double_be_known_pattern
  PASS Z42IoBinaryFloatTests.test_single_round_trip_f32_exact
  PASS Z42IoBinaryFloatTests.test_double_round_trip_exact
  PASS Z42IoBinaryFloatTests.test_single_narrows_then_stable
  PASS Z42IoBinaryFloatTests.test_mixed_sequence_round_trip

  Result: 8 passed, 0 failed, 0 skipped

── test target: binary_stream ──
compiled: /Users/d.s.qiu/Documents/codesigner-ui/z42-callarity/src/libraries/z42.io/artifacts/z42.io/debug/build/app.zpkg
compiled: /Users/d.s.qiu/Documents/codesigner-ui/z42-callarity/src/libraries/z42.io/artifacts/test-targets/binary_stream/build/app.zpkg
  PASS Z42IoBinaryStreamTests.test_writer_with_user_supplied_stream
  PASS Z42IoBinaryStreamTests.test_writer_to_array_throws_for_user_stream
  PASS Z42IoBinaryStreamTests.test_writer_clear_throws_for_user_stream
  PASS Z42IoBinaryStreamTests.test_writer_rejects_non_writable_stream
  PASS Z42IoBinaryStreamTests.test_reader_with_user_supplied_stream
  PASS Z42IoBinaryStreamTests.test_reader_rejects_non_readable_stream
  PASS Z42IoBinaryStreamTests.test_writer_then_reader_pipeline_round_trip
  PASS Z42IoBinaryStreamTests.test_byte_array_constructor_still_works
  PASS Z42IoBinaryStreamTests.test_default_writer_to_array_still_works
  PASS Z42IoBinaryStreamTests.test_reader_throws_on_premature_eof
  PASS Z42IoBinaryStreamTests.test_reader_position_on_memory_stream

  Result: 11 passed, 0 failed, 0 skipped

── test target: binary_strings ──
compiled: /Users/d.s.qiu/Documents/codesigner-ui/z42-callarity/src/libraries/z42.io/artifacts/z42.io/debug/build/app.zpkg
compiled: /Users/d.s.qiu/Documents/codesigner-ui/z42-callarity/src/libraries/z42.io/artifacts/test-targets/binary_strings/build/app.zpkg
  PASS Z42IoBinaryStringsTests.test_ascii_string_round_trip
  PASS Z42IoBinaryStringsTests.test_utf8_string_round_trip
  PASS Z42IoBinaryStringsTests.test_length_prefixed_string
  PASS Z42IoBinaryStringsTests.test_read_bytes_returns_copy
  PASS Z42IoBinaryStringsTests.test_write_bytes_appends_in_order
  PASS Z42IoBinaryStringsTests.test_empty_string

  Result: 6 passed, 0 failed, 0 skipped

── test target: binary_varint ──
compiled: /Users/d.s.qiu/Documents/codesigner-ui/z42-callarity/src/libraries/z42.io/artifacts/z42.io/debug/build/app.zpkg
compiled: /Users/d.s.qiu/Documents/codesigner-ui/z42-callarity/src/libraries/z42.io/artifacts/test-targets/binary_varint/build/app.zpkg
  PASS Z42IoBinaryVarintTests.test_varint_zero
  PASS Z42IoBinaryVarintTests.test_varint_one_byte_max
  PASS Z42IoBinaryVarintTests.test_varint_two_byte_boundary
  PASS Z42IoBinaryVarintTests.test_varint_three_byte_boundary
  PASS Z42IoBinaryVarintTests.test_varint_max_long
  PASS Z42IoBinaryVarintTests.test_varint_arbitrary_values
  PASS Z42IoBinaryVarintTests.test_varint_zero_one_byte
  PASS Z42IoBinaryVarintTests.test_varint_127_one_byte
  PASS Z42IoBinaryVarintTests.test_varint_128_two_bytes
  PASS Z42IoBinaryVarintTests.test_varint_300_two_bytes_known_encoding
  PASS Z42IoBinaryVarintTests.test_varint_negative_one_uses_ten_bytes
  PASS Z42IoBinaryVarintTests.test_zigzag_zero_one_byte
  PASS Z42IoBinaryVarintTests.test_zigzag_negative_one_one_byte
  PASS Z42IoBinaryVarintTests.test_zigzag_negative_64_one_byte
  PASS Z42IoBinaryVarintTests.test_zigzag_round_trip_positive
  PASS Z42IoBinaryVarintTests.test_zigzag_round_trip_negative_small
  PASS Z42IoBinaryVarintTests.test_zigzag_round_trip_large_negative
  PASS Z42IoBinaryVarintTests.test_zigzag_round_trip_min_long
  PASS Z42IoBinaryVarintTests.test_zigzag_round_trip_max_long
  PASS Z42IoBinaryVarintTests.test_three_varints_in_sequence
  PASS Z42IoBinaryVarintTests.test_read_varint_from_known_bytes

  Result: 21 passed, 0 failed, 0 skipped

── test target: buffered_stream ──
compiled: /Users/d.s.qiu/Documents/codesigner-ui/z42-callarity/src/libraries/z42.io/artifacts/z42.io/debug/build/app.zpkg
compiled: /Users/d.s.qiu/Documents/codesigner-ui/z42-callarity/src/libraries/z42.io/artifacts/test-targets/buffered_stream/build/app.zpkg
  PASS Z42IoBufferedStreamTests.test_default_capacity_construction
  PASS Z42IoBufferedStreamTests.test_capability_delegates_to_inner
  PASS Z42IoBufferedStreamTests.test_zero_buffer_size_throws
  PASS Z42IoBufferedStreamTests.test_small_reads_aggregate
  PASS Z42IoBufferedStreamTests.test_large_read_bypasses_buffer
  PASS Z42IoBufferedStreamTests.test_small_writes_aggregate_until_flush
  PASS Z42IoBufferedStreamTests.test_close_flushes_pending_writes
  PASS Z42IoBufferedStreamTests.test_large_write_bypasses_buffer
  PASS Z42IoBufferedStreamTests.test_write_overflow_triggers_flush
  PASS Z42IoBufferedStreamTests.test_write_then_read_after_seek
  PASS Z42IoBufferedStreamTests.test_length_passes_through
  PASS Z42IoBufferedStreamTests.test_position_accounts_for_buffer_during_read
  PASS Z42IoBufferedStreamTests.test_position_accounts_for_buffer_during_write
  PASS Z42IoBufferedStreamTests.test_close_does_not_close_inner
  PASS Z42IoBufferedStreamTests.test_close_idempotent
  PASS Z42IoBufferedStreamTests.test_write_after_close_throws

  Result: 16 passed, 0 failed, 0 skipped

── test target: console ──
compiled: /Users/d.s.qiu/Documents/codesigner-ui/z42-callarity/src/libraries/z42.io/artifacts/z42.io/debug/build/app.zpkg
compiled: /Users/d.s.qiu/Documents/codesigner-ui/z42-callarity/src/libraries/z42.io/artifacts/test-targets/console/build/app.zpkg
[smoke] z42.io console test
  PASS Z42IoTests.test_writeline_does_not_throw
42
  PASS Z42IoTests.test_writeline_int
true
  PASS Z42IoTests.test_writeline_bool
  PASS Z42IoTests.test_current_time_is_positive
  PASS Z42IoTests.test_current_time_is_monotonic
  PASS Z42IoTests.test_get_command_line_args_does_not_throw

  Result: 6 passed, 0 failed, 0 skipped

── test target: console_tty ──
compiled: /Users/d.s.qiu/Documents/codesigner-ui/z42-callarity/src/libraries/z42.io/artifacts/z42.io/debug/build/app.zpkg
compiled: /Users/d.s.qiu/Documents/codesigner-ui/z42-callarity/src/libraries/z42.io/artifacts/test-targets/console_tty/build/app.zpkg
  PASS Z42IoConsoleTtyTests.test_console_is_terminal_does_not_throw
  PASS Z42IoConsoleTtyTests.test_console_error_is_terminal_does_not_throw
  PASS Z42IoConsoleTtyTests.test_is_terminal_idempotent

  Result: 3 passed, 0 failed, 0 skipped

── test target: ctor_throw_catch ──
compiled: /Users/d.s.qiu/Documents/codesigner-ui/z42-callarity/src/libraries/z42.io/artifacts/z42.io/debug/build/app.zpkg
compiled: /Users/d.s.qiu/Documents/codesigner-ui/z42-callarity/src/libraries/z42.io/artifacts/test-targets/ctor_throw_catch/build/app.zpkg
  PASS Z42IoCtorThrowCatchTests.test_ctor_throw_caught_as_argument_exception
  PASS Z42IoCtorThrowCatchTests.test_ctor_throw_caught_as_base_exception
  PASS Z42IoCtorThrowCatchTests.test_ctor_throw_message_preserved
  PASS Z42IoCtorThrowCatchTests.test_ctor_no_throw_normal_path
  PASS Z42IoCtorThrowCatchTests.test_ctor_throw_does_not_assign_dst

  Result: 5 passed, 0 failed, 0 skipped

── test target: directory ──
compiled: /Users/d.s.qiu/Documents/codesigner-ui/z42-callarity/src/libraries/z42.io/artifacts/z42.io/debug/build/app.zpkg
compiled: /Users/d.s.qiu/Documents/codesigner-ui/z42-callarity/src/libraries/z42.io/artifacts/test-targets/directory/build/app.zpkg
  PASS Z42IoDirectoryTests.test_exists_true_for_dir
  PASS Z42IoDirectoryTests.test_exists_false_for_missing
  PASS Z42IoDirectoryTests.test_exists_false_for_file
  PASS Z42IoDirectoryTests.test_create_simple
  PASS Z42IoDirectoryTests.test_create_recursive
  PASS Z42IoDirectoryTests.test_create_idempotent
  PASS Z42IoDirectoryTests.test_delete_empty
  PASS Z42IoDirectoryTests.test_delete_recursive
  PASS Z42IoDirectoryTests.test_enumerate_returns_basenames
  PASS Z42IoDirectoryTests.test_enumerate_empty_dir
  PASS Z42IoDirectoryTests.test_enumerate_recursive_includes_subtree

  Result: 11 passed, 0 failed, 0 skipped

── test target: directory_copy ──
compiled: /Users/d.s.qiu/Documents/codesigner-ui/z42-callarity/src/libraries/z42.io/artifacts/z42.io/debug/build/app.zpkg
compiled: /Users/d.s.qiu/Documents/codesigner-ui/z42-callarity/src/libraries/z42.io/artifacts/test-targets/directory_copy/build/app.zpkg
  PASS Z42IoDirectoryCopyTests.test_copy_recursive_full_tree
  PASS Z42IoDirectoryCopyTests.test_copy_nonrecursive_top_files_only
  PASS Z42IoDirectoryCopyTests.test_copy_creates_missing_dst

  Result: 3 passed, 0 failed, 0 skipped

── test target: directory_temp ──
compiled: /Users/d.s.qiu/Documents/codesigner-ui/z42-callarity/src/libraries/z42.io/artifacts/z42.io/debug/build/app.zpkg
compiled: /Users/d.s.qiu/Documents/codesigner-ui/z42-callarity/src/libraries/z42.io/artifacts/test-targets/directory_temp/build/app.zpkg
  PASS Z42IoDirectoryTempTests.test_directory_create_temp_dir_returns_existing_path
  PASS Z42IoDirectoryTempTests.test_directory_create_temp_dir_is_alias_for_file

  Result: 2 passed, 0 failed, 0 skipped

── test target: env_cwd ──
compiled: /Users/d.s.qiu/Documents/codesigner-ui/z42-callarity/src/libraries/z42.io/artifacts/z42.io/debug/build/app.zpkg
compiled: /Users/d.s.qiu/Documents/codesigner-ui/z42-callarity/src/libraries/z42.io/artifacts/test-targets/env_cwd/build/app.zpkg
  PASS Z42IoEnvCwdTests.test_get_current_directory_returns_absolute_path
  PASS Z42IoEnvCwdTests.test_set_then_get_round_trip
  PASS Z42IoEnvCwdTests.test_set_nonexistent_throws

  Result: 3 passed, 0 failed, 0 skipped

── test target: env_set ──
compiled: /Users/d.s.qiu/Documents/codesigner-ui/z42-callarity/src/libraries/z42.io/artifacts/z42.io/debug/build/app.zpkg
compiled: /Users/d.s.qiu/Documents/codesigner-ui/z42-callarity/src/libraries/z42.io/artifacts/test-targets/env_set/build/app.zpkg
  PASS Z42IoEnvSetTests.test_set_then_get_roundtrip
  PASS Z42IoEnvSetTests.test_set_overwrites_existing
  PASS Z42IoEnvSetTests.test_set_empty_value

  Result: 3 passed, 0 failed, 0 skipped

── test target: environment_extra ──
compiled: /Users/d.s.qiu/Documents/codesigner-ui/z42-callarity/src/libraries/z42.io/artifacts/z42.io/debug/build/app.zpkg
compiled: /Users/d.s.qiu/Documents/codesigner-ui/z42-callarity/src/libraries/z42.io/artifacts/test-targets/environment_extra/build/app.zpkg
  PASS Z42IoEnvironmentExtraTests.test_unset_after_set_returns_null
  PASS Z42IoEnvironmentExtraTests.test_unset_nonexistent_is_noop
  PASS Z42IoEnvironmentExtraTests.test_get_all_environment_returns_array
  PASS Z42IoEnvironmentExtraTests.test_every_var_has_equals_separator

  Result: 4 passed, 0 failed, 0 skipped

── test target: file_atomic_write ──
compiled: /Users/d.s.qiu/Documents/codesigner-ui/z42-callarity/src/libraries/z42.io/artifacts/z42.io/debug/build/app.zpkg
compiled: /Users/d.s.qiu/Documents/codesigner-ui/z42-callarity/src/libraries/z42.io/artifacts/test-targets/file_atomic_write/build/app.zpkg
  PASS Z42IoFileAtomicWriteTests.test_atomic_text_round_trip
  PASS Z42IoFileAtomicWriteTests.test_atomic_bytes_round_trip
  PASS Z42IoFileAtomicWriteTests.test_atomic_overwrites_existing_content
  PASS Z42IoFileAtomicWriteTests.test_atomic_leaves_no_tmp_files_in_dir
  PASS Z42IoFileAtomicWriteTests.test_atomic_write_to_nonexistent_directory_throws

  Result: 5 passed, 0 failed, 0 skipped

── test target: file_bytes ──
compiled: /Users/d.s.qiu/Documents/codesigner-ui/z42-callarity/src/libraries/z42.io/artifacts/z42.io/debug/build/app.zpkg
compiled: /Users/d.s.qiu/Documents/codesigner-ui/z42-callarity/src/libraries/z42.io/artifacts/test-targets/file_bytes/build/app.zpkg
  PASS Z42IoFileBytesTests.test_round_trip_short_payload
  PASS Z42IoFileBytesTests.test_round_trip_empty_array
  PASS Z42IoFileBytesTests.test_round_trip_binary_non_utf8
  PASS Z42IoFileBytesTests.test_round_trip_larger_payload
  PASS Z42IoFileBytesTests.test_overwrites_existing_file
  PASS Z42IoFileBytesTests.test_read_nonexistent_throws

  Result: 6 passed, 0 failed, 0 skipped

── test target: file_chmod_link_size ──
compiled: /Users/d.s.qiu/Documents/codesigner-ui/z42-callarity/src/libraries/z42.io/artifacts/z42.io/debug/build/app.zpkg
compiled: /Users/d.s.qiu/Documents/codesigner-ui/z42-callarity/src/libraries/z42.io/artifacts/test-targets/file_chmod_link_size/build/app.zpkg
  PASS Z42IoFileChmodLinkSizeTests.test_get_size_of_known_content
  PASS Z42IoFileChmodLinkSizeTests.test_get_size_empty_file
  PASS Z42IoFileChmodLinkSizeTests.test_make_executable_does_not_throw
  PASS Z42IoFileChmodLinkSizeTests.test_hard_link_shares_content
  PASS Z42IoFileChmodLinkSizeTests.test_symlink_resolves_to_target

  Result: 5 passed, 0 failed, 0 skipped

── test target: file_extras ──
compiled: /Users/d.s.qiu/Documents/codesigner-ui/z42-callarity/src/libraries/z42.io/artifacts/z42.io/debug/build/app.zpkg
compiled: /Users/d.s.qiu/Documents/codesigner-ui/z42-callarity/src/libraries/z42.io/artifacts/test-targets/file_extras/build/app.zpkg
  PASS Z42IoFileExtrasTests.test_copy_creates_dst
  PASS Z42IoFileExtrasTests.test_copy_leaves_src_intact
  PASS Z42IoFileExtrasTests.test_copy_overwrites_dst
  PASS Z42IoFileExtrasTests.test_move_creates_dst
  PASS Z42IoFileExtrasTests.test_move_removes_src

  Result: 5 passed, 0 failed, 0 skipped

── test target: file_last_write_time ──
compiled: /Users/d.s.qiu/Documents/codesigner-ui/z42-callarity/src/libraries/z42.io/artifacts/z42.io/debug/build/app.zpkg
compiled: /Users/d.s.qiu/Documents/codesigner-ui/z42-callarity/src/libraries/z42.io/artifacts/test-targets/file_last_write_time/build/app.zpkg
  PASS Z42IoFileLastWriteTimeTests.test_mtime_is_real_current_time
  PASS Z42IoFileLastWriteTimeTests.test_mtime_monotonic_after_rewrite
  PASS Z42IoFileLastWriteTimeTests.test_missing_file_throws

  Result: 3 passed, 0 failed, 0 skipped

── test target: file_stream ──
compiled: /Users/d.s.qiu/Documents/codesigner-ui/z42-callarity/src/libraries/z42.io/artifacts/z42.io/debug/build/app.zpkg
compiled: /Users/d.s.qiu/Documents/codesigner-ui/z42-callarity/src/libraries/z42.io/artifacts/test-targets/file_stream/build/app.zpkg
  PASS Z42IoFileStreamTests.test_read_mode_round_trip
  PASS Z42IoFileStreamTests.test_read_all_bytes_helper_on_filestream
  PASS Z42IoFileStreamTests.test_write_mode_truncates_and_writes
  PASS Z42IoFileStreamTests.test_append_mode_concatenates
  PASS Z42IoFileStreamTests.test_append_mode_seek_throws
  PASS Z42IoFileStreamTests.test_seek_and_position
  PASS Z42IoFileStreamTests.test_close_is_idempotent
  PASS Z42IoFileStreamTests.test_read_after_close_throws
  PASS Z42IoFileStreamTests.test_unknown_mode_throws
  PASS Z42IoFileStreamTests.test_filestream_to_memorystream_pipeline

  Result: 10 passed, 0 failed, 0 skipped

── test target: file_stream_seek_bounds ──
compiled: /Users/d.s.qiu/Documents/codesigner-ui/z42-callarity/src/libraries/z42.io/artifacts/z42.io/debug/build/app.zpkg
compiled: /Users/d.s.qiu/Documents/codesigner-ui/z42-callarity/src/libraries/z42.io/artifacts/test-targets/file_stream_seek_bounds/build/app.zpkg
  PASS Z42IoFileStreamSeekBoundsTests.test_seek_negative_absolute_throws
  PASS Z42IoFileStreamSeekBoundsTests.test_seek_current_underflow_throws
  PASS Z42IoFileStreamSeekBoundsTests.test_seek_end_underflow_throws
  PASS Z42IoFileStreamSeekBoundsTests.test_seek_within_bounds_succeeds
  PASS Z42IoFileStreamSeekBoundsTests.test_seek_past_end_allowed_for_writable

  Result: 5 passed, 0 failed, 0 skipped

── test target: file_temp ──
compiled: /Users/d.s.qiu/Documents/codesigner-ui/z42-callarity/src/libraries/z42.io/artifacts/z42.io/debug/build/app.zpkg
compiled: /Users/d.s.qiu/Documents/codesigner-ui/z42-callarity/src/libraries/z42.io/artifacts/test-targets/file_temp/build/app.zpkg
  PASS Z42IoFileTempTests.test_create_temp_dir_exists_and_is_unique
  PASS Z42IoFileTempTests.test_create_temp_dir_prefix_in_basename
  PASS Z42IoFileTempTests.test_create_temp_file_exists_and_writable
  PASS Z42IoFileTempTests.test_create_temp_file_unique
  PASS Z42IoFileTempTests.test_create_temp_file_empty_suffix_works
  PASS Z42IoFileTempTests.test_temp_dir_usable_for_sub_files

  Result: 6 passed, 0 failed, 0 skipped

── test target: gc_heap_snapshot ──
compiled: /Users/d.s.qiu/Documents/codesigner-ui/z42-callarity/src/libraries/z42.io/artifacts/z42.io/debug/build/app.zpkg
compiled: /Users/d.s.qiu/Documents/codesigner-ui/z42-callarity/src/libraries/z42.io/artifacts/test-targets/gc_heap_snapshot/build/app.zpkg
  PASS Z42IoGcHeapSnapshotTests.test_write_snapshot_creates_nonempty_file
  PASS Z42IoGcHeapSnapshotTests.test_returned_bytes_equal_file_length

  Result: 2 passed, 0 failed, 0 skipped

── test target: gc_pause_window ──
compiled: /Users/d.s.qiu/Documents/codesigner-ui/z42-callarity/src/libraries/z42.io/artifacts/z42.io/debug/build/app.zpkg
compiled: /Users/d.s.qiu/Documents/codesigner-ui/z42-callarity/src/libraries/z42.io/artifacts/test-targets/gc_pause_window/build/app.zpkg
  PASS Z42IoGcPauseWindowTests.test_pause_window_capacity_positive
  PASS Z42IoGcPauseWindowTests.test_recent_pauses_length_grows_with_collects

  Result: 2 passed, 0 failed, 0 skipped

── test target: operating_system ──
compiled: /Users/d.s.qiu/Documents/codesigner-ui/z42-callarity/src/libraries/z42.io/artifacts/z42.io/debug/build/app.zpkg
compiled: /Users/d.s.qiu/Documents/codesigner-ui/z42-callarity/src/libraries/z42.io/artifacts/test-targets/operating_system/build/app.zpkg
  PASS Z42IoOperatingSystemTests.test_pid_positive
  PASS Z42IoOperatingSystemTests.test_cpu_count_at_least_one
  PASS Z42IoOperatingSystemTests.test_executable_path_returns_something
  PASS Z42IoOperatingSystemTests.test_current_directory_non_empty
  PASS Z42IoOperatingSystemTests.test_set_current_directory_changes_cwd
  PASS Z42IoOperatingSystemTests.test_hostname_non_empty_on_unix
  PASS Z42IoOperatingSystemTests.test_os_version_returns_string

  Result: 7 passed, 0 failed, 0 skipped

── test target: path_glob ──
compiled: /Users/d.s.qiu/Documents/codesigner-ui/z42-callarity/src/libraries/z42.io/artifacts/z42.io/debug/build/app.zpkg
compiled: /Users/d.s.qiu/Documents/codesigner-ui/z42-callarity/src/libraries/z42.io/artifacts/test-targets/path_glob/build/app.zpkg
  PASS Z42IoPathGlobTests.test_glob_star_extension
  PASS Z42IoPathGlobTests.test_glob_question_mark
  PASS Z42IoPathGlobTests.test_glob_no_match_returns_empty
  PASS Z42IoPathGlobTests.test_glob_literal_pattern
  PASS Z42IoPathGlobTests.test_glob_star_matches_all
  PASS Z42IoPathGlobTests.test_glob_nonexistent_dir_returns_empty
  PASS Z42IoPathGlobTests.test_glob_prefix_suffix

  Result: 7 passed, 0 failed, 0 skipped

── test target: path_glob_recursive ──
compiled: /Users/d.s.qiu/Documents/codesigner-ui/z42-callarity/src/libraries/z42.io/artifacts/z42.io/debug/build/app.zpkg
compiled: /Users/d.s.qiu/Documents/codesigner-ui/z42-callarity/src/libraries/z42.io/artifacts/test-targets/path_glob_recursive/build/app.zpkg
  PASS Z42IoPathGlobRecursiveTests.test_glob_recursive_finds_in_single_layer
  PASS Z42IoPathGlobRecursiveTests.test_glob_recursive_descends_two_levels
  PASS Z42IoPathGlobRecursiveTests.test_glob_recursive_descends_three_levels
  PASS Z42IoPathGlobRecursiveTests.test_glob_recursive_pattern_with_slash_matches_relative_path
  PASS Z42IoPathGlobRecursiveTests.test_glob_recursive_pattern_miss_returns_empty
  PASS Z42IoPathGlobRecursiveTests.test_glob_recursive_nonexistent_dir_returns_empty

  Result: 6 passed, 0 failed, 0 skipped

── test target: platform ──
compiled: /Users/d.s.qiu/Documents/codesigner-ui/z42-callarity/src/libraries/z42.io/artifacts/z42.io/debug/build/app.zpkg
compiled: /Users/d.s.qiu/Documents/codesigner-ui/z42-callarity/src/libraries/z42.io/artifacts/test-targets/platform/build/app.zpkg
  PASS Z42IoPlatformTests.test_os_string_known
  PASS Z42IoPlatformTests.test_arch_string_known
  PASS Z42IoPlatformTests.test_family_string_known
  PASS Z42IoPlatformTests.test_os_kind_value_matches_predicate
  PASS Z42IoPlatformTests.test_arch_kind_value_known
  PASS Z42IoPlatformTests.test_is_unix_consistent_with_os

  Result: 6 passed, 0 failed, 0 skipped

── test target: process_basic ──
compiled: /Users/d.s.qiu/Documents/codesigner-ui/z42-callarity/src/libraries/z42.io/artifacts/z42.io/debug/build/app.zpkg
compiled: /Users/d.s.qiu/Documents/codesigner-ui/z42-callarity/src/libraries/z42.io/artifacts/test-targets/process_basic/build/app.zpkg
  PASS Z42IoProcessTests.test_run_echo_captures_stdout
  PASS Z42IoProcessTests.test_run_args_array
  PASS Z42IoProcessTests.test_run_nonzero_exit_returns_result
  PASS Z42IoProcessTests.test_ensure_success_throws_on_nonzero_exit
  PASS Z42IoProcessTests.test_ensure_success_returns_self_on_zero_exit

  Result: 5 passed, 0 failed, 0 skipped

── test target: process_env_cwd ──
compiled: /Users/d.s.qiu/Documents/codesigner-ui/z42-callarity/src/libraries/z42.io/artifacts/z42.io/debug/build/app.zpkg
compiled: /Users/d.s.qiu/Documents/codesigner-ui/z42-callarity/src/libraries/z42.io/artifacts/test-targets/process_env_cwd/build/app.zpkg
  PASS Z42IoProcessEnvCwdTests.test_env_override_visible_in_child
  PASS Z42IoProcessEnvCwdTests.test_clear_env_strips_parent_environment
  PASS Z42IoProcessEnvCwdTests.test_working_directory_takes_effect

  Result: 3 passed, 0 failed, 0 skipped

── test target: process_failure ──
compiled: /Users/d.s.qiu/Documents/codesigner-ui/z42-callarity/src/libraries/z42.io/artifacts/z42.io/debug/build/app.zpkg
compiled: /Users/d.s.qiu/Documents/codesigner-ui/z42-callarity/src/libraries/z42.io/artifacts/test-targets/process_failure/build/app.zpkg
  PASS Z42IoProcessFailureTests.test_nonexistent_program_throws_start_exception
  PASS Z42IoProcessFailureTests.test_start_exception_distinct_from_exit_exception

  Result: 2 passed, 0 failed, 0 skipped

── test target: process_spawn ──
compiled: /Users/d.s.qiu/Documents/codesigner-ui/z42-callarity/src/libraries/z42.io/artifacts/z42.io/debug/build/app.zpkg
compiled: /Users/d.s.qiu/Documents/codesigner-ui/z42-callarity/src/libraries/z42.io/artifacts/test-targets/process_spawn/build/app.zpkg
  PASS Z42IoProcessSpawnTests.test_spawn_then_wait_returns_result
  PASS Z42IoProcessSpawnTests.test_pid_is_positive
  PASS Z42IoProcessSpawnTests.test_kill_terminates_long_running
  PASS Z42IoProcessSpawnTests.test_handle_invalid_after_wait
  PASS Z42IoProcessSpawnTests.test_dispose_kills_long_running_child

  Result: 5 passed, 0 failed, 0 skipped

── test target: process_stdin ──
compiled: /Users/d.s.qiu/Documents/codesigner-ui/z42-callarity/src/libraries/z42.io/artifacts/z42.io/debug/build/app.zpkg
compiled: /Users/d.s.qiu/Documents/codesigner-ui/z42-callarity/src/libraries/z42.io/artifacts/test-targets/process_stdin/build/app.zpkg
  PASS Z42IoProcessStdinTests.test_stdin_bytes_oneshot
  PASS Z42IoProcessStdinTests.test_spawn_write_stdin_stream

  Result: 2 passed, 0 failed, 0 skipped

── test target: process_stdio ──
compiled: /Users/d.s.qiu/Documents/codesigner-ui/z42-callarity/src/libraries/z42.io/artifacts/z42.io/debug/build/app.zpkg
compiled: /Users/d.s.qiu/Documents/codesigner-ui/z42-callarity/src/libraries/z42.io/artifacts/test-targets/process_stdio/build/app.zpkg
  PASS Z42IoProcessStdioTests.test_stdout_null_discards_output
  PASS Z42IoProcessStdioTests.test_stderr_pipe_captures_separately
  PASS Z42IoProcessStdioTests.test_stdout_redirect_to_file

  Result: 3 passed, 0 failed, 0 skipped

── test target: process_stream_stdio ──
compiled: /Users/d.s.qiu/Documents/codesigner-ui/z42-callarity/src/libraries/z42.io/artifacts/z42.io/debug/build/app.zpkg
compiled: /Users/d.s.qiu/Documents/codesigner-ui/z42-callarity/src/libraries/z42.io/artifacts/test-targets/process_stream_stdio/build/app.zpkg
  PASS Z42IoProcessStreamStdioTests.test_stdin_stream_write_through_then_wait
  PASS Z42IoProcessStreamStdioTests.test_stdin_stream_close_idempotent
  PASS Z42IoProcessStreamStdioTests.test_stdin_stream_write_after_close_throws
  PASS Z42IoProcessStreamStdioTests.test_stdout_stream_read_via_helpers
  PASS Z42IoProcessStreamStdioTests.test_stdout_stream_read_buffered_chunks
  PASS Z42IoProcessStreamStdioTests.test_stderr_stream_read
  PASS Z42IoProcessStreamStdioTests.test_pipeline_memorystream_into_process_stdin
  PASS Z42IoProcessStreamStdioTests.test_get_stdin_stream_caches
  PASS Z42IoProcessStreamStdioTests.test_get_stdout_stream_caches
  PASS Z42IoProcessStreamStdioTests.test_process_output_stream_bad_fd_throws

  Result: 10 passed, 0 failed, 0 skipped

── test target: process_timeout ──
compiled: /Users/d.s.qiu/Documents/codesigner-ui/z42-callarity/src/libraries/z42.io/artifacts/z42.io/debug/build/app.zpkg
compiled: /Users/d.s.qiu/Documents/codesigner-ui/z42-callarity/src/libraries/z42.io/artifacts/test-targets/process_timeout/build/app.zpkg
  PASS Z42IoProcessTimeoutTests.test_timeout_does_not_fire_when_child_quick
  PASS Z42IoProcessTimeoutTests.test_timeout_fires_for_long_running_child

  Result: 2 passed, 0 failed, 0 skipped

── test target: process_which ──
compiled: /Users/d.s.qiu/Documents/codesigner-ui/z42-callarity/src/libraries/z42.io/artifacts/z42.io/debug/build/app.zpkg
compiled: /Users/d.s.qiu/Documents/codesigner-ui/z42-callarity/src/libraries/z42.io/artifacts/test-targets/process_which/build/app.zpkg
  PASS Z42IoProcessWhichTests.test_which_finds_common_shell
  PASS Z42IoProcessWhichTests.test_which_returns_null_for_missing
  PASS Z42IoProcessWhichTests.test_which_passthrough_for_absolute_path
  PASS Z42IoProcessWhichTests.test_which_passthrough_returns_null_for_missing_absolute_path
  PASS Z42IoProcessWhichTests.test_which_empty_string_returns_null

  Result: 5 passed, 0 failed, 0 skipped

── test target: stream_base ──
compiled: /Users/d.s.qiu/Documents/codesigner-ui/z42-callarity/src/libraries/z42.io/artifacts/z42.io/debug/build/app.zpkg
compiled: /Users/d.s.qiu/Documents/codesigner-ui/z42-callarity/src/libraries/z42.io/artifacts/test-targets/stream_base/build/app.zpkg
  PASS Z42IoStreamBaseTests.test_base_capability_flags_default_false
  PASS Z42IoStreamBaseTests.test_base_read_throws
  PASS Z42IoStreamBaseTests.test_base_write_throws
  PASS Z42IoStreamBaseTests.test_base_seek_throws
  PASS Z42IoStreamBaseTests.test_base_length_throws
  PASS Z42IoStreamBaseTests.test_base_position_throws
  PASS Z42IoStreamBaseTests.test_base_flush_default_is_noop
  PASS Z42IoStreamBaseTests.test_base_close_default_is_noop
  PASS Z42IoStreamBaseTests.test_seek_origin_constants

  Result: 9 passed, 0 failed, 0 skipped

── test target: stream_convenience ──
compiled: /Users/d.s.qiu/Documents/codesigner-ui/z42-callarity/src/libraries/z42.io/artifacts/z42.io/debug/build/app.zpkg
compiled: /Users/d.s.qiu/Documents/codesigner-ui/z42-callarity/src/libraries/z42.io/artifacts/test-targets/stream_convenience/build/app.zpkg
  PASS Z42IoStreamConvenienceTests.test_read_all_bytes_from_memory_stream
  PASS Z42IoStreamConvenienceTests.test_read_all_bytes_grows_past_initial_chunk
  PASS Z42IoStreamConvenienceTests.test_read_all_bytes_on_empty_stream_yields_empty
  PASS Z42IoStreamConvenienceTests.test_write_all_bytes_then_round_trip
  PASS Z42IoStreamConvenienceTests.test_read_exactly_returns_exact_count
  PASS Z42IoStreamConvenienceTests.test_read_exactly_throws_on_premature_eof
  PASS Z42IoStreamConvenienceTests.test_read_exactly_eof_catchable_as_base_exception
  PASS Z42IoStreamConvenienceTests.test_read_exactly_zero_returns_empty
  PASS Z42IoStreamConvenienceTests.test_read_exactly_negative_throws
  PASS Z42IoStreamConvenienceTests.test_read_all_bytes_on_non_readable_throws
  PASS Z42IoStreamConvenienceTests.test_write_all_bytes_on_non_writable_throws

  Result: 11 passed, 0 failed, 0 skipped

── test target: stream_copy_to ──
compiled: /Users/d.s.qiu/Documents/codesigner-ui/z42-callarity/src/libraries/z42.io/artifacts/z42.io/debug/build/app.zpkg
compiled: /Users/d.s.qiu/Documents/codesigner-ui/z42-callarity/src/libraries/z42.io/artifacts/test-targets/stream_copy_to/build/app.zpkg
  PASS Z42IoStreamCopyToTests.test_memory_to_memory
  PASS Z42IoStreamCopyToTests.test_empty_source_no_writes
  PASS Z42IoStreamCopyToTests.test_custom_buffer_size
  PASS Z42IoStreamCopyToTests.test_filestream_to_memorystream
  PASS Z42IoStreamCopyToTests.test_non_readable_source_throws
  PASS Z42IoStreamCopyToTests.test_non_writable_dest_throws
  PASS Z42IoStreamCopyToTests.test_zero_buffer_size_throws

  Result: 7 passed, 0 failed, 0 skipped

── test target: stream_memory ──
compiled: /Users/d.s.qiu/Documents/codesigner-ui/z42-callarity/src/libraries/z42.io/artifacts/z42.io/debug/build/app.zpkg
compiled: /Users/d.s.qiu/Documents/codesigner-ui/z42-callarity/src/libraries/z42.io/artifacts/test-targets/stream_memory/build/app.zpkg
  PASS Z42IoStreamMemoryTests.test_empty_stream_initial_state
  PASS Z42IoStreamMemoryTests.test_write_advances_position_and_length
  PASS Z42IoStreamMemoryTests.test_write_then_seek_then_read_round_trip
  PASS Z42IoStreamMemoryTests.test_read_at_eof_returns_zero
  PASS Z42IoStreamMemoryTests.test_seek_origin_current
  PASS Z42IoStreamMemoryTests.test_seek_origin_end
  PASS Z42IoStreamMemoryTests.test_seek_negative_throws
  PASS Z42IoStreamMemoryTests.test_growth_beyond_initial_capacity
  PASS Z42IoStreamMemoryTests.test_to_array_snapshot_is_independent
  PASS Z42IoStreamMemoryTests.test_readonly_constructor_disallows_write
  PASS Z42IoStreamMemoryTests.test_readonly_view_round_trip_read
  PASS Z42IoStreamMemoryTests.test_partial_read_returns_actual_count
  PASS Z42IoStreamMemoryTests.test_readbyte_writebyte_round_trip
  PASS Z42IoStreamMemoryTests.test_seek_beyond_int_max_throws

  Result: 14 passed, 0 failed, 0 skipped

── test target: stream_reader ──
compiled: /Users/d.s.qiu/Documents/codesigner-ui/z42-callarity/src/libraries/z42.io/artifacts/z42.io/debug/build/app.zpkg
compiled: /Users/d.s.qiu/Documents/codesigner-ui/z42-callarity/src/libraries/z42.io/artifacts/test-targets/stream_reader/build/app.zpkg
  PASS Z42IoStreamReaderTests.test_default_utf8_read_to_end_ascii
  PASS Z42IoStreamReaderTests.test_default_utf8_read_to_end_multibyte
  PASS Z42IoStreamReaderTests.test_explicit_encoding_arg
  PASS Z42IoStreamReaderTests.test_peek_then_read_same_char
  PASS Z42IoStreamReaderTests.test_empty_stream_immediate_eof
  PASS Z42IoStreamReaderTests.test_bulk_read_chars
  PASS Z42IoStreamReaderTests.test_read_line_lf
  PASS Z42IoStreamReaderTests.test_read_line_crlf
  PASS Z42IoStreamReaderTests.test_read_line_with_multibyte_content
  PASS Z42IoStreamReaderTests.test_read_line_no_terminator_at_eof
  PASS Z42IoStreamReaderTests.test_constructor_does_not_consume_source
  PASS Z42IoStreamReaderTests.test_close_idempotent
  PASS Z42IoStreamReaderTests.test_read_after_close_throws

  Result: 13 passed, 0 failed, 0 skipped

── test target: stream_text_pipeline ──
compiled: /Users/d.s.qiu/Documents/codesigner-ui/z42-callarity/src/libraries/z42.io/artifacts/z42.io/debug/build/app.zpkg
compiled: /Users/d.s.qiu/Documents/codesigner-ui/z42-callarity/src/libraries/z42.io/artifacts/test-targets/stream_text_pipeline/build/app.zpkg
  PASS Z42IoStreamTextPipelineTests.test_writer_to_reader_via_memory_stream
  PASS Z42IoStreamTextPipelineTests.test_writer_to_filestream_then_read_back
  PASS Z42IoStreamTextPipelineTests.test_multibyte_round_trip_via_filestream
  PASS Z42IoStreamTextPipelineTests.test_read_to_end_from_filestream

  Result: 4 passed, 0 failed, 0 skipped

── test target: stream_writer ──
compiled: /Users/d.s.qiu/Documents/codesigner-ui/z42-callarity/src/libraries/z42.io/artifacts/z42.io/debug/build/app.zpkg
compiled: /Users/d.s.qiu/Documents/codesigner-ui/z42-callarity/src/libraries/z42.io/artifacts/test-targets/stream_writer/build/app.zpkg
  PASS Z42IoStreamWriterTests.test_default_utf8_write_string
  PASS Z42IoStreamWriterTests.test_default_utf8_write_multibyte
  PASS Z42IoStreamWriterTests.test_explicit_encoding_arg
  PASS Z42IoStreamWriterTests.test_multiple_writes_concat
  PASS Z42IoStreamWriterTests.test_write_chars_bulk
  PASS Z42IoStreamWriterTests.test_write_chars_slice
  PASS Z42IoStreamWriterTests.test_write_line_empty
  PASS Z42IoStreamWriterTests.test_write_line_string
  PASS Z42IoStreamWriterTests.test_mixed_write_and_writeline
  PASS Z42IoStreamWriterTests.test_flush_does_not_close
  PASS Z42IoStreamWriterTests.test_close_idempotent
  PASS Z42IoStreamWriterTests.test_write_after_close_throws
  PASS Z42IoStreamWriterTests.test_close_does_not_close_dest

  Result: 13 passed, 0 failed, 0 skipped

── test target: string_reader ──
compiled: /Users/d.s.qiu/Documents/codesigner-ui/z42-callarity/src/libraries/z42.io/artifacts/z42.io/debug/build/app.zpkg
compiled: /Users/d.s.qiu/Documents/codesigner-ui/z42-callarity/src/libraries/z42.io/artifacts/test-targets/string_reader/build/app.zpkg
  PASS Z42IoStringReaderTests.test_peek_does_not_advance
  PASS Z42IoStringReaderTests.test_read_advances_one_char
  PASS Z42IoStringReaderTests.test_read_at_eof_returns_minus_one
  PASS Z42IoStringReaderTests.test_empty_source_immediately_eof
  PASS Z42IoStringReaderTests.test_read_bulk_chars
  PASS Z42IoStringReaderTests.test_read_bulk_partial_at_eof
  PASS Z42IoStringReaderTests.test_read_bulk_with_offset
  PASS Z42IoStringReaderTests.test_read_line_lf
  PASS Z42IoStringReaderTests.test_read_line_crlf
  PASS Z42IoStringReaderTests.test_read_line_lone_cr
  PASS Z42IoStringReaderTests.test_read_line_no_terminator_at_eof
  PASS Z42IoStringReaderTests.test_read_line_empty_lines
  PASS Z42IoStringReaderTests.test_read_line_empty_source_returns_null
  PASS Z42IoStringReaderTests.test_read_to_end_from_start
  PASS Z42IoStringReaderTests.test_read_to_end_after_partial_read
  PASS Z42IoStringReaderTests.test_read_to_end_at_eof_returns_empty
  PASS Z42IoStringReaderTests.test_close_idempotent
  PASS Z42IoStringReaderTests.test_close_then_read_throws
  PASS Z42IoStringReaderTests.test_close_then_read_line_throws

  Result: 19 passed, 0 failed, 0 skipped

── test target: string_reader_writer_pipeline ──
compiled: /Users/d.s.qiu/Documents/codesigner-ui/z42-callarity/src/libraries/z42.io/artifacts/z42.io/debug/build/app.zpkg
compiled: /Users/d.s.qiu/Documents/codesigner-ui/z42-callarity/src/libraries/z42.io/artifacts/test-targets/string_reader_writer_pipeline/build/app.zpkg
  PASS Z42IoStringReaderWriterPipelineTests.test_writer_to_reader_round_trip_lines
  PASS Z42IoStringReaderWriterPipelineTests.test_writer_to_reader_round_trip_chars
  PASS Z42IoStringReaderWriterPipelineTests.test_writer_collect_then_reader_drain_into_array

  Result: 3 passed, 0 failed, 0 skipped

── test target: string_writer ──
compiled: /Users/d.s.qiu/Documents/codesigner-ui/z42-callarity/src/libraries/z42.io/artifacts/z42.io/debug/build/app.zpkg
compiled: /Users/d.s.qiu/Documents/codesigner-ui/z42-callarity/src/libraries/z42.io/artifacts/test-targets/string_writer/build/app.zpkg
  PASS Z42IoStringWriterTests.test_empty_initial_state
  PASS Z42IoStringWriterTests.test_initial_capacity_does_not_throw
  PASS Z42IoStringWriterTests.test_write_string
  PASS Z42IoStringWriterTests.test_write_multiple_strings_concat
  PASS Z42IoStringWriterTests.test_write_empty_string_noop
  PASS Z42IoStringWriterTests.test_write_chars_bulk
  PASS Z42IoStringWriterTests.test_write_chars_slice
  PASS Z42IoStringWriterTests.test_write_line_empty
  PASS Z42IoStringWriterTests.test_write_line_with_string
  PASS Z42IoStringWriterTests.test_mixed_write_and_write_line
  PASS Z42IoStringWriterTests.test_clear_resets
  PASS Z42IoStringWriterTests.test_close_idempotent
  PASS Z42IoStringWriterTests.test_close_then_write_throws
  PASS Z42IoStringWriterTests.test_close_then_clear_throws
  PASS Z42IoStringWriterTests.test_to_string_after_close_still_works

  Result: 15 passed, 0 failed, 0 skipped

── test target: text_reader_writer ──
compiled: /Users/d.s.qiu/Documents/codesigner-ui/z42-callarity/src/libraries/z42.io/artifacts/z42.io/debug/build/app.zpkg
compiled: /Users/d.s.qiu/Documents/codesigner-ui/z42-callarity/src/libraries/z42.io/artifacts/test-targets/text_reader_writer/build/app.zpkg
  PASS Z42IoTextReaderWriterTests.test_textreader_readlinebase_splits_lf
  PASS Z42IoTextReaderWriterTests.test_textreader_readlinebase_handles_crlf
  PASS Z42IoTextReaderWriterTests.test_textreader_readlinebase_handles_lone_cr
  PASS Z42IoTextReaderWriterTests.test_textreader_readlinebase_empty_blank_lines
  PASS Z42IoTextReaderWriterTests.test_textreader_readlinebase_no_trailing_newline_returns_tail
  PASS Z42IoTextReaderWriterTests.test_textreader_readtoendbase_drains_remainder
  PASS Z42IoTextReaderWriterTests.test_textreader_readbufferbase_partial_then_full
  PASS Z42IoTextReaderWriterTests.test_textreader_readbufferbase_rejects_bad_args
  PASS Z42IoTextReaderWriterTests.test_textreader_peek_doesnt_advance
  PASS Z42IoTextReaderWriterTests.test_textwriter_writelinebase_appends_lf
  PASS Z42IoTextReaderWriterTests.test_textwriter_writecharsbase_writes_slice
  PASS Z42IoTextReaderWriterTests.test_textwriter_writecharbase_writes_one
  PASS Z42IoTextReaderWriterTests.test_textwriter_writecharsbase_rejects_bad_args
  PASS Z42IoTextReaderWriterTests.test_textwriter_dispose_chains_to_close
  PASS Z42IoTextReaderWriterTests.test_textreader_dispose_chains_to_close
  PASS Z42IoTextReaderWriterTests.test_textreader_base_read_throws
  PASS Z42IoTextReaderWriterTests.test_textwriter_base_write_throws

  Result: 17 passed, 0 failed, 0 skipped

── test target: depindex ──
compiled: /Users/d.s.qiu/Documents/codesigner-ui/z42-callarity/src/libraries/z42.ir/artifacts/z42.ir/debug/build/app.zpkg
compiled: /Users/d.s.qiu/Documents/codesigner-ui/z42-callarity/src/libraries/z42.ir/artifacts/test-targets/depindex/build/app.zpkg
  PASS Z42cIrDepIndexTests.test_static_key_and_fq
  PASS Z42cIrDepIndexTests.test_arity_key_first_wins
  PASS Z42cIrDepIndexTests.test_instance_ambiguity_removed
  PASS Z42cIrDepIndexTests.test_scoped_disambiguates_cross_ns_same_shortname
  PASS Z42cIrDepIndexTests.test_protocol_methods_skipped

  Result: 5 passed, 0 failed, 0 skipped

── test target: murmur3 ──
compiled: /Users/d.s.qiu/Documents/codesigner-ui/z42-callarity/src/libraries/z42.ir/artifacts/z42.ir/debug/build/app.zpkg
compiled: /Users/d.s.qiu/Documents/codesigner-ui/z42-callarity/src/libraries/z42.ir/artifacts/test-targets/murmur3/build/app.zpkg
  PASS Z42IrMurmur3Tests.test_murmur3_all_tail_lengths
  PASS Z42IrMurmur3Tests.test_murmur3_high_bit_bytes
  PASS Z42IrMurmur3Tests.test_murmur3_long_input_and_shape
  PASS Z42IrMurmur3Tests.test_source_hash_hex_form

  Result: 4 passed, 0 failed, 0 skipped

── test target: smoke ──
compiled: /Users/d.s.qiu/Documents/codesigner-ui/z42-callarity/src/libraries/z42.ir/artifacts/z42.ir/debug/build/app.zpkg
compiled: /Users/d.s.qiu/Documents/codesigner-ui/z42-callarity/src/libraries/z42.ir/artifacts/test-targets/smoke/build/app.zpkg
  PASS Z42IrSmokeTests.test_strmap_ops
  PASS Z42IrSmokeTests.test_bytewriter_widths_and_patch
  PASS Z42IrSmokeTests.test_bytewriter_utf8_str

  Result: 3 passed, 0 failed, 0 skipped

── test target: zpkg ──
compiled: /Users/d.s.qiu/Documents/codesigner-ui/z42-callarity/src/libraries/z42.ir/artifacts/z42.ir/debug/build/app.zpkg
compiled: /Users/d.s.qiu/Documents/codesigner-ui/z42-callarity/src/libraries/z42.ir/artifacts/test-targets/zpkg/build/app.zpkg
  PASS Z42cProjectZpkgTests.test_sha256_hex_form
  PASS Z42cProjectZpkgTests.test_entry_autodetect_priority
  PASS Z42cProjectZpkgTests.test_build_packed_namespaces_and_exports
  PASS Z42cProjectZpkgTests.test_write_packed_header

  Result: 4 passed, 0 failed, 0 skipped

── z42.json (bench, z42b) : 1 unit(s) ──

── bench target: json_bench ──
compiled: /Users/d.s.qiu/Documents/codesigner-ui/z42-callarity/src/libraries/z42.json/artifacts/z42.json/debug/build/app.zpkg
compiled: /Users/d.s.qiu/Documents/codesigner-ui/z42-callarity/src/libraries/z42.json/artifacts/bench-targets/json_bench/build/app.zpkg
bench[parse_large_object_200] min=3353167ns median=3366667ns max=3382208ns mean=3364675ns stddev=9189ns samples=10
  PASS Z42JsonBench.bench_parse_large_object
bench[stringify_large_object_200] min=1432500ns median=1440583ns max=1504500ns mean=1445374ns stddev=19898ns samples=10
  PASS Z42JsonBench.bench_stringify_large_object
bench[parse_object] min=80125ns median=81416ns max=85208ns mean=81683ns stddev=1230ns samples=20
  PASS Z42JsonBench.bench_parse_object
bench[parse_scalar_access] min=6416ns median=6833ns max=7084ns mean=6777ns stddev=175ns samples=20
  PASS Z42JsonBench.bench_parse_scalar_access
  PASS Z42JsonBench.test_json_bench_bodies_run

  Result: 5 passed, 0 failed, 0 skipped

── test target: dns ──
compiled: /Users/d.s.qiu/Documents/codesigner-ui/z42-callarity/src/libraries/z42.net/artifacts/z42.net/debug/build/app.zpkg
compiled: /Users/d.s.qiu/Documents/codesigner-ui/z42-callarity/src/libraries/z42.net/artifacts/test-targets/dns/build/app.zpkg
  PASS Z42NetDnsTests.test_lookup_localhost_returns_at_least_one_address
  PASS Z42NetDnsTests.test_lookup_numeric_ipv4_round_trips
  PASS Z42NetDnsTests.test_lookup_numeric_ipv6_round_trips
  PASS Z42NetDnsTests.test_lookup_localhost_contains_loopback

  Result: 4 passed, 0 failed, 0 skipped

── test target: http_auth_helpers ──
compiled: /Users/d.s.qiu/Documents/codesigner-ui/z42-callarity/src/libraries/z42.net/artifacts/z42.net/debug/build/app.zpkg
compiled: /Users/d.s.qiu/Documents/codesigner-ui/z42-callarity/src/libraries/z42.net/artifacts/test-targets/http_auth_helpers/build/app.zpkg
  PASS Z42NetHttpAuthHelpersTests.test_basic_auth_rfc7617_aladdin_open_sesame
  PASS Z42NetHttpAuthHelpersTests.test_basic_auth_overwrites_existing_header
  PASS Z42NetHttpAuthHelpersTests.test_basic_auth_empty_password
  PASS Z42NetHttpAuthHelpersTests.test_bearer_token_format
  PASS Z42NetHttpAuthHelpersTests.test_bearer_overwrites_existing_basic
  PASS Z42NetHttpAuthHelpersTests.test_builder_chaining_with_other_setters

  Result: 6 passed, 0 failed, 0 skipped

── test target: http_auto_decompress ──
compiled: /Users/d.s.qiu/Documents/codesigner-ui/z42-callarity/src/libraries/z42.net/artifacts/z42.net/debug/build/app.zpkg
compiled: /Users/d.s.qiu/Documents/codesigner-ui/z42-callarity/src/libraries/z42.net/artifacts/test-targets/http_auto_decompress/build/app.zpkg
  PASS Z42NetHttpAutoDecompressTests.test_auto_decompress_default_is_off
  PASS Z42NetHttpAutoDecompressTests.test_set_auto_decompress_round_trips
  PASS Z42NetHttpAutoDecompressTests.test_set_auto_decompress_independent_per_instance

  Result: 3 passed, 0 failed, 0 skipped

── test target: http_brotli_decode ──
compiled: /Users/d.s.qiu/Documents/codesigner-ui/z42-callarity/src/libraries/z42.net/artifacts/z42.net/debug/build/app.zpkg
compiled: /Users/d.s.qiu/Documents/codesigner-ui/z42-callarity/src/libraries/z42.net/artifacts/test-targets/http_brotli_decode/build/app.zpkg
  PASS Z42NetHttpBrotliDecodeTests.test_accept_encoding_default_advertises_gzip_and_br
  PASS Z42NetHttpBrotliDecodeTests.test_brotli_response_decoded_into_body
  PASS Z42NetHttpBrotliDecodeTests.test_brotli_response_case_insensitive_encoding_header
  PASS Z42NetHttpBrotliDecodeTests.test_explicit_accept_encoding_not_overwritten

  Result: 4 passed, 0 failed, 0 skipped

── test target: http_chunked ──
compiled: /Users/d.s.qiu/Documents/codesigner-ui/z42-callarity/src/libraries/z42.net/artifacts/z42.net/debug/build/app.zpkg
compiled: /Users/d.s.qiu/Documents/codesigner-ui/z42-callarity/src/libraries/z42.net/artifacts/test-targets/http_chunked/build/app.zpkg
  PASS Z42NetHttpChunkedTests.test_chunked_response_decoded_correctly
  PASS Z42NetHttpChunkedTests.test_chunked_with_extension_strips_metadata
  PASS Z42NetHttpChunkedTests.test_chunked_oversize_chunk_size_rejected

  Result: 3 passed, 0 failed, 0 skipped

── test target: http_cookie_jar_e2e ──
compiled: /Users/d.s.qiu/Documents/codesigner-ui/z42-callarity/src/libraries/z42.net/artifacts/z42.net/debug/build/app.zpkg
compiled: /Users/d.s.qiu/Documents/codesigner-ui/z42-callarity/src/libraries/z42.net/artifacts/test-targets/http_cookie_jar_e2e/build/app.zpkg
  PASS Z42NetHttpCookieJarE2ETests.test_jar_round_trip_against_server
  PASS Z42NetHttpCookieJarE2ETests.test_jar_replaces_cookie_with_same_name_domain_path
  PASS Z42NetHttpCookieJarE2ETests.test_jar_multiple_cookies_combined
  PASS Z42NetHttpCookieJarE2ETests.test_jar_excludes_expired
  PASS Z42NetHttpCookieJarE2ETests.test_jar_includes_session_cookie

  Result: 5 passed, 0 failed, 0 skipped

── test target: http_cookie_matching ──
compiled: /Users/d.s.qiu/Documents/codesigner-ui/z42-callarity/src/libraries/z42.net/artifacts/z42.net/debug/build/app.zpkg
compiled: /Users/d.s.qiu/Documents/codesigner-ui/z42-callarity/src/libraries/z42.net/artifacts/test-targets/http_cookie_matching/build/app.zpkg
  PASS Z42NetHttpCookieMatchingTests.test_exact_domain_match
  PASS Z42NetHttpCookieMatchingTests.test_subdomain_suffix_match
  PASS Z42NetHttpCookieMatchingTests.test_path_prefix_match
  PASS Z42NetHttpCookieMatchingTests.test_root_path_matches_all
  PASS Z42NetHttpCookieMatchingTests.test_secure_flag_blocks_plain_http
  PASS Z42NetHttpCookieMatchingTests.test_empty_domain_matches_any_host
  PASS Z42NetHttpCookieMatchingTests.test_leading_dot_domain_stripped_for_compare

  Result: 7 passed, 0 failed, 0 skipped

── test target: http_cookie_parse ──
compiled: /Users/d.s.qiu/Documents/codesigner-ui/z42-callarity/src/libraries/z42.net/artifacts/z42.net/debug/build/app.zpkg
compiled: /Users/d.s.qiu/Documents/codesigner-ui/z42-callarity/src/libraries/z42.net/artifacts/test-targets/http_cookie_parse/build/app.zpkg
  PASS Z42NetHttpCookieParseTests.test_parse_simple_name_value
  PASS Z42NetHttpCookieParseTests.test_parse_with_all_attributes
  PASS Z42NetHttpCookieParseTests.test_parse_attribute_case_insensitive
  PASS Z42NetHttpCookieParseTests.test_parse_no_value
  PASS Z42NetHttpCookieParseTests.test_parse_malformed_no_eq_returns_null
  PASS Z42NetHttpCookieParseTests.test_parse_strips_leading_dot_from_domain
  PASS Z42NetHttpCookieParseTests.test_default_path_from_request
  PASS Z42NetHttpCookieParseTests.test_max_age_negative_expires_immediately

  Result: 8 passed, 0 failed, 0 skipped

── test target: http_cookie_persist ──
compiled: /Users/d.s.qiu/Documents/codesigner-ui/z42-callarity/src/libraries/z42.net/artifacts/z42.net/debug/build/app.zpkg
compiled: /Users/d.s.qiu/Documents/codesigner-ui/z42-callarity/src/libraries/z42.net/artifacts/test-targets/http_cookie_persist/build/app.zpkg
  PASS Z42NetCookiePersistTests.test_save_then_load_roundtrip_preserves_cookies
  PASS Z42NetCookiePersistTests.test_load_decodes_http_only_marker
  PASS Z42NetCookiePersistTests.test_load_skips_comments_and_blank_lines
  PASS Z42NetCookiePersistTests.test_load_skips_malformed_lines
  PASS Z42NetCookiePersistTests.test_save_writes_netscape_header

  Result: 5 passed, 0 failed, 0 skipped

── test target: http_cookies_auto ──
compiled: /Users/d.s.qiu/Documents/codesigner-ui/z42-callarity/src/libraries/z42.net/artifacts/z42.net/debug/build/app.zpkg
compiled: /Users/d.s.qiu/Documents/codesigner-ui/z42-callarity/src/libraries/z42.net/artifacts/test-targets/http_cookies_auto/build/app.zpkg
  PASS Z42NetHttpCookiesAutoTests.test_auto_cookie_round_trip
  PASS Z42NetHttpCookiesAutoTests.test_no_jar_means_no_cookies_sent
  PASS Z42NetHttpCookiesAutoTests.test_explicit_cookie_header_overrides_jar
  PASS Z42NetHttpCookiesAutoTests.test_get_cookie_jar_returns_attached_jar

  Result: 4 passed, 0 failed, 0 skipped

── test target: http_digest_md5 ──
compiled: /Users/d.s.qiu/Documents/codesigner-ui/z42-callarity/src/libraries/z42.net/artifacts/z42.net/debug/build/app.zpkg
compiled: /Users/d.s.qiu/Documents/codesigner-ui/z42-callarity/src/libraries/z42.net/artifacts/test-targets/http_digest_md5/build/app.zpkg
  PASS Z42NetHttpDigestMd5Tests.test_digest_md5_round_trip_with_realm_and_qop
  PASS Z42NetHttpDigestMd5Tests.test_digest_response_hash_matches_rfc_2617_inputs
  PASS Z42NetHttpDigestMd5Tests.test_digest_no_credentials_no_retry
  PASS Z42NetHttpDigestMd5Tests.test_digest_only_one_retry
  PASS Z42NetHttpDigestMd5Tests.test_digest_qop_auth_int_round_trip

  Result: 5 passed, 0 failed, 0 skipped

── test target: http_digest_sha256 ──
compiled: /Users/d.s.qiu/Documents/codesigner-ui/z42-callarity/src/libraries/z42.net/artifacts/z42.net/debug/build/app.zpkg
compiled: /Users/d.s.qiu/Documents/codesigner-ui/z42-callarity/src/libraries/z42.net/artifacts/test-targets/http_digest_sha256/build/app.zpkg
  PASS Z42NetHttpDigestSha256Tests.test_digest_sha256_round_trip_uses_sha256_hash_chain
  PASS Z42NetHttpDigestSha256Tests.test_digest_unsupported_algorithm_throws

  Result: 2 passed, 0 failed, 0 skipped

── test target: http_get_basic ──
compiled: /Users/d.s.qiu/Documents/codesigner-ui/z42-callarity/src/libraries/z42.net/artifacts/z42.net/debug/build/app.zpkg
compiled: /Users/d.s.qiu/Documents/codesigner-ui/z42-callarity/src/libraries/z42.net/artifacts/test-targets/http_get_basic/build/app.zpkg
  PASS Z42NetHttpGetBasicTests.test_get_returns_200_ok_with_body
  PASS Z42NetHttpGetBasicTests.test_404_not_found

  Result: 2 passed, 0 failed, 0 skipped

── test target: http_headers ──
compiled: /Users/d.s.qiu/Documents/codesigner-ui/z42-callarity/src/libraries/z42.net/artifacts/z42.net/debug/build/app.zpkg
compiled: /Users/d.s.qiu/Documents/codesigner-ui/z42-callarity/src/libraries/z42.net/artifacts/test-targets/http_headers/build/app.zpkg
  PASS Z42NetHttpHeadersTests.test_case_insensitive_get
  PASS Z42NetHttpHeadersTests.test_get_missing_returns_null
  PASS Z42NetHttpHeadersTests.test_set_replaces
  PASS Z42NetHttpHeadersTests.test_add_multi_value
  PASS Z42NetHttpHeadersTests.test_remove_all_matches
  PASS Z42NetHttpHeadersTests.test_contains
  PASS Z42NetHttpHeadersTests.test_iteration_preserves_insertion_order

  Result: 7 passed, 0 failed, 0 skipped

── test target: http_https_url ──
compiled: /Users/d.s.qiu/Documents/codesigner-ui/z42-callarity/src/libraries/z42.net/artifacts/z42.net/debug/build/app.zpkg
compiled: /Users/d.s.qiu/Documents/codesigner-ui/z42-callarity/src/libraries/z42.net/artifacts/test-targets/http_https_url/build/app.zpkg
  PASS Z42NetHttpsUrlTests.test_https_url_parses_with_default_port_443
  PASS Z42NetHttpsUrlTests.test_https_url_explicit_port_preserved
  PASS Z42NetHttpsUrlTests.test_http_url_still_defaults_to_80
  PASS Z42NetHttpsUrlTests.test_streaming_over_https_throws_not_supported

  Result: 4 passed, 0 failed, 0 skipped

── test target: http_keepalive ──
compiled: /Users/d.s.qiu/Documents/codesigner-ui/z42-callarity/src/libraries/z42.net/artifacts/z42.net/debug/build/app.zpkg
compiled: /Users/d.s.qiu/Documents/codesigner-ui/z42-callarity/src/libraries/z42.net/artifacts/test-targets/http_keepalive/build/app.zpkg
  PASS Z42NetHttpKeepAliveTests.test_keepalive_reuses_single_tcp_connection_across_two_gets
  PASS Z42NetHttpKeepAliveTests.test_keepalive_off_uses_close_header_and_separate_connections
  PASS Z42NetHttpKeepAliveTests.test_keepalive_dispose_closes_pooled_connection

  Result: 3 passed, 0 failed, 0 skipped

── test target: http_post ──
compiled: /Users/d.s.qiu/Documents/codesigner-ui/z42-callarity/src/libraries/z42.net/artifacts/z42.net/debug/build/app.zpkg
compiled: /Users/d.s.qiu/Documents/codesigner-ui/z42-callarity/src/libraries/z42.net/artifacts/test-targets/http_post/build/app.zpkg
  PASS Z42NetHttpPostTests.test_post_string_body_with_json_content_type

  Result: 1 passed, 0 failed, 0 skipped

── test target: http_redirects ──
compiled: /Users/d.s.qiu/Documents/codesigner-ui/z42-callarity/src/libraries/z42.net/artifacts/z42.net/debug/build/app.zpkg
compiled: /Users/d.s.qiu/Documents/codesigner-ui/z42-callarity/src/libraries/z42.net/artifacts/test-targets/http_redirects/build/app.zpkg
  PASS Z42NetHttpRedirectsTests.test_disabled_by_default
  PASS Z42NetHttpRedirectsTests.test_302_follows_to_new_path
  PASS Z42NetHttpRedirectsTests.test_303_switches_post_to_get_and_drops_body
  PASS Z42NetHttpRedirectsTests.test_307_preserves_method_and_body
  PASS Z42NetHttpRedirectsTests.test_redirect_loop_exceeds_max_throws
  PASS Z42NetHttpRedirectsTests.test_absolute_url_redirect
  PASS Z42NetHttpRedirectsTests.test_302_without_location_returns_as_is

  Result: 7 passed, 0 failed, 0 skipped

── test target: http_server_basic ──
compiled: /Users/d.s.qiu/Documents/codesigner-ui/z42-callarity/src/libraries/z42.net/artifacts/z42.net/debug/build/app.zpkg
compiled: /Users/d.s.qiu/Documents/codesigner-ui/z42-callarity/src/libraries/z42.net/artifacts/test-targets/http_server_basic/build/app.zpkg
  PASS Z42NetHttpServerBasicTests.test_server_handles_get_with_text_response
  PASS Z42NetHttpServerBasicTests.test_server_send_status_404
  PASS Z42NetHttpServerBasicTests.test_server_sends_json
  PASS Z42NetHttpServerBasicTests.test_server_local_port_recorded_after_bind
  PASS Z42NetHttpServerBasicTests.test_local_port_before_bind_throws

  Result: 5 passed, 0 failed, 0 skipped

── test target: http_server_pool ──
compiled: /Users/d.s.qiu/Documents/codesigner-ui/z42-callarity/src/libraries/z42.net/artifacts/z42.net/debug/build/app.zpkg
compiled: /Users/d.s.qiu/Documents/codesigner-ui/z42-callarity/src/libraries/z42.net/artifacts/test-targets/http_server_pool/build/app.zpkg
  PASS Z42NetHttpServerPoolTests.test_serve_with_pool_handles_concurrent_clients
  PASS Z42NetHttpServerPoolTests.test_serve_with_pool_sequential_calls
  PASS Z42NetHttpServerPoolTests.test_serve_with_pool_rejects_bad_worker_count
  PASS Z42NetHttpServerPoolTests.test_serve_with_pool_rejects_bad_queue_size

  Result: 4 passed, 0 failed, 0 skipped

── test target: http_server_post ──
compiled: /Users/d.s.qiu/Documents/codesigner-ui/z42-callarity/src/libraries/z42.net/artifacts/z42.net/debug/build/app.zpkg
compiled: /Users/d.s.qiu/Documents/codesigner-ui/z42-callarity/src/libraries/z42.net/artifacts/test-targets/http_server_post/build/app.zpkg
  PASS Z42NetHttpServerPostTests.test_handler_receives_post_body
  PASS Z42NetHttpServerPostTests.test_handler_receives_json_body
  PASS Z42NetHttpServerPostTests.test_empty_get_request_no_body

  Result: 3 passed, 0 failed, 0 skipped

── test target: http_server_routing ──
compiled: /Users/d.s.qiu/Documents/codesigner-ui/z42-callarity/src/libraries/z42.net/artifacts/z42.net/debug/build/app.zpkg
compiled: /Users/d.s.qiu/Documents/codesigner-ui/z42-callarity/src/libraries/z42.net/artifacts/test-targets/http_server_routing/build/app.zpkg
  PASS Z42NetHttpServerRoutingTests.test_handler_dispatches_by_path
  PASS Z42NetHttpServerRoutingTests.test_query_string_preserved_in_url
  PASS Z42NetHttpServerRoutingTests.test_handler_throws_yields_500
  PASS Z42NetHttpServerRoutingTests.test_handler_forgets_send_yields_500

  Result: 4 passed, 0 failed, 0 skipped

── test target: http_server_threaded ──
compiled: /Users/d.s.qiu/Documents/codesigner-ui/z42-callarity/src/libraries/z42.net/artifacts/z42.net/debug/build/app.zpkg
compiled: /Users/d.s.qiu/Documents/codesigner-ui/z42-callarity/src/libraries/z42.net/artifacts/test-targets/http_server_threaded/build/app.zpkg
  PASS Z42NetHttpServerThreadedTests.test_serve_threaded_handles_concurrent_clients
  PASS Z42NetHttpServerThreadedTests.test_serve_threaded_handles_sequential_calls

  Result: 2 passed, 0 failed, 0 skipped

── test target: http_stream_body ──
compiled: /Users/d.s.qiu/Documents/codesigner-ui/z42-callarity/src/libraries/z42.net/artifacts/z42.net/debug/build/app.zpkg
compiled: /Users/d.s.qiu/Documents/codesigner-ui/z42-callarity/src/libraries/z42.net/artifacts/test-targets/http_stream_body/build/app.zpkg
  PASS Z42NetHttpStreamBodyTests.test_send_streaming_content_length_incremental_read
  PASS Z42NetHttpStreamBodyTests.test_send_streaming_chunked_decode
  PASS Z42NetHttpStreamBodyTests.test_send_streaming_chunked_read_across_chunk_boundaries
  PASS Z42NetHttpStreamBodyTests.test_send_streaming_zero_content_length_empty_body
  PASS Z42NetHttpStreamBodyTests.test_send_streaming_eof_framing

  Result: 5 passed, 0 failed, 0 skipped

── test target: http_timeout ──
compiled: /Users/d.s.qiu/Documents/codesigner-ui/z42-callarity/src/libraries/z42.net/artifacts/z42.net/debug/build/app.zpkg
compiled: /Users/d.s.qiu/Documents/codesigner-ui/z42-callarity/src/libraries/z42.net/artifacts/test-targets/http_timeout/build/app.zpkg
  PASS Z42NetHttpTimeoutTests.test_timeout_default_is_zero
  PASS Z42NetHttpTimeoutTests.test_set_timeout_round_trip
  PASS Z42NetHttpTimeoutTests.test_timeout_fires_on_silent_server

  Result: 3 passed, 0 failed, 0 skipped

── test target: http_url_scheme_errors ──
compiled: /Users/d.s.qiu/Documents/codesigner-ui/z42-callarity/src/libraries/z42.net/artifacts/z42.net/debug/build/app.zpkg
compiled: /Users/d.s.qiu/Documents/codesigner-ui/z42-callarity/src/libraries/z42.net/artifacts/test-targets/http_url_scheme_errors/build/app.zpkg
  PASS Z42NetHttpUrlSchemeErrorsTests.test_malformed_url_throws_format
  PASS Z42NetHttpUrlSchemeErrorsTests.test_unknown_scheme_throws_format

  Result: 2 passed, 0 failed, 0 skipped

── test target: ipaddress ──
compiled: /Users/d.s.qiu/Documents/codesigner-ui/z42-callarity/src/libraries/z42.net/artifacts/z42.net/debug/build/app.zpkg
compiled: /Users/d.s.qiu/Documents/codesigner-ui/z42-callarity/src/libraries/z42.net/artifacts/test-targets/ipaddress/build/app.zpkg
  PASS Z42NetIPAddressTests.test_parse_ipv4_dotted_quad
  PASS Z42NetIPAddressTests.test_parse_ipv4_zero
  PASS Z42NetIPAddressTests.test_parse_ipv4_max
  PASS Z42NetIPAddressTests.test_parse_ipv4_loopback
  PASS Z42NetIPAddressTests.test_parse_ipv4_rejects_oct_over_255
  PASS Z42NetIPAddressTests.test_parse_ipv4_rejects_too_few_octets
  PASS Z42NetIPAddressTests.test_parse_ipv4_rejects_empty_octet
  PASS Z42NetIPAddressTests.test_parse_ipv4_rejects_non_digit
  PASS Z42NetIPAddressTests.test_ipv4_get_address_bytes
  PASS Z42NetIPAddressTests.test_loopback_constant
  PASS Z42NetIPAddressTests.test_any_constant
  PASS Z42NetIPAddressTests.test_multicast_detection_ipv4
  PASS Z42NetIPAddressTests.test_parse_ipv6_full_form
  PASS Z42NetIPAddressTests.test_parse_ipv6_double_colon_short
  PASS Z42NetIPAddressTests.test_parse_ipv6_all_zero
  PASS Z42NetIPAddressTests.test_parse_ipv6_middle_compression
  PASS Z42NetIPAddressTests.test_parse_ipv6_rejects_two_double_colons
  PASS Z42NetIPAddressTests.test_parse_ipv6_rejects_oversized_group
  PASS Z42NetIPAddressTests.test_parse_ipv6_rejects_too_many_groups
  PASS Z42NetIPAddressTests.test_parse_ipv6_rejects_too_few_groups_without_compression
  PASS Z42NetIPAddressTests.test_ipv6_loopback_factory
  PASS Z42NetIPAddressTests.test_ipv6_any_factory
  PASS Z42NetIPAddressTests.test_ipv6_multicast_ff00
  PASS Z42NetIPAddressTests.test_ipv6_get_address_bytes_length_16
  PASS Z42NetIPAddressTests.test_ipv6_hex_case_normalised_to_lower
  PASS Z42NetIPAddressTests.test_parse_empty_throws
  PASS Z42NetIPAddressTests.test_parse_no_separator_throws
  PASS Z42NetIPAddressTests.test_equals_same_address
  PASS Z42NetIPAddressTests.test_equals_mismatched_family_false
  PASS Z42NetIPAddressTests.test_family_constants

  Result: 30 passed, 0 failed, 0 skipped

── test target: ipaddress_tryparse ──
compiled: /Users/d.s.qiu/Documents/codesigner-ui/z42-callarity/src/libraries/z42.net/artifacts/z42.net/debug/build/app.zpkg
compiled: /Users/d.s.qiu/Documents/codesigner-ui/z42-callarity/src/libraries/z42.net/artifacts/test-targets/ipaddress_tryparse/build/app.zpkg
  PASS Z42NetIPAddressTryParseTests.test_tryparse_valid_ipv4
  PASS Z42NetIPAddressTryParseTests.test_tryparse_valid_ipv6
  PASS Z42NetIPAddressTryParseTests.test_tryparse_valid_v4mapped
  PASS Z42NetIPAddressTryParseTests.test_tryparse_invalid_returns_null

  Result: 4 passed, 0 failed, 0 skipped

── test target: ipaddress_v4mapped ──
compiled: /Users/d.s.qiu/Documents/codesigner-ui/z42-callarity/src/libraries/z42.net/artifacts/z42.net/debug/build/app.zpkg
compiled: /Users/d.s.qiu/Documents/codesigner-ui/z42-callarity/src/libraries/z42.net/artifacts/test-targets/ipaddress_v4mapped/build/app.zpkg
  PASS Z42NetIPAddressV4MappedTests.test_v4mapped_ffff
  PASS Z42NetIPAddressV4MappedTests.test_v4mapped_equals_hex_form
  PASS Z42NetIPAddressV4MappedTests.test_v4compatible
  PASS Z42NetIPAddressV4MappedTests.test_v4_with_ipv6_prefix
  PASS Z42NetIPAddressV4MappedTests.test_v4mapped_round_trips_via_tostring
  PASS Z42NetIPAddressV4MappedTests.test_v4mapped_invalid_octet_throws
  PASS Z42NetIPAddressV4MappedTests.test_v4mapped_too_few_octets_throws

  Result: 7 passed, 0 failed, 0 skipped

── test target: ipendpoint ──
compiled: /Users/d.s.qiu/Documents/codesigner-ui/z42-callarity/src/libraries/z42.net/artifacts/z42.net/debug/build/app.zpkg
compiled: /Users/d.s.qiu/Documents/codesigner-ui/z42-callarity/src/libraries/z42.net/artifacts/test-targets/ipendpoint/build/app.zpkg
  PASS Z42NetIPEndPointTests.test_construct_with_ipv4
  PASS Z42NetIPEndPointTests.test_construct_with_ipv6
  PASS Z42NetIPEndPointTests.test_construct_null_address_throws
  PASS Z42NetIPEndPointTests.test_construct_port_below_zero_throws
  PASS Z42NetIPEndPointTests.test_construct_port_above_65535_throws
  PASS Z42NetIPEndPointTests.test_construct_port_edges_0_and_65535_ok
  PASS Z42NetIPEndPointTests.test_tostring_ipv4_addr_port
  PASS Z42NetIPEndPointTests.test_tostring_ipv6_brackets
  PASS Z42NetIPEndPointTests.test_tostring_ipv6_full_addr
  PASS Z42NetIPEndPointTests.test_parse_ipv4_addr_port
  PASS Z42NetIPEndPointTests.test_parse_ipv6_bracketed
  PASS Z42NetIPEndPointTests.test_parse_ipv6_bracketed_complex
  PASS Z42NetIPEndPointTests.test_parse_round_trip_ipv4
  PASS Z42NetIPEndPointTests.test_parse_round_trip_ipv6
  PASS Z42NetIPEndPointTests.test_parse_missing_port_throws
  PASS Z42NetIPEndPointTests.test_parse_unbracketed_ipv6_ambiguous_throws
  PASS Z42NetIPEndPointTests.test_parse_port_out_of_range_throws
  PASS Z42NetIPEndPointTests.test_parse_empty_brackets_throws
  PASS Z42NetIPEndPointTests.test_parse_missing_closing_bracket_throws
  PASS Z42NetIPEndPointTests.test_parse_empty_port_throws
  PASS Z42NetIPEndPointTests.test_parse_non_digit_port_throws
  PASS Z42NetIPEndPointTests.test_equals_same_address_and_port
  PASS Z42NetIPEndPointTests.test_equals_different_port
  PASS Z42NetIPEndPointTests.test_equals_different_address_family
  PASS Z42NetIPEndPointTests.test_equals_null_other_returns_false

  Result: 25 passed, 0 failed, 0 skipped

── test target: socket_options ──
compiled: /Users/d.s.qiu/Documents/codesigner-ui/z42-callarity/src/libraries/z42.net/artifacts/z42.net/debug/build/app.zpkg
compiled: /Users/d.s.qiu/Documents/codesigner-ui/z42-callarity/src/libraries/z42.net/artifacts/test-targets/socket_options/build/app.zpkg
  PASS Z42NetSocketOptionsTests.test_tcp_client_set_nodelay_after_connect
  PASS Z42NetSocketOptionsTests.test_tcp_client_set_ttl
  PASS Z42NetSocketOptionsTests.test_tcp_client_set_ttl_out_of_range_throws
  PASS Z42NetSocketOptionsTests.test_tcp_listener_set_ttl
  PASS Z42NetSocketOptionsTests.test_udp_set_ttl
  PASS Z42NetSocketOptionsTests.test_udp_set_ttl_before_bind_throws

  Result: 6 passed, 0 failed, 0 skipped

── test target: tcp_connect_timeout ──
compiled: /Users/d.s.qiu/Documents/codesigner-ui/z42-callarity/src/libraries/z42.net/artifacts/z42.net/debug/build/app.zpkg
compiled: /Users/d.s.qiu/Documents/codesigner-ui/z42-callarity/src/libraries/z42.net/artifacts/test-targets/tcp_connect_timeout/build/app.zpkg
  PASS Z42NetTcpConnectTimeoutTests.test_connect_within_timeout_succeeds
  PASS Z42NetTcpConnectTimeoutTests.test_connect_with_timeout_to_closed_port_throws
  PASS Z42NetTcpConnectTimeoutTests.test_set_connect_timeout_zero_equivalent_to_unset
  PASS Z42NetTcpConnectTimeoutTests.test_set_after_connect_applies_to_next_connect

  Result: 4 passed, 0 failed, 0 skipped

── test target: tcp_disposal ──
compiled: /Users/d.s.qiu/Documents/codesigner-ui/z42-callarity/src/libraries/z42.net/artifacts/z42.net/debug/build/app.zpkg
compiled: /Users/d.s.qiu/Documents/codesigner-ui/z42-callarity/src/libraries/z42.net/artifacts/test-targets/tcp_disposal/build/app.zpkg
  PASS Z42NetTcpDisposalTests.test_dispose_is_idempotent_listener
  PASS Z42NetTcpDisposalTests.test_dispose_is_idempotent_client_unconnected
  PASS Z42NetTcpDisposalTests.test_connect_to_unbound_port_throws_socket_exception
  PASS Z42NetTcpDisposalTests.test_accept_after_stop_throws
  PASS Z42NetTcpDisposalTests.test_get_stream_after_dispose_throws
  PASS Z42NetTcpDisposalTests.test_connect_twice_throws

  Result: 6 passed, 0 failed, 0 skipped

── test target: tcp_keepalive_reuseaddr ──
compiled: /Users/d.s.qiu/Documents/codesigner-ui/z42-callarity/src/libraries/z42.net/artifacts/z42.net/debug/build/app.zpkg
compiled: /Users/d.s.qiu/Documents/codesigner-ui/z42-callarity/src/libraries/z42.net/artifacts/test-targets/tcp_keepalive_reuseaddr/build/app.zpkg
  PASS Z42NetTcpKeepaliveReuseaddrTests.test_set_keepalive_on_connected_socket_succeeds
  PASS Z42NetTcpKeepaliveReuseaddrTests.test_set_keepalive_can_disable
  PASS Z42NetTcpKeepaliveReuseaddrTests.test_set_keepalive_pre_connect_throws
  PASS Z42NetTcpKeepaliveReuseaddrTests.test_set_keepalive_tuned_on_connected_socket_succeeds
  PASS Z42NetTcpKeepaliveReuseaddrTests.test_set_keepalive_tuned_can_disable_ignoring_args
  PASS Z42NetTcpKeepaliveReuseaddrTests.test_set_keepalive_tuned_zero_idle_throws_socket_err
  PASS Z42NetTcpKeepaliveReuseaddrTests.test_set_keepalive_tuned_pre_connect_throws
  PASS Z42NetTcpKeepaliveReuseaddrTests.test_set_reuse_address_pre_bind_succeeds
  PASS Z42NetTcpKeepaliveReuseaddrTests.test_set_reuse_address_post_bind_throws
  PASS Z42NetTcpKeepaliveReuseaddrTests.test_reuse_address_allows_rebind_after_stop

  Result: 10 passed, 0 failed, 0 skipped

── test target: tcp_listener_factory ──
compiled: /Users/d.s.qiu/Documents/codesigner-ui/z42-callarity/src/libraries/z42.net/artifacts/z42.net/debug/build/app.zpkg
compiled: /Users/d.s.qiu/Documents/codesigner-ui/z42-callarity/src/libraries/z42.net/artifacts/test-targets/tcp_listener_factory/build/app.zpkg
  PASS Z42NetTcpListenerFactoryTests.test_create_returns_bound_listener
  PASS Z42NetTcpListenerFactoryTests.test_create_equivalent_to_manual_new_bind

  Result: 2 passed, 0 failed, 0 skipped

── test target: tcp_loopback ──
compiled: /Users/d.s.qiu/Documents/codesigner-ui/z42-callarity/src/libraries/z42.net/artifacts/z42.net/debug/build/app.zpkg
compiled: /Users/d.s.qiu/Documents/codesigner-ui/z42-callarity/src/libraries/z42.net/artifacts/test-targets/tcp_loopback/build/app.zpkg
  PASS Z42NetTcpLoopbackTests.test_loopback_basic_round_trip
  PASS Z42NetTcpLoopbackTests.test_local_port_nonzero_after_bind_zero
  PASS Z42NetTcpLoopbackTests.test_bind_host_recorded

  Result: 3 passed, 0 failed, 0 skipped

── test target: tcp_stream_io ──
compiled: /Users/d.s.qiu/Documents/codesigner-ui/z42-callarity/src/libraries/z42.net/artifacts/z42.net/debug/build/app.zpkg
compiled: /Users/d.s.qiu/Documents/codesigner-ui/z42-callarity/src/libraries/z42.net/artifacts/test-targets/tcp_stream_io/build/app.zpkg
  PASS Z42NetTcpStreamIoTests.test_can_read_can_write_true_can_seek_false
  PASS Z42NetTcpStreamIoTests.test_read_after_close_throws
  PASS Z42NetTcpStreamIoTests.test_write_after_close_throws
  PASS Z42NetTcpStreamIoTests.test_get_stream_returns_cached_instance

  Result: 4 passed, 0 failed, 0 skipped

── test target: udp_connected ──
compiled: /Users/d.s.qiu/Documents/codesigner-ui/z42-callarity/src/libraries/z42.net/artifacts/z42.net/debug/build/app.zpkg
compiled: /Users/d.s.qiu/Documents/codesigner-ui/z42-callarity/src/libraries/z42.net/artifacts/test-targets/udp_connected/build/app.zpkg
  PASS Z42NetUdpConnectedTests.test_default_not_connected
  PASS Z42NetUdpConnectedTests.test_connect_sets_state
  PASS Z42NetUdpConnectedTests.test_send_connected_before_connect_throws
  PASS Z42NetUdpConnectedTests.test_disconnect_clears_state
  PASS Z42NetUdpConnectedTests.test_connect_send_receive_roundtrip
  PASS Z42NetUdpConnectedTests.test_retarget_via_connect
  PASS Z42NetUdpConnectedTests.test_send_connected_full_array_overload

  Result: 7 passed, 0 failed, 0 skipped

── test target: udp_disposal ──
compiled: /Users/d.s.qiu/Documents/codesigner-ui/z42-callarity/src/libraries/z42.net/artifacts/z42.net/debug/build/app.zpkg
compiled: /Users/d.s.qiu/Documents/codesigner-ui/z42-callarity/src/libraries/z42.net/artifacts/test-targets/udp_disposal/build/app.zpkg
  PASS Z42NetUdpDisposalTests.test_dispose_is_idempotent
  PASS Z42NetUdpDisposalTests.test_dispose_unbound_is_noop
  PASS Z42NetUdpDisposalTests.test_bind_after_dispose_throws
  PASS Z42NetUdpDisposalTests.test_send_after_dispose_throws
  PASS Z42NetUdpDisposalTests.test_receive_after_dispose_throws
  PASS Z42NetUdpDisposalTests.test_receive_before_bind_throws
  PASS Z42NetUdpDisposalTests.test_local_port_before_bind_throws
  PASS Z42NetUdpDisposalTests.test_bind_twice_throws

  Result: 8 passed, 0 failed, 0 skipped

── test target: udp_loopback ──
compiled: /Users/d.s.qiu/Documents/codesigner-ui/z42-callarity/src/libraries/z42.net/artifacts/z42.net/debug/build/app.zpkg
compiled: /Users/d.s.qiu/Documents/codesigner-ui/z42-callarity/src/libraries/z42.net/artifacts/test-targets/udp_loopback/build/app.zpkg
  PASS Z42NetUdpLoopbackTests.test_loopback_send_receive_round_trip
  PASS Z42NetUdpLoopbackTests.test_reply_path_using_received_address
  PASS Z42NetUdpLoopbackTests.test_empty_datagram_round_trip
  PASS Z42NetUdpLoopbackTests.test_auto_bind_on_first_send
  PASS Z42NetUdpLoopbackTests.test_local_port_recorded_after_bind

  Result: 5 passed, 0 failed, 0 skipped

── test target: udp_multicast ──
compiled: /Users/d.s.qiu/Documents/codesigner-ui/z42-callarity/src/libraries/z42.net/artifacts/z42.net/debug/build/app.zpkg
compiled: /Users/d.s.qiu/Documents/codesigner-ui/z42-callarity/src/libraries/z42.net/artifacts/test-targets/udp_multicast/build/app.zpkg
  PASS Z42NetUdpMulticastTests.test_join_before_bind_throws
  PASS Z42NetUdpMulticastTests.test_leave_before_bind_throws
  PASS Z42NetUdpMulticastTests.test_join_invalid_multicast_address_throws
  PASS Z42NetUdpMulticastTests.test_join_valid_multicast_address_succeeds
  PASS Z42NetUdpMulticastTests.test_join_with_explicit_interface_succeeds
  PASS Z42NetUdpMulticastTests.test_set_multicast_loop_succeeds_both_states
  PASS Z42NetUdpMulticastTests.test_set_multicast_loop_before_bind_throws
  PASS Z42NetUdpMulticastTests.test_multiple_joins_on_same_socket

  Result: 8 passed, 0 failed, 0 skipped

── test target: udp_recv_into ──
compiled: /Users/d.s.qiu/Documents/codesigner-ui/z42-callarity/src/libraries/z42.net/artifacts/z42.net/debug/build/app.zpkg
compiled: /Users/d.s.qiu/Documents/codesigner-ui/z42-callarity/src/libraries/z42.net/artifacts/test-targets/udp_recv_into/build/app.zpkg
  PASS Z42NetUdpRecvIntoTests.test_recv_into_round_trip_writes_into_buffer
  PASS Z42NetUdpRecvIntoTests.test_recv_into_with_offset_preserves_prefix
  PASS Z42NetUdpRecvIntoTests.test_recv_into_exposes_last_sender_address
  PASS Z42NetUdpRecvIntoTests.test_recv_into_before_bind_throws
  PASS Z42NetUdpRecvIntoTests.test_recv_into_truncates_oversize_datagram

  Result: 5 passed, 0 failed, 0 skipped

── test target: udp_timeout ──
compiled: /Users/d.s.qiu/Documents/codesigner-ui/z42-callarity/src/libraries/z42.net/artifacts/z42.net/debug/build/app.zpkg
compiled: /Users/d.s.qiu/Documents/codesigner-ui/z42-callarity/src/libraries/z42.net/artifacts/test-targets/udp_timeout/build/app.zpkg
  PASS Z42NetUdpTimeoutTests.test_receive_with_short_timeout_throws
  PASS Z42NetUdpTimeoutTests.test_receive_within_timeout_succeeds
  PASS Z42NetUdpTimeoutTests.test_set_write_timeout_send_loopback_succeeds
  PASS Z42NetUdpTimeoutTests.test_set_read_timeout_pre_bind_throws
  PASS Z42NetUdpTimeoutTests.test_set_read_timeout_zero_clears

  Result: 5 passed, 0 failed, 0 skipped

── test target: websocket_deflate ──
compiled: /Users/d.s.qiu/Documents/codesigner-ui/z42-callarity/src/libraries/z42.net/artifacts/z42.net/debug/build/app.zpkg
compiled: /Users/d.s.qiu/Documents/codesigner-ui/z42-callarity/src/libraries/z42.net/artifacts/test-targets/websocket_deflate/build/app.zpkg
  PASS Z42NetWebSocketDeflateTests.test_client_frame_with_rsv1_sets_byte0_bit6
  PASS Z42NetWebSocketDeflateTests.test_server_frame_with_rsv1_sets_byte0_bit6
  PASS Z42NetWebSocketDeflateTests.test_normal_frame_keeps_rsv1_cleared
  PASS Z42NetWebSocketDeflateTests.test_compressed_text_frame_round_trip_via_paired_stream
  PASS Z42NetWebSocketDeflateTests.test_compressed_binary_frame_round_trip
  PASS Z42NetWebSocketDeflateTests.test_deflate_disabled_sends_uncompressed_frame
  PASS Z42NetWebSocketDeflateTests.test_inbound_rsv1_frame_is_decompressed_when_deflate_enabled
  PASS Z42NetWebSocketDeflateTests.test_inbound_rsv1_frame_rejected_when_deflate_disabled
  PASS Z42NetWebSocketDeflateTests.test_deflate_compresses_repetitive_payload

  Result: 9 passed, 0 failed, 0 skipped

── test target: websocket_server ──
compiled: /Users/d.s.qiu/Documents/codesigner-ui/z42-callarity/src/libraries/z42.net/artifacts/z42.net/debug/build/app.zpkg
compiled: /Users/d.s.qiu/Documents/codesigner-ui/z42-callarity/src/libraries/z42.net/artifacts/test-targets/websocket_server/build/app.zpkg
  PASS Z42NetWebSocketServerTests.test_server_construct_initial_not_bound
  PASS Z42NetWebSocketServerTests.test_double_bind_throws
  PASS Z42NetWebSocketServerTests.test_local_port_assigned_by_os_when_zero
  PASS Z42NetWebSocketServerTests.test_local_port_before_bind_throws
  PASS Z42NetWebSocketServerTests.test_stop_is_idempotent
  PASS Z42NetWebSocketServerTests.test_encode_server_frame_no_mask_bit
  PASS Z42NetWebSocketServerTests.test_encode_server_frame_medium_payload_uses_16bit_length
  PASS Z42NetWebSocketServerTests.test_encode_server_frame_payload_not_masked

  Result: 8 passed, 0 failed, 0 skipped

── test target: ws_close ──
compiled: /Users/d.s.qiu/Documents/codesigner-ui/z42-callarity/src/libraries/z42.net/artifacts/z42.net/debug/build/app.zpkg
compiled: /Users/d.s.qiu/Documents/codesigner-ui/z42-callarity/src/libraries/z42.net/artifacts/test-targets/ws_close/build/app.zpkg
  PASS Z42NetWsCloseTests.test_send_after_close_throws
  PASS Z42NetWsCloseTests.test_dispose_is_idempotent
  PASS Z42NetWsCloseTests.test_server_initiated_close_received

  Result: 3 passed, 0 failed, 0 skipped

── test target: ws_echo ──
compiled: /Users/d.s.qiu/Documents/codesigner-ui/z42-callarity/src/libraries/z42.net/artifacts/z42.net/debug/build/app.zpkg
compiled: /Users/d.s.qiu/Documents/codesigner-ui/z42-callarity/src/libraries/z42.net/artifacts/test-targets/ws_echo/build/app.zpkg
  PASS Z42NetWsEchoTests.test_text_echo_round_trip
  PASS Z42NetWsEchoTests.test_binary_echo_round_trip
  PASS Z42NetWsEchoTests.test_large_payload_uses_16bit_length

  Result: 3 passed, 0 failed, 0 skipped

── test target: ws_fragmentation ──
compiled: /Users/d.s.qiu/Documents/codesigner-ui/z42-callarity/src/libraries/z42.net/artifacts/z42.net/debug/build/app.zpkg
compiled: /Users/d.s.qiu/Documents/codesigner-ui/z42-callarity/src/libraries/z42.net/artifacts/test-targets/ws_fragmentation/build/app.zpkg
  PASS Z42NetWsFragmentationTests.test_three_frame_text_message_assembled

  Result: 1 passed, 0 failed, 0 skipped

── test target: ws_handshake ──
compiled: /Users/d.s.qiu/Documents/codesigner-ui/z42-callarity/src/libraries/z42.net/artifacts/z42.net/debug/build/app.zpkg
compiled: /Users/d.s.qiu/Documents/codesigner-ui/z42-callarity/src/libraries/z42.net/artifacts/test-targets/ws_handshake/build/app.zpkg
  PASS Z42NetWsHandshakeTests.test_handshake_101_switching_protocols_accepted
  PASS Z42NetWsHandshakeTests.test_handshake_bad_accept_throws_protocol_exception
  PASS Z42NetWsHandshakeTests.test_handshake_missing_accept_throws_protocol_exception
  PASS Z42NetWsHandshakeTests.test_handshake_bad_status_throws_protocol_exception
  PASS Z42NetWsHandshakeTests.test_wss_throws_not_supported
  PASS Z42NetWsHandshakeTests.test_bad_scheme_throws_format
  PASS Z42NetWsHandshakeTests.test_computed_accept_matches_rfc_example

  Result: 7 passed, 0 failed, 0 skipped

── test target: ws_ping_pong ──
compiled: /Users/d.s.qiu/Documents/codesigner-ui/z42-callarity/src/libraries/z42.net/artifacts/z42.net/debug/build/app.zpkg
compiled: /Users/d.s.qiu/Documents/codesigner-ui/z42-callarity/src/libraries/z42.net/artifacts/test-targets/ws_ping_pong/build/app.zpkg
  PASS Z42NetWsPingPongTests.test_server_ping_auto_pong_then_text

  Result: 1 passed, 0 failed, 0 skipped

── z42.numerics (bench, z42b) : 1 unit(s) ──

── bench target: numerics_bench ──
compiled: /Users/d.s.qiu/Documents/codesigner-ui/z42-callarity/src/libraries/z42.numerics/artifacts/z42.numerics/debug/build/app.zpkg
compiled: /Users/d.s.qiu/Documents/codesigner-ui/z42-callarity/src/libraries/z42.numerics/artifacts/bench-targets/numerics_bench/build/app.zpkg
bench[bigint_parse] min=42708ns median=43625ns max=48042ns mean=44474ns stddev=1839ns samples=20
  PASS Z42NumericsBench.bench_bigint_parse
bench[bigint_mul_add] min=5791ns median=5917ns max=8583ns mean=6150ns stddev=660ns samples=20
  PASS Z42NumericsBench.bench_bigint_mul_add
bench[bigint_modpow] min=128542ns median=131375ns max=132833ns mean=130729ns stddev=1209ns samples=10
  PASS Z42NumericsBench.bench_bigint_modpow
  PASS Z42NumericsBench.test_numerics_bench_bodies_run
bench[bigint_tostring] min=35042ns median=36583ns max=40875ns mean=36654ns stddev=1432ns samples=20
  PASS Z42NumericsBench.bench_bigint_tostring

  Result: 5 passed, 0 failed, 0 skipped

── test target: manifest_native ──
compiled: /Users/d.s.qiu/Documents/codesigner-ui/z42-callarity/src/libraries/z42.project/artifacts/z42.project/debug/build/app.zpkg
compiled: /Users/d.s.qiu/Documents/codesigner-ui/z42-callarity/src/libraries/z42.project/artifacts/test-targets/manifest_native/build/app.zpkg
  PASS Z42ProjectNativeTests.test_single_native
  PASS Z42ProjectNativeTests.test_native_dir_prebuilt
  PASS Z42ProjectNativeTests.test_multiple_native_stable_order
  PASS Z42ProjectNativeTests.test_no_native_section

  Result: 4 passed, 0 failed, 0 skipped

── test target: manifest_path_dep ──
compiled: /Users/d.s.qiu/Documents/codesigner-ui/z42-callarity/src/libraries/z42.project/artifacts/z42.project/debug/build/app.zpkg
compiled: /Users/d.s.qiu/Documents/codesigner-ui/z42-callarity/src/libraries/z42.project/artifacts/test-targets/manifest_path_dep/build/app.zpkg
  PASS Z42ProjectPathDepTests.test_path_dep_table_form
  PASS Z42ProjectPathDepTests.test_path_dep_with_version_and_path
  PASS Z42ProjectPathDepTests.test_string_dep_falls_back_empty_path
  PASS Z42ProjectPathDepTests.test_table_dep_without_path_empty
  PASS Z42ProjectPathDepTests.test_mixed_path_and_name_deps

  Result: 5 passed, 0 failed, 0 skipped

── test target: manifest_roundtrip ──
compiled: /Users/d.s.qiu/Documents/codesigner-ui/z42-callarity/src/libraries/z42.project/artifacts/z42.project/debug/build/app.zpkg
compiled: /Users/d.s.qiu/Documents/codesigner-ui/z42-callarity/src/libraries/z42.project/artifacts/test-targets/manifest_roundtrip/build/app.zpkg
  PASS Z42ProjectRoundtripTests.test_project_manifest_roundtrip
  PASS Z42ProjectRoundtripTests.test_workspace_manifest_roundtrip
  PASS Z42ProjectRoundtripTests.test_optimize_section_parsed
  PASS Z42ProjectRoundtripTests.test_optimize_section_absent_empty
  PASS Z42ProjectRoundtripTests.test_analyzers_section_parsed
  PASS Z42ProjectRoundtripTests.test_analyzers_section_absent_empty
  PASS Z42ProjectRoundtripTests.test_lints_section_parsed
  PASS Z42ProjectRoundtripTests.test_lints_section_absent_empty
  PASS Z42ProjectRoundtripTests.test_lints_warnings_as_errors_only
  PASS Z42ProjectRoundtripTests.test_build_generated_dir_parsed
  PASS Z42ProjectRoundtripTests.test_build_generated_dir_absent_is_not_empty_string
  PASS Z42ProjectRoundtripTests.test_build_generated_dir_explicit_empty_means_off

  Result: 12 passed, 0 failed, 0 skipped

── test target: source_discovery_glob ──
compiled: /Users/d.s.qiu/Documents/codesigner-ui/z42-callarity/src/libraries/z42.project/artifacts/z42.project/debug/build/app.zpkg
compiled: /Users/d.s.qiu/Documents/codesigner-ui/z42-callarity/src/libraries/z42.project/artifacts/test-targets/source_discovery_glob/build/app.zpkg
  PASS Z42ProjectSourceDiscoveryTests.test_wildcard_directory_segment_expands
  PASS Z42ProjectSourceDiscoveryTests.test_single_level_glob_unchanged
  PASS Z42ProjectSourceDiscoveryTests.test_recursive_glob_picks_up_sibling_files
  PASS Z42ProjectSourceDiscoveryTests.test_wildcard_directory_no_match_is_empty

  Result: 4 passed, 0 failed, 0 skipped

── test target: tests_bench_example_targets ──
compiled: /Users/d.s.qiu/Documents/codesigner-ui/z42-callarity/src/libraries/z42.project/artifacts/z42.project/debug/build/app.zpkg
compiled: /Users/d.s.qiu/Documents/codesigner-ui/z42-callarity/src/libraries/z42.project/artifacts/test-targets/tests_bench_example_targets/build/app.zpkg
  PASS Z42ProjectTargetsTests.test_target_sections_default_when_absent
  PASS Z42ProjectTargetsTests.test_tests_section_include_exclude_auto_deps
  PASS Z42ProjectTargetsTests.test_explicit_test_harness_default_true
  PASS Z42ProjectTargetsTests.test_explicit_test_harness_false_with_entry
  PASS Z42ProjectTargetsTests.test_bench_and_example_targets
  PASS Z42ProjectTargetsTests.test_per_target_dev_deps
  PASS Z42ProjectTargetsTests.test_multiple_targets_order_preserved

  Result: 7 passed, 0 failed, 0 skipped

── z42.random (bench, z42b) : 1 unit(s) ──

── bench target: random_bench ──
compiled: /Users/d.s.qiu/Documents/codesigner-ui/z42-callarity/src/libraries/z42.random/artifacts/z42.random/debug/build/app.zpkg
compiled: /Users/d.s.qiu/Documents/codesigner-ui/z42-callarity/src/libraries/z42.random/artifacts/bench-targets/random_bench/build/app.zpkg
bench[next_int_range] min=87292ns median=89292ns max=104250ns mean=89870ns stddev=3432ns samples=20
  PASS Z42RandomBench.bench_next_int_range
bench[next_double] min=166708ns median=169375ns max=189416ns mean=170943ns stddev=5066ns samples=20
  PASS Z42RandomBench.bench_next_double
  PASS Z42RandomBench.test_random_bench_bodies_run

  Result: 3 passed, 0 failed, 0 skipped

── z42.regex (bench, z42b) : 1 unit(s) ──

── bench target: regex_bench ──
compiled: /Users/d.s.qiu/Documents/codesigner-ui/z42-callarity/src/libraries/z42.regex/artifacts/z42.regex/debug/build/app.zpkg
compiled: /Users/d.s.qiu/Documents/codesigner-ui/z42-callarity/src/libraries/z42.regex/artifacts/bench-targets/regex_bench/build/app.zpkg
bench[regex_compile] min=34583ns median=35791ns max=36958ns mean=35743ns stddev=653ns samples=20
  PASS Z42RegexBench.bench_regex_compile
bench[regex_is_match] min=387042ns median=389458ns max=487542ns mean=395437ns stddev=21417ns samples=20
  PASS Z42RegexBench.bench_regex_is_match
bench[regex_find_all] min=184541ns median=189500ns max=194584ns mean=189268ns stddev=2467ns samples=20
  PASS Z42RegexBench.bench_regex_find_all
  PASS Z42RegexBench.test_regex_bench_bodies_run
bench[regex_replace] min=94416ns median=96375ns max=102208ns mean=96787ns stddev=2002ns samples=20
  PASS Z42RegexBench.bench_regex_replace

  Result: 5 passed, 0 failed, 0 skipped
  ⚠ z42b test: 本清单 `auto = false`，跳过约定发现（只认显式目标）
z42b test: 本清单未声明任何 test 目标，且本包源里没有 [Test]/[Benchmark] —— 无事可做

── z42.test (bench, z42b) : 2 unit(s) ──

── bench target: bench_demo ──
compiled: /Users/d.s.qiu/Documents/codesigner-ui/z42-callarity/src/libraries/z42.test/artifacts/z42.test/debug/build/app.zpkg
compiled: /Users/d.s.qiu/Documents/codesigner-ui/z42-callarity/src/libraries/z42.test/artifacts/bench-targets/bench_demo/build/app.zpkg
bench[addition_demo] min=458ns median=459ns max=625ns mean=500ns stddev=65ns samples=5
  PASS Z42TestBenchDemo.bench_addition_demo
bench[bench_add_argform] min=375ns median=417ns max=4875ns mean=472ns stddev=144ns samples=2000
  PASS Z42TestBenchDemo.bench_add_argform
bench[inside_test_regression] min=375ns median=458ns max=542ns mean=466ns stddev=67ns samples=5
  PASS Z42TestBenchDemo.test_bencher_inside_test_still_works

  Result: 3 passed, 0 failed, 0 skipped

── bench target: bench_examples ──
compiled: /Users/d.s.qiu/Documents/codesigner-ui/z42-callarity/src/libraries/z42.test/artifacts/z42.test/debug/build/app.zpkg
compiled: /Users/d.s.qiu/Documents/codesigner-ui/z42-callarity/src/libraries/z42.test/artifacts/bench-targets/bench_examples/build/app.zpkg
bench[string_concat] min=542ns median=583ns max=875ns mean=591ns stddev=85ns samples=20
  PASS Z42TestBenchExamples.bench_string_concat
bench[string_contains] min=3458ns median=3542ns max=3750ns mean=3573ns stddev=88ns samples=20
  PASS Z42TestBenchExamples.bench_string_contains
bench[string_replace] min=3875ns median=3917ns max=4334ns mean=3964ns stddev=111ns samples=20
  PASS Z42TestBenchExamples.bench_string_replace
bench[string_split_join] min=7750ns median=7917ns max=9208ns mean=7964ns stddev=305ns samples=20
  PASS Z42TestBenchExamples.bench_string_split_join
bench[bench_integer_sum_loop] min=21708ns median=23000ns max=2696750ns mean=25178ns stddev=64025ns samples=2000
  PASS Z42TestBenchExamples.bench_integer_sum_loop
  PASS Z42TestBenchExamples.test_example_bench_bodies_run

  Result: 6 passed, 0 failed, 0 skipped

── z42.text (bench, z42b) : 1 unit(s) ──

── bench target: text_bench ──
compiled: /Users/d.s.qiu/Documents/codesigner-ui/z42-callarity/src/libraries/z42.text/artifacts/z42.text/debug/build/app.zpkg
compiled: /Users/d.s.qiu/Documents/codesigner-ui/z42-callarity/src/libraries/z42.text/artifacts/bench-targets/text_bench/build/app.zpkg
bench[stringbuilder_append] min=44542ns median=45250ns max=46291ns mean=45300ns stddev=461ns samples=20
  PASS Z42TextBench.bench_stringbuilder_append
bench[levenshtein] min=50167ns median=50458ns max=69875ns mean=51835ns stddev=4401ns samples=20
  PASS Z42TextBench.bench_levenshtein
bench[strings_repeat_pad] min=9375ns median=9583ns max=9833ns mean=9602ns stddev=131ns samples=20
  PASS Z42TextBench.bench_strings_repeat_pad
  PASS Z42TextBench.test_text_bench_bodies_run

  Result: 4 passed, 0 failed, 0 skipped

── test target: channel_basic ──
compiled: /Users/d.s.qiu/Documents/codesigner-ui/z42-callarity/src/libraries/z42.threading/artifacts/z42.threading/debug/build/app.zpkg
compiled: /Users/d.s.qiu/Documents/codesigner-ui/z42-callarity/src/libraries/z42.threading/artifacts/test-targets/channel_basic/build/app.zpkg
  PASS Z42ThreadingChannelBasicTests.test_single_send_then_recv_same_thread
  PASS Z42ThreadingChannelBasicTests.test_multi_send_recv_fifo_order
  PASS Z42ThreadingChannelBasicTests.test_try_recv_empty_returns_discriminator_1
  PASS Z42ThreadingChannelBasicTests.test_try_recv_with_pending_returns_value
  PASS Z42ThreadingChannelBasicTests.test_producer_consumer_hand_off_across_threads

  Result: 5 passed, 0 failed, 0 skipped

── test target: channel_bounded ──
compiled: /Users/d.s.qiu/Documents/codesigner-ui/z42-callarity/src/libraries/z42.threading/artifacts/z42.threading/debug/build/app.zpkg
compiled: /Users/d.s.qiu/Documents/codesigner-ui/z42-callarity/src/libraries/z42.threading/artifacts/test-targets/channel_bounded/build/app.zpkg
  PASS Z42ThreadingChannelBoundedTests.test_bounded_basic_send_recv
  PASS Z42ThreadingChannelBoundedTests.test_bounded_back_pressure_with_slow_consumer

  Result: 2 passed, 0 failed, 0 skipped

── test target: channel_disconnect ──
compiled: /Users/d.s.qiu/Documents/codesigner-ui/z42-callarity/src/libraries/z42.threading/artifacts/z42.threading/debug/build/app.zpkg
compiled: /Users/d.s.qiu/Documents/codesigner-ui/z42-callarity/src/libraries/z42.threading/artifacts/test-targets/channel_disconnect/build/app.zpkg
  PASS Z42ThreadingChannelDisconnectTests.test_close_then_recv_throws_disconnected
  PASS Z42ThreadingChannelDisconnectTests.test_close_drains_pending_before_disconnect
  PASS Z42ThreadingChannelDisconnectTests.test_try_recv_after_close_drained_returns_discriminator_2

  Result: 3 passed, 0 failed, 0 skipped

── test target: gc_park_while_blocked ──
compiled: /Users/d.s.qiu/Documents/codesigner-ui/z42-callarity/src/libraries/z42.threading/artifacts/z42.threading/debug/build/app.zpkg
compiled: /Users/d.s.qiu/Documents/codesigner-ui/z42-callarity/src/libraries/z42.threading/artifacts/test-targets/gc_park_while_blocked/build/app.zpkg
  PASS Z42ThreadingGcParkWhileBlockedTests.test_channel_recv_parks_while_producer_allocates
  PASS Z42ThreadingGcParkWhileBlockedTests.test_thread_join_parks_while_worker_allocates
  PASS Z42ThreadingGcParkWhileBlockedTests.test_mutex_acquire_parks_while_holder_allocates

  Result: 3 passed, 0 failed, 0 skipped

── test target: gc_spawn_env_root ──
compiled: /Users/d.s.qiu/Documents/codesigner-ui/z42-callarity/src/libraries/z42.threading/artifacts/z42.threading/debug/build/app.zpkg
compiled: /Users/d.s.qiu/Documents/codesigner-ui/z42-callarity/src/libraries/z42.threading/artifacts/test-targets/gc_spawn_env_root/build/app.zpkg
  PASS Z42ThreadingGcSpawnEnvRootTests.test_spawned_action_env_survives_a_collection_before_the_worker_starts

  Result: 1 passed, 0 failed, 0 skipped

── test target: gc_sync_values_rooted ──
compiled: /Users/d.s.qiu/Documents/codesigner-ui/z42-callarity/src/libraries/z42.threading/artifacts/z42.threading/debug/build/app.zpkg
compiled: /Users/d.s.qiu/Documents/codesigner-ui/z42-callarity/src/libraries/z42.threading/artifacts/test-targets/gc_sync_values_rooted/build/app.zpkg
  PASS Z42ThreadingGcSyncValuesRootedTests.test_channel_queued_values_survive_collection
  PASS Z42ThreadingGcSyncValuesRootedTests.test_unbounded_channel_queued_values_survive_collection
  PASS Z42ThreadingGcSyncValuesRootedTests.test_mutex_value_survives_collection
  PASS Z42ThreadingGcSyncValuesRootedTests.test_mutex_stored_value_survives_collection
  PASS Z42ThreadingGcSyncValuesRootedTests.test_rwlock_value_survives_collection_read
  PASS Z42ThreadingGcSyncValuesRootedTests.test_rwlock_value_survives_collection_write
  PASS Z42ThreadingGcSyncValuesRootedTests.test_rwlock_stored_value_survives_collection
  PASS Z42ThreadingGcSyncValuesRootedTests.test_abandoned_mutex_does_not_retain_value

  Result: 8 passed, 0 failed, 0 skipped

── test target: lock_release_on_throw ──
compiled: /Users/d.s.qiu/Documents/codesigner-ui/z42-callarity/src/libraries/z42.threading/artifacts/z42.threading/debug/build/app.zpkg
compiled: /Users/d.s.qiu/Documents/codesigner-ui/z42-callarity/src/libraries/z42.threading/artifacts/test-targets/lock_release_on_throw/build/app.zpkg
  PASS Z42ThreadingLockReleaseOnThrowTests.test_mutex_releases_lock_when_body_throws
  PASS Z42ThreadingLockReleaseOnThrowTests.test_rwlock_write_releases_lock_when_body_throws
  PASS Z42ThreadingLockReleaseOnThrowTests.test_rwlock_read_releases_lock_when_body_throws
  PASS Z42ThreadingLockReleaseOnThrowTests.test_trywrite_releases_lock_when_body_throws
  PASS Z42ThreadingLockReleaseOnThrowTests.test_tryread_releases_lock_when_body_throws

  Result: 5 passed, 0 failed, 0 skipped

── test target: mutex_basic ──
compiled: /Users/d.s.qiu/Documents/codesigner-ui/z42-callarity/src/libraries/z42.threading/artifacts/z42.threading/debug/build/app.zpkg
compiled: /Users/d.s.qiu/Documents/codesigner-ui/z42-callarity/src/libraries/z42.threading/artifacts/test-targets/mutex_basic/build/app.zpkg
  PASS Z42ThreadingMutexBasicTests.test_mutex_single_thread_lock_increment
  PASS Z42ThreadingMutexBasicTests.test_two_workers_concurrent_increments_serialised

  Result: 2 passed, 0 failed, 0 skipped

── test target: rwlock_basic ──
compiled: /Users/d.s.qiu/Documents/codesigner-ui/z42-callarity/src/libraries/z42.threading/artifacts/z42.threading/debug/build/app.zpkg
compiled: /Users/d.s.qiu/Documents/codesigner-ui/z42-callarity/src/libraries/z42.threading/artifacts/test-targets/rwlock_basic/build/app.zpkg
  PASS Z42ThreadingRwLockBasicTests.test_single_thread_read_write_cycle
  PASS Z42ThreadingRwLockBasicTests.test_concurrent_readers_observe_consistent
  PASS Z42ThreadingRwLockBasicTests.test_writer_blocks_readers_then_unblocks

  Result: 3 passed, 0 failed, 0 skipped

── test target: sync_semantics_edges ──
compiled: /Users/d.s.qiu/Documents/codesigner-ui/z42-callarity/src/libraries/z42.threading/artifacts/z42.threading/debug/build/app.zpkg
compiled: /Users/d.s.qiu/Documents/codesigner-ui/z42-callarity/src/libraries/z42.threading/artifacts/test-targets/sync_semantics_edges/build/app.zpkg
  PASS Z42ThreadingSyncSemanticsEdgesTests.test_mutex_reentrant_lock_throws_and_outer_still_commits
  PASS Z42ThreadingSyncSemanticsEdgesTests.test_rwlock_write_inside_write_throws
  PASS Z42ThreadingSyncSemanticsEdgesTests.test_rwlock_read_inside_write_throws
  PASS Z42ThreadingSyncSemanticsEdgesTests.test_send_after_close_throws_channel_disconnected
  PASS Z42ThreadingSyncSemanticsEdgesTests.test_negative_capacity_throws
  PASS Z42ThreadingSyncSemanticsEdgesTests.test_rendezvous_send_blocks_until_received
  PASS Z42ThreadingSyncSemanticsEdgesTests.test_rendezvous_try_send_without_receiver_fails
  PASS Z42ThreadingSyncSemanticsEdgesTests.test_unbounded_growth_across_wraparound_preserves_order
  PASS Z42ThreadingSyncSemanticsEdgesTests.test_cross_thread_objects_survive_gc_pressure
  PASS Z42ThreadingSyncSemanticsEdgesTests.test_close_releases_all_blocked_receivers

  Result: 10 passed, 0 failed, 0 skipped

── test target: thread_basic ──
compiled: /Users/d.s.qiu/Documents/codesigner-ui/z42-callarity/src/libraries/z42.threading/artifacts/z42.threading/debug/build/app.zpkg
compiled: /Users/d.s.qiu/Documents/codesigner-ui/z42-callarity/src/libraries/z42.threading/artifacts/test-targets/thread_basic/build/app.zpkg
  PASS Z42ThreadingBasicTests.test_spawn_empty_action_then_join
  PASS Z42ThreadingBasicTests.test_join_after_join_throws_thread_exception

  Result: 2 passed, 0 failed, 0 skipped

── test target: thread_many ──
compiled: /Users/d.s.qiu/Documents/codesigner-ui/z42-callarity/src/libraries/z42.threading/artifacts/z42.threading/debug/build/app.zpkg
compiled: /Users/d.s.qiu/Documents/codesigner-ui/z42-callarity/src/libraries/z42.threading/artifacts/test-targets/thread_many/build/app.zpkg
  PASS Z42ThreadingManyTests.test_spawn_ten_threads_all_join
  PASS Z42ThreadingManyTests.test_spawn_many_slot_ids_unique_and_monotonic

  Result: 2 passed, 0 failed, 0 skipped

── test target: thread_shared_static ──
compiled: /Users/d.s.qiu/Documents/codesigner-ui/z42-callarity/src/libraries/z42.threading/artifacts/z42.threading/debug/build/app.zpkg
compiled: /Users/d.s.qiu/Documents/codesigner-ui/z42-callarity/src/libraries/z42.threading/artifacts/test-targets/thread_shared_static/build/app.zpkg
  PASS Z42ThreadingSharedStaticTests.test_worker_write_visible_after_join
  PASS Z42ThreadingSharedStaticTests.test_two_workers_then_join_sum_observed

  Result: 2 passed, 0 failed, 0 skipped

── test target: thread_sleep ──
compiled: /Users/d.s.qiu/Documents/codesigner-ui/z42-callarity/src/libraries/z42.threading/artifacts/z42.threading/debug/build/app.zpkg
compiled: /Users/d.s.qiu/Documents/codesigner-ui/z42-callarity/src/libraries/z42.threading/artifacts/test-targets/thread_sleep/build/app.zpkg
  PASS Z42ThreadingThreadSleepTests.test_sleep_actually_blocks
  PASS Z42ThreadingThreadSleepTests.test_sleep_zero_returns_immediately
  PASS Z42ThreadingThreadSleepTests.test_sleep_negative_saturates_to_zero

  Result: 3 passed, 0 failed, 0 skipped

── test target: thread_throws ──
compiled: /Users/d.s.qiu/Documents/codesigner-ui/z42-callarity/src/libraries/z42.threading/artifacts/z42.threading/debug/build/app.zpkg
compiled: /Users/d.s.qiu/Documents/codesigner-ui/z42-callarity/src/libraries/z42.threading/artifacts/test-targets/thread_throws/build/app.zpkg
  PASS Z42ThreadingThrowsTests.test_worker_throw_propagates_as_thread_exception
  PASS Z42ThreadingThrowsTests.test_worker_throw_subclass_propagates_as_thread_exception

  Result: 2 passed, 0 failed, 0 skipped

── test target: timer_basic ──
compiled: /Users/d.s.qiu/Documents/codesigner-ui/z42-callarity/src/libraries/z42.threading/artifacts/z42.threading/debug/build/app.zpkg
compiled: /Users/d.s.qiu/Documents/codesigner-ui/z42-callarity/src/libraries/z42.threading/artifacts/test-targets/timer_basic/build/app.zpkg
  PASS Z42ThreadingTimerTests.test_periodic_fires_multiple_times
  PASS Z42ThreadingTimerTests.test_start_once_fires_exactly_once
  PASS Z42ThreadingTimerTests.test_start_once_cancelled_before_fire
  PASS Z42ThreadingTimerTests.test_stop_responsive_for_large_interval
  PASS Z42ThreadingTimerTests.test_stop_idempotent
  PASS Z42ThreadingTimerTests.test_callback_exception_does_not_kill_timer
  PASS Z42ThreadingTimerTests.test_stop_and_join_waits_for_in_flight_callback
  PASS Z42ThreadingTimerTests.test_is_running_reflects_state
  PASS Z42ThreadingTimerTests.test_zero_interval_throws_argument_exception
  PASS Z42ThreadingTimerTests.test_negative_delay_once_throws

  Result: 10 passed, 0 failed, 0 skipped

── test target: try_variants ──
compiled: /Users/d.s.qiu/Documents/codesigner-ui/z42-callarity/src/libraries/z42.threading/artifacts/z42.threading/debug/build/app.zpkg
compiled: /Users/d.s.qiu/Documents/codesigner-ui/z42-callarity/src/libraries/z42.threading/artifacts/test-targets/try_variants/build/app.zpkg
  PASS Z42ThreadingTryVariantsTests.test_try_send_unbounded_succeeds
  PASS Z42ThreadingTryVariantsTests.test_try_send_bounded_full_returns_false
  PASS Z42ThreadingTryVariantsTests.test_try_send_closed_returns_false
  PASS Z42ThreadingTryVariantsTests.test_try_read_uncontended_succeeds
  PASS Z42ThreadingTryVariantsTests.test_try_write_uncontended_succeeds

  Result: 5 passed, 0 failed, 0 skipped
[ERROR 2026-09-14T15:54:20.992Z] Timer.StartPeriodic: callback threw: first fire intentionally fails

── z42.toml (bench, z42b) : 1 unit(s) ──

── bench target: toml_bench ──
compiled: /Users/d.s.qiu/Documents/codesigner-ui/z42-callarity/src/libraries/z42.toml/artifacts/z42.toml/debug/build/app.zpkg
compiled: /Users/d.s.qiu/Documents/codesigner-ui/z42-callarity/src/libraries/z42.toml/artifacts/bench-targets/toml_bench/build/app.zpkg
bench[toml_parse] min=254416ns median=257125ns max=263875ns mean=257685ns stddev=2286ns samples=20
  PASS Z42TomlBench.bench_toml_parse
  PASS Z42TomlBench.test_toml_bench_bodies_run

  Result: 2 passed, 0 failed, 0 skipped

── z42.uri (bench, z42b) : 1 unit(s) ──

── bench target: uri_bench ──
compiled: /Users/d.s.qiu/Documents/codesigner-ui/z42-callarity/src/libraries/z42.uri/artifacts/z42.uri/debug/build/app.zpkg
compiled: /Users/d.s.qiu/Documents/codesigner-ui/z42-callarity/src/libraries/z42.uri/artifacts/bench-targets/uri_bench/build/app.zpkg
bench[uri_parse] min=95375ns median=96875ns max=103250ns mean=97526ns stddev=2086ns samples=20
  PASS Z42UriBench.bench_uri_parse
bench[encode_decode_component] min=55375ns median=56542ns max=61334ns mean=56720ns stddev=1271ns samples=20
  PASS Z42UriBench.bench_encode_decode_component
  PASS Z42UriBench.test_uri_bench_bodies_run

  Result: 3 passed, 0 failed, 0 skipped

── z42.yaml (bench, z42b) : 1 unit(s) ──

── bench target: yaml_bench ──
compiled: /Users/d.s.qiu/Documents/codesigner-ui/z42-callarity/src/libraries/z42.yaml/artifacts/z42.yaml/debug/build/app.zpkg
compiled: /Users/d.s.qiu/Documents/codesigner-ui/z42-callarity/src/libraries/z42.yaml/artifacts/bench-targets/yaml_bench/build/app.zpkg
bench[yaml_parse] min=244083ns median=252209ns max=292916ns mean=253131ns stddev=10328ns samples=20
  PASS Z42YamlBench.bench_yaml_parse
  PASS Z42YamlBench.test_yaml_bench_bodies_run

  Result: 2 passed, 0 failed, 0 skipped

── test target: diag ──
compiled: /Users/d.s.qiu/Documents/codesigner-ui/z42-callarity/src/libraries/z42c.core/artifacts/z42c.core/debug/build/app.zpkg
compiled: /Users/d.s.qiu/Documents/codesigner-ui/z42-callarity/src/libraries/z42c.core/artifacts/test-targets/diag/build/app.zpkg
  PASS Z42cCoreDiagTests.test_span_fields
  PASS Z42cCoreDiagTests.test_diagnostic_error_factory
  PASS Z42cCoreDiagTests.test_diagnostic_warning_factory
  PASS Z42cCoreDiagTests.test_diagnostic_format
  PASS Z42cCoreDiagTests.test_bag_counts
  PASS Z42cCoreDiagTests.test_bag_get_and_grow
  PASS Z42cCoreDiagTests.test_diagnostic_codes_values

  Result: 7 passed, 0 failed, 0 skipped

── test target: features ──
compiled: /Users/d.s.qiu/Documents/codesigner-ui/z42-callarity/src/libraries/z42c.core/artifacts/z42c.core/debug/build/app.zpkg
compiled: /Users/d.s.qiu/Documents/codesigner-ui/z42-callarity/src/libraries/z42c.core/artifacts/test-targets/features/build/app.zpkg
  PASS Z42cCoreFeaturesTests.test_phase1_profile_all_on
  PASS Z42cCoreFeaturesTests.test_minimal_profile_subset
  PASS Z42cCoreFeaturesTests.test_unknown_feature_is_false
  PASS Z42cCoreFeaturesTests.test_set_upsert_overrides

  Result: 4 passed, 0 failed, 0 skipped

── test target: decl ──
compiled: /Users/d.s.qiu/Documents/codesigner-ui/z42-callarity/src/libraries/z42c.syntax/artifacts/z42c.syntax/debug/build/app.zpkg
compiled: /Users/d.s.qiu/Documents/codesigner-ui/z42-callarity/src/libraries/z42c.syntax/artifacts/test-targets/decl/build/app.zpkg
  PASS Z42cSyntaxDeclTests.test_namespace_and_usings
  PASS Z42cSyntaxDeclTests.test_empty_class
  PASS Z42cSyntaxDeclTests.test_class_modifiers_and_base
  PASS Z42cSyntaxDeclTests.test_fields
  PASS Z42cSyntaxDeclTests.test_const_field
  PASS Z42cSyntaxDeclTests.test_method
  PASS Z42cSyntaxDeclTests.test_constructor
  PASS Z42cSyntaxDeclTests.test_abstract_method_no_body
  PASS Z42cSyntaxDeclTests.test_generic_and_array_types
  PASS Z42cSyntaxDeclTests.test_nested_generic_type
  PASS Z42cSyntaxDeclTests.test_full_class
  PASS Z42cSyntaxDeclTests.test_struct
  PASS Z42cSyntaxDeclTests.test_interface
  PASS Z42cSyntaxDeclTests.test_enum
  PASS Z42cSyntaxDeclTests.test_top_level_func
  PASS Z42cSyntaxDeclTests.test_delegate
  PASS Z42cSyntaxDeclTests.test_record
  PASS Z42cSyntaxDeclTests.test_record_keyword_removed
  PASS Z42cSyntaxDeclTests.test_property
  PASS Z42cSyntaxDeclTests.test_property_in_interface
  PASS Z42cSyntaxDeclTests.test_computed_property_getter
  PASS Z42cSyntaxDeclTests.test_expression_bodied_property
  PASS Z42cSyntaxDeclTests.test_expression_bodied_indexer
  PASS Z42cSyntaxDeclTests.test_generic_type_decl
  PASS Z42cSyntaxDeclTests.test_generic_method
  PASS Z42cSyntaxDeclTests.test_generic_delegate_and_record
  PASS Z42cSyntaxDeclTests.test_generic_where_constraints
  PASS Z42cSyntaxDeclTests.test_attribute_on_member
  PASS Z42cSyntaxDeclTests.test_attribute_on_type
  PASS Z42cSyntaxDeclTests.test_attribute_named_args
  PASS Z42cSyntaxDeclTests.test_params_not_last_error
  PASS Z42cSyntaxDeclTests.test_params_not_array_error
  PASS Z42cSyntaxDeclTests.test_params_modifier_conflict_with_ref_error
  PASS Z42cSyntaxDeclTests.test_params_modifier_conflict_with_default_error
  PASS Z42cSyntaxDeclTests.test_params_valid_no_error
  PASS Z42cSyntaxDeclTests.test_assoc_type_decl_in_interface
  PASS Z42cSyntaxDeclTests.test_assoc_type_binding_in_class
  PASS Z42cSyntaxDeclTests.test_assoc_type_binding_in_where_clause
  PASS Z42cSyntaxDeclTests.test_assoc_binding_not_allowed_in_ordinary_type_position
  PASS Z42cSyntaxDeclTests.test_type_as_identifier_still_parses

  Result: 40 passed, 0 failed, 0 skipped

── test target: dump ──
compiled: /Users/d.s.qiu/Documents/codesigner-ui/z42-callarity/src/libraries/z42c.syntax/artifacts/z42c.syntax/debug/build/app.zpkg
compiled: /Users/d.s.qiu/Documents/codesigner-ui/z42-callarity/src/libraries/z42c.syntax/artifacts/test-targets/dump/build/app.zpkg
  PASS Z42cSyntaxDumpTests.test_dump_tokens
  PASS Z42cSyntaxDumpTests.test_dump_ast

  Result: 2 passed, 0 failed, 0 skipped

── test target: incomplete_at_eof ──
compiled: /Users/d.s.qiu/Documents/codesigner-ui/z42-callarity/src/libraries/z42c.syntax/artifacts/z42c.syntax/debug/build/app.zpkg
compiled: /Users/d.s.qiu/Documents/codesigner-ui/z42-callarity/src/libraries/z42c.syntax/artifacts/test-targets/incomplete_at_eof/build/app.zpkg
  PASS Z42cSyntaxIncompleteTests.test_type_decl_missing_body
  PASS Z42cSyntaxIncompleteTests.test_type_decl_complete_not_incomplete
  PASS Z42cSyntaxIncompleteTests.test_missing_decl_name
  PASS Z42cSyntaxIncompleteTests.test_free_function_body
  PASS Z42cSyntaxIncompleteTests.test_expression_dangling_operator
  PASS Z42cSyntaxIncompleteTests.test_statement_missing_brace
  PASS Z42cSyntaxIncompleteTests.test_expression_without_semicolon_is_complete
  PASS Z42cSyntaxIncompleteTests.test_real_error_is_not_incomplete

  Result: 8 passed, 0 failed, 0 skipped

── test target: lexer ──
compiled: /Users/d.s.qiu/Documents/codesigner-ui/z42-callarity/src/libraries/z42c.syntax/artifacts/z42c.syntax/debug/build/app.zpkg
compiled: /Users/d.s.qiu/Documents/codesigner-ui/z42-callarity/src/libraries/z42c.syntax/artifacts/test-targets/lexer/build/app.zpkg
  PASS Z42cSyntaxLexerTests.test_identifier
  PASS Z42cSyntaxLexerTests.test_keywords
  PASS Z42cSyntaxLexerTests.test_underscore_is_own_token
  PASS Z42cSyntaxLexerTests.test_int_and_float
  PASS Z42cSyntaxLexerTests.test_member_access_not_float
  PASS Z42cSyntaxLexerTests.test_string_literal
  PASS Z42cSyntaxLexerTests.test_symbols_longest_match
  PASS Z42cSyntaxLexerTests.test_snippet_token_sequence
  PASS Z42cSyntaxLexerTests.test_comments_skipped
  PASS Z42cSyntaxLexerTests.test_hex_bin_literals
  PASS Z42cSyntaxLexerTests.test_digit_separators
  PASS Z42cSyntaxLexerTests.test_numeric_suffixes
  PASS Z42cSyntaxLexerTests.test_float_exponent
  PASS Z42cSyntaxLexerTests.test_raw_string
  PASS Z42cSyntaxLexerTests.test_interpolated_string
  PASS Z42cSyntaxLexerTests.test_decode_string
  PASS Z42cSyntaxLexerTests.test_line_column_tracking
  PASS Z42cSyntaxLexerTests.test_char_literal_tokens
  PASS Z42cSyntaxLexerTests.test_decode_control_escapes
  PASS Z42cSyntaxLexerTests.test_invalid_escape_string_reports_e0102
  PASS Z42cSyntaxLexerTests.test_invalid_escape_char_reports_e0102
  PASS Z42cSyntaxLexerTests.test_invalid_escape_interpolated_reports_e0102
  PASS Z42cSyntaxLexerTests.test_invalid_escape_surfaces_through_parser
  PASS Z42cSyntaxLexerTests.test_unterminated_string_still_incomplete
  PASS Z42cSyntaxLexerTests.test_valid_escapes_no_diag
  PASS Z42cSyntaxLexerTests.test_keyword_table_accessors
  PASS Z42cSyntaxLexerTests.test_dump_keywords_matches_table

  Result: 27 passed, 0 failed, 0 skipped

── test target: parser ──
compiled: /Users/d.s.qiu/Documents/codesigner-ui/z42-callarity/src/libraries/z42c.syntax/artifacts/z42c.syntax/debug/build/app.zpkg
compiled: /Users/d.s.qiu/Documents/codesigner-ui/z42-callarity/src/libraries/z42c.syntax/artifacts/test-targets/parser/build/app.zpkg
  PASS Z42cSyntaxParserTests.test_literal_and_ident
  PASS Z42cSyntaxParserTests.test_simple_binary
  PASS Z42cSyntaxParserTests.test_precedence_mul_over_add
  PASS Z42cSyntaxParserTests.test_parens_override_precedence
  PASS Z42cSyntaxParserTests.test_left_associativity
  PASS Z42cSyntaxParserTests.test_logical_precedence
  PASS Z42cSyntaxParserTests.test_comparison_and_arithmetic
  PASS Z42cSyntaxParserTests.test_unary
  PASS Z42cSyntaxParserTests.test_mixed_complex
  PASS Z42cSyntaxParserTests.test_member_access
  PASS Z42cSyntaxParserTests.test_call
  PASS Z42cSyntaxParserTests.test_index
  PASS Z42cSyntaxParserTests.test_index_multidim
  PASS Z42cSyntaxParserTests.test_assign_right_assoc
  PASS Z42cSyntaxParserTests.test_ternary
  PASS Z42cSyntaxParserTests.test_bitwise_precedence
  PASS Z42cSyntaxParserTests.test_null_coalescing
  PASS Z42cSyntaxParserTests.test_is_as
  PASS Z42cSyntaxParserTests.test_compound_assign
  PASS Z42cSyntaxParserTests.test_new
  PASS Z42cSyntaxParserTests.test_type_expr_forms
  PASS Z42cSyntaxParserTests.test_parse_partial_type_modifiers
  PASS Z42cSyntaxParserTests.test_parse_partial_method_no_body

  Result: 23 passed, 0 failed, 0 skipped

── test target: stmt ──
compiled: /Users/d.s.qiu/Documents/codesigner-ui/z42-callarity/src/libraries/z42c.syntax/artifacts/z42c.syntax/debug/build/app.zpkg
compiled: /Users/d.s.qiu/Documents/codesigner-ui/z42-callarity/src/libraries/z42c.syntax/artifacts/test-targets/stmt/build/app.zpkg
  PASS Z42cSyntaxStmtTests.test_var_decl
  PASS Z42cSyntaxStmtTests.test_const_local
  PASS Z42cSyntaxStmtTests.test_return
  PASS Z42cSyntaxStmtTests.test_expr_stmt
  PASS Z42cSyntaxStmtTests.test_block
  PASS Z42cSyntaxStmtTests.test_if
  PASS Z42cSyntaxStmtTests.test_while
  PASS Z42cSyntaxStmtTests.test_nested
  PASS Z42cSyntaxStmtTests.test_foreach
  PASS Z42cSyntaxStmtTests.test_break_continue
  PASS Z42cSyntaxStmtTests.test_throw
  PASS Z42cSyntaxStmtTests.test_ternary_in_stmt
  PASS Z42cSyntaxStmtTests.test_for
  PASS Z42cSyntaxStmtTests.test_do_while
  PASS Z42cSyntaxStmtTests.test_switch
  PASS Z42cSyntaxStmtTests.test_try
  PASS Z42cSyntaxStmtTests.test_stmt_spans
  PASS Z42cSyntaxStmtTests.test_using_in_function_body_is_one_clear_error
  PASS Z42cSyntaxStmtTests.test_namespace_in_function_body_is_reported_too
  PASS Z42cSyntaxStmtTests.test_global_using_in_function_body_is_reported
  PASS Z42cSyntaxStmtTests.test_top_level_using_still_parses
  PASS Z42cSyntaxStmtTests.test_second_file_scoped_namespace_is_reported
  PASS Z42cSyntaxStmtTests.test_duplicate_namespace_keeps_the_first
  PASS Z42cSyntaxStmtTests.test_namespace_after_type_declaration_is_reported
  PASS Z42cSyntaxStmtTests.test_namespace_after_usings_is_fine
  PASS Z42cSyntaxStmtTests.test_single_namespace_at_top_reports_nothing

  Result: 26 passed, 0 failed, 0 skipped

════════════════════════════════════════════════
  ✅ stdlib bench: all 19 file(s) passed (in 14 lib(s))
--- stage: stdlib [Benchmark] — 5m02s ---

=== stage: manifest targets ([[test]]) ===
→ Building z42b (z42.builder.zpkg; reflective test runner)...
cached: 14/14 files
no changes; preserved -> /Users/d.s.qiu/Documents/codesigner-ui/z42-callarity/src/toolchain/builder/core/../../../../artifacts/build/toolchain/builder/z42.builder.zpkg

── basic (3 test) ──

── test target: auto_conv ──
compiled: /Users/d.s.qiu/Documents/codesigner-ui/z42-callarity/src/tests/manifest-targets/basic/artifacts/test-targets/auto_conv/build/app.zpkg
  PASS MtAuto.auto_conv_runs

  Result: 1 passed, 0 failed, 0 skipped

── test target: exit_ok ──
compiled: /Users/d.s.qiu/Documents/codesigner-ui/z42-callarity/src/tests/manifest-targets/basic/artifacts/test-targets/exit_ok/build/app.zpkg
exit_ok: pass
  ✓ exit_ok (harness=false, exit 0)

── test target: unit_ok ──
compiled: /Users/d.s.qiu/Documents/codesigner-ui/z42-callarity/src/tests/manifest-targets/basic/artifacts/test-targets/unit_ok/build/app.zpkg
  PASS MtUnit.unit_ok_add
  PASS MtUnit.unit_ok_bool

  Result: 2 passed, 0 failed, 0 skipped

── compile-then-test (z42b test <z42.toml>) ──
compiled: /Users/d.s.qiu/Documents/codesigner-ui/z42-callarity/src/tests/manifest-targets/compile-then-test/artifacts/compile-then-test/debug/build/app.zpkg
Error: uncaught exception: Std.MissingSymbolException: `Z42Builder._pubBundleProjectDeps` resolved to a definition whose signature does not match this call (it takes 4 physical argument(s), the call passes 3); the loaded package may differ from the one this code was compiled against
  at Z42Builder._buildProject(Std.Cli.ParseResult,string) (builder_commands.z42:69:13)
  at Z42Builder._runDevTargets(Std.Cli.ParseResult,string,string) (builder_test.z42:168:9)
  at Z42Builder._runModule(Std.Cli.ParseResult,string) (builder_test.z42:75:5)
  at Z42Builder._cmdTest(Std.Cli.ParseResult) (builder_test.z42:21:32)
  at Z42Builder._dispatchBuilder(Std.Cli.CommandResolution) (builder_cli.z42:155:5)
  at Z42Builder._runBuilder(string[]) (builder_cli.z42:34:5)
  at Z42Builder.Main() (builder_cli.z42:18:5)
  ❌ compile-then-test: `z42b test <toml>` exited 1

── dev-target internal (z42b test <toml>：按目标编译 + 可见父包 internal) ──

── test target: dirunit ──
compiled: /Users/d.s.qiu/Documents/codesigner-ui/z42-callarity/src/tests/z42b/dev-target-internal/artifacts/dt.internal/debug/build/app.zpkg
compiled: /Users/d.s.qiu/Documents/codesigner-ui/z42-callarity/src/tests/z42b/dev-target-internal/artifacts/test-targets/dirunit/build/app.zpkg
  PASS DtInternalDirUnitTests.test_dir_unit_sees_sibling_file
  PASS DtInternalDirUnitTests.test_dir_unit_sees_parent_internal
  PASS DtInternalDirUnitTests.test_should_throw_survives_zpkg_packaging

  Result: 3 passed, 0 failed, 0 skipped

── test target: internals_tests ──
compiled: /Users/d.s.qiu/Documents/codesigner-ui/z42-callarity/src/tests/z42b/dev-target-internal/artifacts/dt.internal/debug/build/app.zpkg
compiled: /Users/d.s.qiu/Documents/codesigner-ui/z42-callarity/src/tests/z42b/dev-target-internal/artifacts/test-targets/internals_tests/build/app.zpkg
  PASS Dt.Internal.Tests.test_internal_class_visible
  PASS Dt.Internal.Tests.test_internal_member_visible
  PASS Dt.Internal.Tests.test_public_still_works

  Result: 3 passed, 0 failed, 0 skipped
  ✅ dev-target internal: 目标按源隔离编译，且可见父包 internal

── orphan-source guard (有源零单元必须判红) ──
z42b test: /Users/d.s.qiu/Documents/codesigner-ui/z42-callarity/src/tests/z42b/orphan-source/tests/ 下有 .z42 源，却一个 test 目标都没发现
  生效的发现 glob：`tests/*.z42`（一文件一单元；目录单元须显式配，如 `<dir>/<name>/**/*.z42`）
  确实不该有约定单元 → 在清单里写 `auto = false` 显式声明（欠债记在你自己的清单里）
  ✅ orphan-source guard: 有源零单元判红（rc=1）

── no-tests (没有测试的库不得判红) ──
z42b test: 本清单未声明任何 test 目标，且本包源里没有 [Test]/[Benchmark] —— 无事可做
  ✅ no-tests: 无测试的库退 0（无事可做）

── list targets (z42b test --list：只列不跑) ──
  ✅ list targets: 2 个目标名，未编译未运行

── harness=false (z42b 直接跑自驱 Main，退出码判定) ──

── test target: exit_ok ──
compiled: /Users/d.s.qiu/Documents/codesigner-ui/z42-callarity/src/tests/manifest-targets/basic/artifacts/test-targets/exit_ok/build/app.zpkg
exit_ok: pass
  ✓ exit_ok (harness=false, exit 0)
  ✅ harness=false: 自驱 Main 经子进程跑通，退出码判定生效

── bundle-host (z42b test <manifest.json> --rid host) ──
{"tool":"z42b","module":"bundle","summary":{"total":1,"passed":1,"failed":0,"skipped":0},"results":[{"name":"BundleHostSmoke.bundle_host_ok","status":"passed","is_benchmark":false}]}
  ✅ bundle-host: `z42b test <manifest> --rid host` passed

  ❌ manifest-target test: 1 failure(s)
